founded,top_competitor,employees,ceo,name
"  april 1, 1976",samsung,"  100,000",timothy d cook,apple
"  april 4, 1975",oracle,"  181,000",satya nadella,microsoft
,exxonmobil,,amin h nasser,aramco
"  october 2, 2015",meta,"  156,500",sundar pichai,alphabet
"  july 5, 1994",alibaba,"  1,608,000",andrew r jassy,amazon
"  july 1, 2003",volkswagen,"  99,290",elon r musk,tesla
  1839,grupo elektra sab de cv,"  372,000",warren e buffett,berkshire hathaway
"  april 5, 1993",tsmc,"  22,473",jen-hsun huang,nvidia
"  january 4, 2004",alphabet,"  71,970",mark elliot zuckerberg,meta
"  industrial technology research institute, hsinchu, taiwan.1987",nvidia,"  54,193",c c wei,tsmc
  1977,cvs health,"  350,000",sir andrew philip witty,unitedhealth group
"  september 18, 1958",mastercard,"  21,500",alfred francis kelly jr,visa
  january 1886,roche,"  141,700",joaquin duato,johnson & johnson
,alphabet,"  112,771",huateng pony ma,tencent
"  july 2, 1962",costco,"  2,300,000",c douglas mcmillon,walmart
"  december 1, 2000",bank of america,"  271,025",james dimon,jpmorgan
"  october 31, 1837",l'oreal,"  101,000",jon r moeller,procter & gamble
,apple,,jong-hee han,samsung
,hermes,"  148,343",bernard arnault,lvmh
  1966,visa,"  24,000",michael miebach,mastercard
  1998,jpmorgan,"  208,000",brian thomas moynihan,bank of america
,johnson & johnson,"  100,920",severin schwan phd,roche
"  november 30, 1999",aramco,"  63,000",darren w woods,exxonmobil
,diageo plc,"  29,031",,kweichow moutai
"  february 6, 1978",lowe's,"  490,600",edward p decker,home depot
"  september 10, 1879",aramco,"  42,595",michael k wirth,chevron
  1849,johnson & johnson,"  79,000",albert bourla dvm dvm phd,pfizer
  2013,johnson & johnson,"  50,000",richard a gonzalez,abbvie
  28 june 1999,amazon,"  259,316",yong zhang,alibaba
  1984,applied materials,"  29,861",peter t f m wennink,asml
"  january 29, 1892",pepsico,"  79,000",james robert b quincey,coca-cola
  1876,johnson & johnson,"  35,000",david a ricks,lilly
  1961,nvidia,"  20,000",hock e tan,broadcom
"  july 12, 1976",walmart,"  288,000",w craig jelinek,costco
"  december 21, 1923",csl limited,"  47,792",lars fruergaard jorgensen,novo nordisk
,jpmorgan,"  439,787",,icbc
"  october 16, 1923",comcast,"  152,000",robert a chapek,disney
"  august 28, 1898",coca-cola,"  309,000",ramon luis laguarta,pepsico
"  december 10, 1984","motorola solutions, inc.","  79,500",charles h robbins,cisco
  1956,danaher,"  130,000",marc n casper,thermo fisher scientific
"  june 16, 1977",microsoft,"  132,000",safra ada catz,oracle
,procter & gamble,"  85,400",nicolas hieronimus,l'oreal
  1989,international business machines corporation,"  699,000",julie t spellman sweet,accenture
"  june 28, 1963",disney,"  189,000",brian l roberts,comcast
"  october 7, 1983",at&t,"  118,400",hans e vestberg,verizon
  1888,medtronic,"  113,000",robert b ford,abbott
"  january 25, 1964",adidas ag,"  73,300",john j donahoe ii,nike
  1885,rio tinto,"  40,110",mike p henry bsc bsc chem,bhp
  1891,johnson & johnson,"  67,000",robert m davis jd,merck
  1969,thermo fisher scientific,"  78,000",rainer m blair,danaher
,aramco,"  87,000",ben van beurden,shell
  march 1996,johnson & johnson,"  104,323",,novartis
  6 april 1999,johnson & johnson,"  83,100",pascal soriot dvm mba,astrazeneca
"  july 18, 1968",nvidia,"  121,100",patrick p gelsinger,intel
  1929,jpmorgan,"  247,848",charles w scharf,wells fargo
  december 1982,microsoft,"  25,988",shantanu narayen,adobe
"  february 3, 1999",sap,"  73,541",marc r benioff,salesforce
"  august 28, 1907",fedex corporation,"  267,890",carol b tome,ups
,jpmorgan,"  373,814",,china construction bank
"  may 15, 1940",starbucks,"  100,000",christopher j kempczinski,mcdonald's
,jpmorgan,"  103,669",huiyu tian mpa,china merchants bank
,abb ltd,"  33,078",,catl
  1969 ,canadian national railway company,"  29,905",lance m fritz,union pacific
"  october 5, 1983",verizon,"  203,000",john t stankey,at&t
  july 1985,nvidia,"  45,000",cristiano renno amon,qualcomm
  1930,nvidia,"  31,000",richard k templeton,texas instruments
  1887,johnson & johnson,"  32,200",giovanni caforio md,bristol myers squibb
,alphabet,"  23,939",bob van dijk,prosus
  21 june 1879,the sherwin-williams company,"  72,327",sanjiv lamba,linde
  1984,duke energy corporation,"  15,000",john w ketchum,nextera energy
,jpmorgan,"  459,000",,agricultural bank of china
  1994,verizon,"  75,000",g michael sievert,t-mobile us
  1935,schwab,"  75,000",james patrick gorman,morgan stanley
"  august 29, 1997",disney,"  11,300",wilmot reed hastings jr,netflix
,jpmorgan,"  85,211",david i mckay,rbc
  1971,morgan stanley,"  33,400",walter william bettinger ii,schwab
  2008,"altria group, inc.","  69,600",jacek olczak,philip morris
  2001 ,abbott,"  90,000",geoffrey straub martha,medtronic
  2020,lockheed martin corporation,"  174,000",gregory j hayes,raytheon technologies
"  march 18, 1850",visa,"  64,000",stephen joseph squeri,american express
  1837,lvmh,"  17,595",,hermes
  1 february 1955,jpmorgan,"  90,000",bharat b masrani,td bank
  5 november 1999,aramco,"  432,003",,petrochina
  22 december 1911,jpmorgan,"  47,532",matthew comyn,commbank
"  march 25, 1921",home depot,"  300,000",marvin r ellison,lowe's
"  april 8, 1980",johnson & johnson,"  24,200",robert a bradway,amgen
,jpmorgan,"  309,084",,bank of china
  first established on 3 march 1865,jpmorgan,"  219,697",noel paul quinn,hsbc
,verizon,"  449,934",xin dong,china mobile
  28 march 1924,aramco,"  105,476",patrick pouyanna,totalenergies
  1906,siemens,"  99,000",darius e adamczyk,honeywell
  30 august 2002,canadian natural resources limited,"  9,900",ryan m lance,conocophillips
  1963,unitedhealth group,"  216,000",karen sue lynch,cvs health
,aia group,"  355,982",bo yao,ping an insurance
"  weinheim, germany1972",salesforce,"  107,415",christian klein,sap
  december 1998,visa,"  30,900",daniel h schulman,paypal
  1973,johnson & johnson,"  95,442",paul hudson,sanofi
  1837,caterpillar inc.,"  75,550",john c may ii,john deere
"  may 1, 1969",nvidia,"  15,500",lisa t su phd,amd
  1983,salesforce,"  13,500",sasan k goodarzi,intuit
  7 may 1946,apple,"  109,700",kenichiro yoshida,sony
  1873,bhp,"  49,000",jakob stausholm ms ms,rio tinto
,ping an insurance,"  23,000",,aia group
"  march 15, 1995",raytheon technologies,"  114,000",james d taiclet jr,lockheed martin corporation
"  april 15, 1925",john deere,"  107,700",d james umpleby iii,caterpillar inc
,heineken n.v.,"  169,339",,anheuser-busch inbev sa/nv
  14 june 1972,aramco,"  21,126",anders opedal,equinor asa
,lvmh,"  119,243",sidney toledano,dior
  1983,public storage,"  2,053",hamid r moghadam,prologis
"  november 10, 1967",asml,"  28,500",gary e dickerson,applied materials
  anthem and wellpoint health networks merger in 2004,unitedhealth group,"  98,200",gail koziara boudreaux,anthem inc
"  june 16, 1911",accenture,"  282,100",arvind krishna,international business machines corporation
  2 september 1929,procter & gamble,"  148,012",alan w jope,unilever
  1988,the blackstone group inc.,"  18,400",laurence douglas fink,blackrock
,jpmorgan,"  134,412",sashidhar jagdishan,hdfc bank
,kweichow moutai,"  27,783",ivan m menezes,diageo plc
  1995,crown castle international corp.  reit ,"  6,378",thomas a bartlett cpa,american tower
,honeywell,"  303,000",roland busch diplphys,siemens
,amazon,"  69,205",xing wang,meituan
,hexagon ab,"  8,380",,keyence
  1869,morgan stanley,"  43,900",david solomon,the goldman sachs group inc
"  14 march 1996, melbourne","ferrovial, sa",  672,scott charlton mba bsci beng elec mba member of fei fta,transurban group
,"the tjx companies, inc.","  104,431",oscar garcia maceiras,industria de diseno textil sa
"  july 15, 1916",raytheon technologies,"  142,000",david l calhoun,the boeing company
  december 2000,johnson & johnson,"  90,096",emma n walmsley,glaxosmithkline plc
"  october 8, 1998",jpmorgan,"  220,092",jane nind fraser,citigroup inc
,tesla,"  645,318",herbert diess,volkswagen
"  march 30, 1971",mcdonald's,"  383,000",kevin r johnson,starbucks
,bhp,,,vale sa
  2003,salesforce,"  16,881",william r mcdermott,servicenow inc
"  june 24, 1902",walmart,"  450,000",brian c cornell,target corporation
  2 july 1981,accenture,"  292,067",salil satish parekh,infosys limited
,jpmorgan,"  15,078",,al rajhi banking and investment corp
  august 2008,alphabet,"  6,132",brian chesky,airbnb inc
  1993,disney,"  93,700",thomas m rutledge,charter communications
,tesla,"  224,280",chuan-fu wang,byd company
,vulcan international corp,,yousef bin abdullah al-benyan,saudi basic industries corp
,verizon,"  324,667",jun sawada,nippon telegraph & telephone corp
  1985,philip morris,"  6,000",william f gifford jr,altria group inc
  1902,philip morris,"  54,365",jack marie henry david bowles,british american tobacco plc
  1941,abbott,"  46,000",kevin a lobo,stryker corporation
  1917,cme group inc.,"  22,850",douglas l peterson mba,s&p global inc
  1946,procter & gamble,"  44,640",fabrizio freda,the estee lauder companies inc
"  april 15, 1892",honeywell,"  168,000",h lawrence culp jr,general electric
,tesla,"  289,282",ola kallenius,daimler ag
"  hamilton, bermuda 1985",the progressive corporation,"  31,000",evan g greenberg,chubb limited
,zurich insurance group ag,"  155,411",oliver bate,allianz se
  3 october 1953,aramco,"  46,416",joaquim silva e luna,petroleo brasileiro sa - petrobras
,raytheon technologies,"  121,056",guillaume mjd faury,airbus
  1949,ping an insurance,"  104,160",,china life insurance company limited
  1949,recruit holdings co ltd,"  56,000",carlos a rodriguez,automatic data processing inc
  14 april 1909 as the anglo-persian oil company,aramco,"  60,000",,bp plc
,shaanxi coal industry company ltd,"  77,029",,china shenhua energy company ltd
  1996,china tourism group duty free corp ltd,"  20,097",glenn d fogel,booking holdings inc
  6 june 1919,union pacific,"  22,604",tracy a robinson,canadian national railway company
"  april 30, 1949 as interprovincial pipe line company",enterprise products partners l.p.,"  10,900",al monaco,enbridge inc
,honeywell,"  166,025",jean-pascal tricoire,schneider electric se
,verizon,"  216,528",timotheus hottges,deutsche telekom ag
,zoetis inc.,"  60,334",belen garijo lopez md,merck kommanditgesellschaft auf aktien
"  december 10, 1923",the hershey company,"  79,000",dirk van de put,mondelez international inc
  6 june 2009,amazon,"  310,000",qiangdong liu,jdcom
,saudi basic industries corp,  68,,vulcan international corp
  1952 ,merck kommanditgesellschaft auf aktien,"  12,100",kristin c peck,zoetis inc
  1916,novo nordisk,"  25,000",paul r perreault ba,csl limited
"  june 13, 1902",honeywell,"  95,000",michael f roman,3m company
  1904,nextera energy,"  27,605",lynn j good,duke energy corporation
"  march 30, 1832",jpmorgan,"  89,782",brian johnston porter amp bcom,bank of nova scotia
  1985,blackrock,"  3,795",stephen allen schwarzman ba mba,the blackstone group inc
  1899,blackrock,"  150,000",james bruce flatt,brookfield asset management inc
  1974,bhp,"  81,284",gary nagle,glencore plc
  1848,s&p global inc.,"  3,480",terrence a duffy,cme group inc
  1905,aon plc,"  83,000",daniel s glaser,marsh & mclennan companies inc
"  october 5, 1978",nvidia,"  43,000",sanjay mehrotra,micron technology inc
"  october 1, 2005",jpmorgan,"  132,700",hironori kamezawa,mitsubishi ufj financial group inc
  1982,unitedhealth group,"  72,226",david michael cordani,cigna corporation
  2006,salesforce,"  10,000",tobias la14tke,shopify
,saudi basic industries corp,"  66,400",benoit potier,air liquide sa
  1968,aier eye hospital group co. ltd,"  204,000",samuel n hazen,hca healthcare inc
  1982,jpmorgan,"  32,741",ross maxwell mcewan bbs cbe,national australia bank limited
  1994,american tower,"  5,000",jay a brown,crown castle international corp reit
,"becton, dickinson and company","  144,888",francesco milleri,essilorluxottica sa
"  july 13, 1863",jpmorgan,"  68,796",andrew j cecere,us bancorp
,asml,"  14,479",toshiki kawai,tokyo electron ltd
  montreal bank 23 june 1817,jpmorgan,"  43,863",william darryl white,bank of montreal
,lvmh,"  42,811",franaois-henri pinault,kering sa
,china national nuclear power co. ltd,"  3,985",,china yangtze power co ltd
"  beijing, china 25 february 2000",aramco,"  384,065",,china petroleum & chemical corporation
  1945,nextera energy,"  27,027",thomas a fanning,the southern company
  1980,asml,"  16,300",timothy m archer,lam research corporation
"  april 10, 1845",jpmorgan,"  57,668",william s demchak,the pnc financial services group inc
"  east rutherford, new jersey 1897",essilorluxottica sa,"  75,000",thomas e polen jr,becton dickinson and company
"  june 22, 1987",johnson & johnson,"  14,400",daniel p o'day,gilead sciences inc
  1988,novo nordisk,"  10,368",leonard s schleifer md phd,regeneron pharmaceuticals inc
  1872,jpmorgan,"  50,283",william henry rogers jr,truist financial corporation
,conocophillips,"  9,735",,canadian natural resources limited
"  may 11, 2000",s&p global inc.,"  8,858",jeffrey c sprecher,intercontinental exchange inc
  1987,"industria de diseno textil, sa","  270,000",ernie l herrman,the tjx companies inc
  2002,salesforce,"  7,388",michael cannon-brookes,atlassian corporation plc
,allianz se,"  55,000",mario greco,zurich insurance group ag
  1958,abbott,"  15,700",michael a mussallem,edwards lifesciences corporation
  1982,"marsh & mclennan companies, inc.","  50,000",gregory clarence case,aon plc
  1994,raytheon technologies,"  88,000",kathy j warden,northrop grumman corporation
,verizon,"  47,320",,kddi corp
"  july 23, 1980 in norfolk, virginia, united states",union pacific,"  18,100",james a squires,norfolk southern corporation
  1912,southern copper corporation,"  24,700",richard c adkerson,freeport-mcmoran inc
,walmart,"  231,259",guilherme de souza macedo loureiro,wal-mart de mexico sab de cv
,jpmorgan,"  25,370",,pt bank central asia tbk
  1999,conocophillips,"  2,800",ezra y yacob,eog resources inc
,thermo fisher scientific,"  66,800",bernhard montag,siemens healthineers ag
  1917,bhp,"  106,000",mark cutifani be beng mining fellow ausimm cengfimmm dba,anglo american plc
  september 2010,novo nordisk,"  2,700",stephane bancel,moderna inc
"  february 7, 1899",raytheon technologies,"  103,100",phebe n novakovic,general dynamics corporation
,allianz se,"  106,128",thomas buberl,axa sa
"  virginia, u.s. 1983",enel spa,"  17,100",robert m blue,dominion energy inc
,"dominion energy, inc.","  66,279",francesco starace,enel spa
,jpmorgan,"  190,000",jean-laurent bonnafe,bnp paribas sa
  1986,verizon,"  181,205",daniel hajj aboumrad,america movil sab de cv
  1972,prologis,"  5,800",joseph d russell jr,public storage
  29 june 1998,jpmorgan,"  71,385",ralph a j g hamers,ubs group ag
,jpmorgan,"  287,866",herman oskarovich gref,sberbank
  1984,accenture,"  44,000",frank j bisignano,fiserv inc
,"dominion energy, inc.","  38,702",jose ignacio sanchez galan,iberdrola sa
,"automatic data processing, inc.","  46,800",hisayuki idekoba,recruit holdings co ltd
,johnson & johnson,"  95,950",werner baumann,bayer ag
"  cleveland, ohio, u.s. 1866",linde,"  61,000",john g morikis,the sherwin-williacompany
  1989,novo nordisk,"  3,900",reshma kewalramani fasn md,vertex pharmaceuticals incorporated
  1912,honeywell,"  45,000",e scott santi,illinois tool works inc
"  march 10, 1937",chubb limited,"  49,077",susan patricia griffith,the progressive corporation
,jpmorgan,"  40,143",peter francis king fca bec fca,westpac banking corporation
  1988,catl,"  104,400",,abb ltd
"  january 1, 1968","republic services, inc.","  48,500",james c fish jr,waste management inc
,jpmorgan,"  59,630",,industrial bank co ltd
,jpmorgan,"  33,000",piyush gupta,dbs group holdings ltd
  5 january 1994,jpmorgan,"  98,750",sandeep bakhshi be,icici bank limited
  1998,american tower,"  10,944",charles j meyers,equinix inc reit
  1921,zijin mining group co ltd,"  14,400",thomas ronald palmer,newmont corporation
"  june 16, 1903",tesla,"  183,000",james d farley jr,ford motor company
  1806,procter & gamble,"  33,800",noel r wallace,colgate-palmolive company
"  october 20, 2000","dominion energy, inc.","  31,518",christopher mark crane,exelon corporation
"  july 23, 2012",salesforce,"  2,495",frank slootman,snowflake inc
,anta sports products ltd,"  8,782",toshio kagami,oriental land co ltd
,nvidia,"  29,047",,sk hynix inc
,hapag-lloyd ag,"  95,000",soren skou,ap moller - maersk a-s
,saudi basic industries corp,"  24,629",,shin-etsu chemical co ltd
"  may 5, 1971",ups,"  384,000",frederick w smith,fedex corporation
  1979,abbott,"  41,000",michael f mahoney,boston scientific corporation
,"dominion energy, inc.","  4,800",william j fehrman,pacificorp
,salesforce,"  20,496",bernard s charles,dassault systemes se
"  march 24, 1868",ping an insurance,"  49,000",michel abbas khalaf,metlife inc
"  september 16, 1908",tesla,"  157,000",mary t barra,general motors company
,nintendo co ltd,"  29,800",xiaodong li,sea limited
  march 2009,salesforce,"  29,300",dara khosrowshahi,uber technologies inc
  1909 ,s&p global inc.,"  13,460",robert scott fauber,moody's corporation
,sea limited,"  6,574",,nintendo co ltd
  1997,conocophillips,"  1,932",scott douglas sheffield,pioneer natural resources company
  1911,honeywell,"  85,947",craig arnold,eaton corporation plc
"  cambridge, massachusetts, united states 1965",nvidia,"  24,700",vincent t roche,analog devices inc
  1968,accenture,"  65,000",gary adam norcross,fidelity national information services inc
  15 may 1857,jpmorgan,"  177,033",jose antonio alvarez alvarez,banco santander sa
,ap moller - maersk a-s,"  14,106",rolf habben jansen,hapag-lloyd ag
,microsoft,"  2,180",pieter willem van der does,adyen nv
,honeywell,"  42,862",mats rahmstram,atlas copco ab
  august 1999,conocophillips,"  18,151",keqiang xu,cnooc limited
,"corteva, inc.","  23,500",kenneth a seitz,nutrien ltd
"  february 14, 2009",microsoft,"  8,521",jack dorsey,block inc
,ups,"  548,042",frank appel,deutsche post ag
  june 1997,alphabet,"  18,129",lei ding,netease inc
,s&p global inc.,"  2,146",alejannicolas aguzin,hong kong exchanges & clearing ltd
"  july 21, 1994",visa,"  50,767",richard d fairbank,capital one financial corporation
  1890,honeywell,"  86,700",surendralal lanca karsanbhai,emerson electric co
  2005,microsoft,"  11,527",nikesh arora cfa,palo alto networks inc
  1 october 1970,jpmorgan,"  39,684",shayne cary elliott bcom bcom,australia and new zealand banking group limited
  1814,procter & gamble,"  43,000",,reckitt benckiser group plc
,coca-cola,"  20,773",,nongfu spring co ltd
,verizon,,,saudi telecom company
  1952,freeport-mcmoran inc.,"  14,700",oscar gonzalez rocha,southern copper corporation
,abbott,"  11,833",,shenzhen mindray bio-medical electronics co ltd
,johnson controls international plc,"  218,569",xavier m p huillard,vinci sa
  march 2005,salesforce,"  15,200",aneel bhusri,workday inc
  1993,wolters kluwer n.v.,"  33,500",erik engstrom,relx plc
  1995,nvidia,"  6,695",matthew j murphy,marvell technology group ltd
  1940,saudi basic industries corp,"  20,000",seifollah ghasemi,air products and chemicals inc
,kweichow moutai,"  18,500",alexanricard,pernod ricard sa
  1926,baker hughes company,"  92,000",olivier le peuch,schlumberger limited
,nvidia,"  6,695",matthew j murphy,marvell technology inc
,jpmorgan,"  99,600",milton maluhy filho,itau unibanco holding sa
  1968,enbridge inc.,"  7,000",a james teague,enterprise products partners lp
,the kraft heinz company,"  6,058",,foshan haitian flavouring and food company ltd
,jardine strategic holdings limited,,takehiko kakiuchi,mitsubishi corp
"  june 1, 1961",jpmorgan,"  46,030",victor g dodig,canadian imperial bank of commerce
"  march 5, 1927",hilton worldwide holdings inc.,"  120,000",anthony g capuano jr,marriott international inc
,amazon,"  7,986",lei chen,pinduoduo
  1959,thomson reuters corporation,"  16,000",,ihs markit ltd
,jpmorgan,"  16,113",saeed bin mohammed a al-ghamdi,the saudi national bank
,enbridge inc.,"  7,017",francois lionel poirier,tc energy corporation
"  august 18, 1961",unitedhealth group,"  95,500",bruce dale broussard,humana inc
  1997,asml,"  11,300",richard p wallace,kla corporation
,jpmorgan,"  90,238",,bank of communications co ltd
,tesla,"  118,909",oliver zipse,bayerische motoren werke ag
  1969,morgan stanley,"  17,209",shemara r wikramanayake bcom llb llb bcom unsw,macquarie group limited
  1990,"dominion energy, inc.","  23,683",,national grid plc
,carrier global corporation,"  84,870",masanori togawa,daikin industriesltd
,johnson & johnson,"  7,664",osamu okuda,chugai pharmaceutical co ltd
  1981,coca-cola,"  27,500",robert j gamgort,keurig pepper inc
,"automatic data processing, inc.",,,ergo science corp
,verizon,"  58,786",masayoshi son,softbank group corp
,anheuser-busch inbev sa/nv,"  81,070",rudolf gijsbert servaas van den brink,heineken nv
,anheuser-busch inbev sa/nv,"  53,000",jean jereissati neto,ambev sa
  16 february 1881,union pacific,"  11,834",keith e creel,canadian pacific railway limited
"  november 9, 2009",valero energy corporation,"  17,700",michael j hennigan,marathon petroleum corporation
"  december 19, 1919",allianz se,"  36,600",peter salvatore zaffino,american international group inc
  october 1939,walmart,"  163,000",todd j vasos,dollar general corporation
  2000,microsoft,"  10,195",ken xie,fortinet inc
"  september 16, 2011",alphabet,"  5,661",evan spiegel,snap inc
  13 september 1939,tesla,"  4,609",benedetto vigna,ferrari nv
,thermo fisher scientific,"  16,218",,lonza group ltd
  23 june 2007,s&p global inc.,"  24,158",david a schwimmer,london stock exchange group plc
,ihs markit ltd.,"  24,400",stephen john hasker bcom mba,thomson reuters corporation
,saudi basic industries corp,"  108,718",martin brudermuller,basf se
  1998,"dominion energy, inc.","  15,390",jeffrey walker martin,sempra energy
  june 1909,conocophillips,"  11,678",vicki a hollub,occidental petroleum corporation
,jpmorgan,,ronald l zimmerly jr,liberty bancshares inc oh
,"industria de diseno textil, sa","  55,589",tadashi yanai,fast retailing co ltd
  established in 2006,nvidia,"  31,000",kurt sievers,nxp semiconductors nv
  1984,nvidia,"  4,890",victor peng,xilinx inc
,jardine strategic holdings limited,"  125,944",masahiro okafuji,itochu corp
  10 february 1953,aramco,"  31,495",claudio descalzi,eni spa
,tesla,"  281,595",carlos tavares,stellantis nv
  1983,verizon,"  49,781",mirko bibic,bce inc
,aptiv plc,"  168,391",koji arima,denso corp
"  august 28, 1937",tesla,"  371,365",akio toyoda,toyota
"  june 29, 2019",raytheon technologies,"  47,000",christopher e kubasik cpa cpa,l3harris technologies inc
,visa,,,agribank fcb
,chubb limited,,,general accident plc
"  minneapolis, minnesota, u.s.1902","tyson foods, inc.","  39,218",juan ricardo luciano,archer-daniels-midland company
  1906,nextera energy,"  16,688",nicholas k akins,american electric power company inc
  2003,bhp,"  10,232",elizabeth anne gaines ca,fortescue metals group limited
,amphenol corporation,,,hon hai precision industry co ltd
,booking holdings inc.,"  14,217",,china tourism group duty free corp ltd
  1923 ,linde,"  47,000",christophe beck,ecolab inc
,conocophillips,,leonid viktorovich mikhelson,novatek pjsc
"  1986 in research triangle park, north carolina.",microsoft,"  16,361",aart j de geus,synopsys inc
,raytheon technologies,"  77,008",olivier andries,safran sa
  1998,thermo fisher scientific,"  9,800",francis a desouza,illumina inc
"  august 2, 1999",amazon,"  29,957",marcos eduardo galperan,mercadolibre inc
  1890,honeywell,"  19,300",laurence neil hunn,roper technologies inc
"  july 2, 2015",foshan haitian flavouring and food company ltd,"  36,000",miguel patricio,the kraft heinz company
  1984,unitedhealth group,"  72,500",sarah m london,centene corporation
  1971,"automatic data processing, inc.","  15,000",martin mucci,paychex inc
"  hamamatsu, japan october 1946, incorporated 24 september 1948",tesla,"  211,374",toshihiro mibe,honda motor co ltd
,jardine strategic holdings limited,"  350,864",toshiaki higashihara,hitachi ltd
  2014,"simon property group, inc.","  2,780",peter kenneth allen,scentre group
,nvidia,,lih shyng tsai phd,mediatek inc
  1998,"industria de diseno textil, sa","  25,000",calvin r mcdonald,lululemon athletica inc
"  april 1, 2019",saudi basic industries corp,"  35,700",james r fitterling,dow inc
,aramco,,igor ivanovich sechin,rosneft oil co pjsc
"  new york city, united states1833",amerisourcebergen corporation,"  59,000",brian s tyler phd,mckesson corporation
"  montreal, quebec, canada in 1919",aramco,"  16,922",mark s little,suncor energy inc
"  february 10, 1998",microsoft,"  34,000",rangarajan raghuram,vmware inc
  1885,vinci sa,"  101,000",george r oliver,johnson controls international plc
"  december 2, 1957","autozone, inc.","  82,852",gregory d johnson,o'reilly automotive inc
,bhp,"  29,707",,grupo mexico sab de cv
  2011,microsoft,"  4,965",george r kurtz,crowdstrike holdings inc
,alphabet,"  28,445",bob van dijk,naspers ltd
"  january 30, 1982",salesforce,"  12,600",andrew anagnost,autodesk inc
  1875,ping an insurance,"  40,916",charles frederick lowrey jr,prudential financial inc
,honeywell,,igor y zhilkin,open joint stock company omz
  26 january 1994,accenture,"  330,600",brian humphries,cognizant technology solutions corporation
,arcelormittal,"  28,800",leon j topalian,nucor corporation
  1999,thermo fisher scientific,"  6,300",kevin ronald sayer,dexcom inc
"  march 10, 1943",jpmorgan,"  85,264",octavio de lazari jr junior,banco bradesco sa
,honeywell,  758,jun seki,nidec corp
,nike,"  53,870",kasper bo rorsted,adidas ag
,linde,"  26,272",,sika ag
"  january 1, 2000",alphabet,"  45,500",yanhong li,baidu inc
"  doshomachi, osaka, japan june 12, 1781",merck kommanditgesellschaft auf aktien,"  47,099",christophe weber,takeda pharmaceutical company limited
"  february 8, 1894","mondelez international, inc.","  16,620",michele gross buck,the hershey company
  1932,hon hai precision industry co. ltd,"  90,000",richard adam norwitt,amphenol corporation
,"d.r. horton, inc.",,su hua tian,vanjia corp
  16 september 1991,verizon,"  105,000",nicholas jonathan read,vodafone group plc
  1983,thermo fisher scientific,"  10,350",jonathan j mazelsky,idexx laboratories inc
  1853,chubb limited,"  30,184",alan david schnitzer,the travelers companies inc
,nvidia,"  50,280",reinhard ploss,infineon technologies ag
  1945,kweichow moutai,"  9,300",william a newlands,constellation brands inc
  2010,salesforce,"  3,200",olivier pomel,datadog inc
,conocophillips,"  44,509",kenichi hori,mitsui & co ltd
,bhp,,robert g wilt,saudi arabian mining company
,aramco,"  101,374",vagit yusufovich alekperov,pjsc lukoil
,jpmorgan,"  78,000",carlo messina,intesa sanpaolo spa
  2007,hon hai precision industry co. ltd,"  85,000",terrence r curtin cpa,te connectivity ltd
"  july 4, 1979","o'reilly automotive, inc.","  65,100",william c rhodes iii,autozone inc
  1982,thermo fisher scientific,"  79,000",ari bousbib,iqvia holdings inc
  1929,global payments inc.,"  40,000",todd m schneider,cintas corporation
  1988,salesforce,"  9,300",anirudh devgan phd,cadence design systeinc
"  july 13, 1993",mcdonald's,"  97,660",brian r niccol,chipotle mexican grill inc
"  june 6, 1996",jpmorgan,"  86,800",jun ohta,sumitomo mitsui financial group inc
,novo nordisk,"  3,247",john chongbo rim,samsung biologics coltd
  29 december 1945,accenture,"  220,000",thierry delaporte,wipro limited
,newmont corporation,"  43,876",,zijin mining group co ltd
"  january 1, 1939",dell technologies inc.,"  51,000",enrique j lores,hp inc
,jpmorgan,"  57,955",,lloyds banking group plc
  1993,scentre group,"  2,400",david e simon,simon property group inc
"  november 17, 1955",ping an insurance,"  12,447",daniel paul amos,aflac incorporated
  1983,newmont corporation,"  18,421",dennis mark bristow,barrick gold corporation
,hon hai precision industry co. ltd,"  77,398",,murata manufacturing co ltd
  1997,enbridge inc.,"  10,529",steven j kean,kinder morgan inc
  1872,procter & gamble,"  45,000",michael d hsu,kimberly-clark corporation
,apple,"  33,427",jun lei,xiaomi corp
  1914,home depot,"  122,000",robert g scott,wesfarmers limited
"  july 2, 1998","waste management, inc.","  35,000",jon vander ark,republic services inc
,essilorluxottica sa,"  37,245",eiichiro ikeda,hoya corp
,foshan haitian flavouring and food company ltd,"  34,389",,yihai kerry arawana holdings co ltd
  1935,coca-cola,"  3,458",rodney cyril sacks,monster beverage corporation
,asml,"  46,631",,longi green energy technology co ltd
  2019,nutrien ltd.,"  21,000",charles victor magro bsc chem mba,corteva inc
"  june 20, 1866",foshan haitian flavouring and food company ltd,"  35,000",jeffrey l harmening,general mills inc
,the kroger co.,"  58,975",,seven & i holdings co ltd
,ups,"  77,958",jens bjorn andersen,dsv panalpina a-s
"  may 31, 1919","marriott international, inc.","  142,000",christopher j nassetta,hilton worldwide holdings inc
,thermo fisher scientific,"  34,912",ge li phd,wuxi apptec
"  march 19, 1969","jeronimo martins, sgps, sa","  58,000",kevin p hourican,sysco corporation
  1883,seven & i holdings co. ltd,"  500,000",william rodney mcmullen,the kroger co
"  june 23, 1887",ping an insurance,"  38,000",rocco gori,manulife financial corporation
  2008,novo nordisk,"  2,800",prof ugur sahin md,biontech se
,nvidia,"  48,254",jean-marc chery,stmicroelectronics nv
  1971,conocophillips,"  1,600",richard e muncrief,devon energy corporation
  1908,enbridge inc.,"  4,783",alan s armstrong,the williacompanies inc
"  april 17, 1931",chubb limited,"  54,300",thomas joseph wilson ii,the allstate corporation
,jpmorgan,"  9,396",,hang seng bank limited
"  january 1, 1980",marathon petroleum corporation,"  9,794",joseph w gorder,valero energy corporation
,jpmorgan,"  57,000",steven j a van rijswijk,ing groep nv
,bhp,,,mmc norilsk nickel pjsc
"  january 4, 2011",cisco,"  18,700",gregory q brown,motorola solutions inc
,alphabet,"  5,696",,east money information coltd
"  july 1, 2007",blackrock,"  49,100",thomas p gibbons,the bank of new york mellon corporation
"  june 26, 1915","daikin industries,ltd.","  58,000",david l gitlin,carrier global corporation
,jpmorgan,"  29,622",,oversea-chinese banking corp ltd
  2004,"alexandria real estate equities, inc.","  3,030",arthur william stein,digital realty trust inc
"  december 31, 2014",raia drogasil sa,"  202,000",rosalind gates brewer,walgreens boots alliance inc
  1999,thermo fisher scientific,"  17,200",michael r mcmullen,agilent technologies inc
  2000,cintas corporation,"  25,000",jeffrey s sloan jd,global payments inc
,morgan stanley,"  11,380",,citic securities company ltd
  1931,essilorluxottica sa,"  60,000",jose e almeida,baxter international inc
,jpmorgan,"  14,462",yu sun,boc hong kong holdings ltd
  1968,s&p global inc.,"  4,303",henry a fernandez,msci inc
  1970,"ventas, inc.",  464,shankh s mitra,welltower inc
  1909,nextera energy,"  11,321",robert c frenzel,xcel energy inc
,jpmorgan,"  24,346",ee cheong wee bsc ma,united overseas bank ltd
,saudi basic industries corp,"  19,692",,wanhua chemical group co ltd
"  september 1, 2017",saudi basic industries corp,"  28,000",edward d breen,dupont de nemours inc
,blackrock,"  1,059",christian sinding,eqt ab
  1980,seven & i holdings co. ltd,"  98,000",brian p hannasch,alimentation couche-tard inc
"  september 3, 1995",amazon,"  10,800",jamie j ian,ebay inc
,linde,"  16,842",,givaudan sa
,saudi basic industries corp,"  6,184",ester baiget,novozymes a-s
  1848,ping an insurance,"  23,000",,prudential plc
"  1945, fort worth, texas, united states",essilorluxottica sa,"  24,389",david j endicott,alcon inc
  1921,aramco,"  18,000",,ecopetrol sa
  1907,schlumberger limited,"  54,000",lorenzo simonelli,baker hughes company
,jpmorgan,"  110,432",onur genc,banco bilbao vizcaya argentaria sa
"  september 7, 2016",hp inc.,"  133,000",michael saul dell,dell technologies inc
,sirius xm holdings inc.,"  27,125",yixiao cheng,kuaishou technology
,john deere,"  92,144",martin lundstedt msc,ab volvo
,jpmorgan,"  75,975",philippe brassac,credit agricole sa
  1986,walmart,"  61,886",michael a witynski,dollar tree inc
,american tower,"  1,596",jeffrey a stoops,sba communications corporation
,accenture,"  324,700",aiman ezzat,capgemini se
,johnson & johnson,"  16,033",sunao manabe dvm phd,daiichi sankyo company ltd
  1941,mcdonald's,"  480,000",dominic blakemore,compass group plc
,essilorluxottica sa,"  10,409",joachim kreuzburg,sartorius stedim biotech sa
,jpmorgan,"  79,398",,pt bank rakyat indonesia persero tbk
  1927,marathon petroleum corporation,"  14,000",greg c garland,phillips 66
"  may 27, 1982",sea limited,"  11,000",andrew wilson,electronic arts inc
  1871,honeywell,"  37,000",david s regnery,trane technologies plc
,honeywell,"  20,619",,smc corp
"  1917, cleveland, ohio, u.s.",honeywell,"  54,640",thomas l williams,parker-hannifin corporation
,chubb limited,"  43,257",satoru komiya,tokio marine holdings inc
,johnson & johnson,"  28,903",,jiangsu hengrui medicine co ltd
,union pacific,  57,,beijing-shanghai high-speed railway coltd
,swiss re ag,"  39,281",torsten jeworrek,munich re
  january 2013,alphabet,"  8,600",tony xu,doordash inc
,jpmorgan,"  61,686",,shanghai pudong development bank co ltd
  1995,salesforce,"  16,000",,constellation software inc
,foshan haitian flavouring and food company ltd,"  59,159",,inner mongolia yili industrial group co ltd
  1990,verizon,"  90,800",darren entwistle ba lld mba,telus corporation
  1903,"dominion energy, inc.","  12,684",ralph izzo phd,public service enterprise group incorporated
  1993,raytheon technologies,"  13,300",kevin m stein phd,transdigm group incorporated
"  1997 in folsom, california","waste management, inc.","  19,998",worthing f jackman,waste connections inc
  2007,linde,"  19,100",kenneth todd lane,lyondellbasell industries nv
,foshan haitian flavouring and food company ltd,"  98,105",,da sa
  july 2009,microsoft,"  2,440",matthew prince,cloudflare inc
  november 2014,tesla,"  7,763",william li,nio limited
,salesforce,"  3,730",brian armstrong,coinbase global inc
,kweichow moutai,"  12,614",,shanxi xinghuacun fen wine factory coltd
,marathon petroleum corporation,"  4,719",peter z e vanacker,neste oyj
  1989,essilorluxottica sa,"  7,970",michael j farrell be mba sm,resmed inc
  1996,ihs markit ltd.,"  20,000",brian j cassin,experian plc
  1995,essilorluxottica sa,"  9,793",gary s guthart phd,intuitive surgical inc
  22 september 1924,seven & i holdings co. ltd,"  210,067",bradford leon banducci bcomm acc llb mba,woolworths group limited
  1988,enbridge inc.,"  1,139",michael j hennigan,mplx lp
  1 july 1975,verizon,"  26,728",andrew richard penn mba amp mba bec fcca hfaipm,telstra corporation limited
,keyence,"  22,097",ola rollan bsc bsc econ,hexagon ab
,allianz se,"  74,621",philippe roger donnet,generali
  1978,equity residential,"  2,839",benjamin w schall,avalonbay communities inc
  1880,aramco,"  5,400",bradley william corson bs,imperial oil limited
"  october 6, 1997",mcdonald's,"  36,000",david w gibbs,yum brands inc
,poly developments and holdings group co. ltd,"  38,500",,sun hung kai properties ltd
  1934,tfi international inc.,"  23,663",greg c gantt,old dominion freight line inc
  1996,enbridge inc.,"  1,550",jack a fusco,cheniere energy inc
  1823 as the new york gas light company,nextera energy,"  13,871",timothy p cawley,consolidated edison inc
,jpmorgan,"  57,062",,china citic bank corp ltd
,anheuser-busch inbev sa/nv,"  26,038",jan eli b craps,budweiser brewing company apac ltd
,nucor corporation,"  158,000",aditya mittal,arcelormittal
  1894,blackrock,"  12,000",james m cracchiolo,ameriprise financial inc
  1967,ferguson plc,"  18,370",daniel l florness,fastenal company
  1997,abbott,"  22,540",joseph m hogan,align technology inc
,"edp renovaveis, sa","  2,870",michael strugl mba,verbund ag
  2002,airports of thailand public company ltd,  418,,sydney airport limited
  1971,ihs markit ltd.,"  9,367",scott g stephenson,verisk analytics inc
,amazon,"  22,531",kentaro kawabe,z holdings corp
  1927,"marsh & mclennan companies, inc.","  39,000",j patrick gallagher jr,arthur j gallagher & co
,novo nordisk,"  3,380",,chongqing zhifei biological products co ltd
  1969,"avalonbay communities, inc.","  2,400",mark j parrell,equity residential
"  june 15, 1996",verizon,"  20,341",chi-mau sheih,chunghwa telecom co ltd
  1937,blackrock,"  7,529",robert w sharps cfa cpa cfa cpa,t rowe price group inc
  1919,schlumberger limited,"  40,000",jeffrey allen miller,halliburton company
  1935,archer-daniels-midland company,"  137,000",donnie d king,tyson foods inc
  1985,visa,"  16,700",roger crosby hochschild,discover financial services
,ups,"  73,516",detlef a trefzger,kuehne nagel international ag
,honeywell,"  8,256",kenji yamaguchi,fanuc corp
,union pacific,"  31,968",chak-pui kam,mtr corp ltd
,sun hung kai properties ltd,"  61,201",,poly developments and holdings group co ltd
  1976,blackrock,"  3,238",joseph y bae,kkr & co inc
  2001,jpmorgan,"  54,492",masahiro kihara,mizuho financial group inc
,aramco,,auttapol rerkpiboon,ptt pcl
,seven & i holdings co. ltd,"  144,550",frans w h muller,koninklijke ahold delhaize nv
,sun hung kai properties ltd,"  140,565",jiusheng zhu mba,china vanke co ltd
  1889 ,linde,"  24,000",franklin k clyburn jr,international flavors & fragrances inc
"  stockholm, sweden 1876",cisco,"  100,454",e borje ekholm mba msc,telefonaktiebolaget lm ericsson
,sun hung kai properties ltd,"  47,537",,china resources land ltd
"  april 21, 2011",verizon,"  6,787",eric s yuan,zoom video communications inc
  20 september 1853,honeywell,"  70,000",judith f marks,otis worldwide corporation
,allianz se,"  22,719",kevin david strain ca cpa,sun life financial inc
  1903,honeywell,"  24,500",blake d moret,rockwell automation inc
  1994,denso corp,"  155,000",kevin p clark,aptiv plc
  2009,aramco,"  5,938",alexander j pourbaix,cenovus energy inc
,s&p global inc.,"  8,855",theodor weimer,deutsche borse ag
  1 january 1988,verizon,"  132,002",stephane richard,orange sa
"  december 11, 1919",conocophillips,"  1,545",john b hess,hess corporation
  25 march 1968,jpmorgan,"  58,735",alison marie rose-slade ba,natwest group plc
  1982,"industria de diseno textil, sa","  88,100",barbara rentler,ross stores inc
  1896,nextera energy,"  6,938",scott j lauber,wec energy group inc
  merger between amerisource health and bergen brunswig in 2001,mckesson corporation,"  38,000",steven h collis,amerisourcebergen corporation
,sun hung kai properties ltd,"  5,916",zhichao zhang,china overseas land & investment ltd
,novo nordisk,"  9,864",zhisheng chen,wuxi biologics
,jardine strategic holdings limited,"  135,304",,citic ltd
,verizon,"  2,877",tobias martinez gimeno,cellnex telecom sa
,whirlpool corporation,"  99,299",,haier smart home co ltd
,verizon,"  22,914",kuan moon yuen,singapore telecommunications ltd
,oriental land co. ltd,"  52,000",shizhong ding,anta sports products ltd
  17 november 1690,jpmorgan,"  81,600",coimbatore sundararajan venkatakrishnan,barclays plc
  1870,kweichow moutai,"  4,700",lawson e whiting,brown-forman corporation
,honeywell,"  36,987",harry schmelzer jr,weg sa
  1905,john deere,"  28,500",r preston feight,paccar inc
,tesla,"  63,174",,great wall motor co ltd
,sun hung kai properties ltd,"  44,065",xuping chen,longfor group holdings ltd
,jpmorgan,"  12,451",,japan post bank coltd
  1883,linde,"  49,300",michael h mcgarry,ppg industries inc
  23 october 1856,verizon,"  20,817",,perusahaan perseroan persero pt telekomunikasi indonesia tbk
  1945,thermo fisher scientific,"  15,600",patrick k kaltenbach,mettler-toledo international inc
  1906,enbridge inc.,"  2,847",pierce h norton ii,oneok inc
  1989,charter hall group,  941,gregory leith goodman,goodman group
  1851,hon hai precision industry co. ltd,"  61,200",wendell p weeks,corning incorporated
,philip morris,"  55,381",masamichi terabatake,japan tobacco inc
,cisco,"  196,159",hongmeng cheng,foxconn industrial internet co ltd
  1966,nextera energy,"  9,227",joseph r nolan jr,eversource energy
,verizon,"  278,922",ruiwen ke,china telecom corp ltd
"  cement limited 1936, roadstone limited 1949 & merger to form cement roadstone holdings 1970",anhui conch cement company ltd,"  77,400",,crh plc
,jpmorgan,"  243,612",hiroya masuda,japan post holdings co ltd
  1978,johnson & johnson,"  9,610",michel vounatsos,biogen inc
,verizon,"  18,905",urs schaeppi lic oec hsg,swisscom ag
,linde,"  21,358",dimitri de vreeze,koninklijke dsm nv
,marathon petroleum corporation,,,formosa petrochemical corp
,johnson & johnson,"  2,526",,zhangzhou pientzehuang pharmaceutical ltd
  1930,honeywell,"  18,500",david a zapico,ametek inc
,"dominion energy, inc.","  63,227",leonhard birnbaum,eon se
,ping an insurance,"  110,940",,china pacific insurance
  2007,microsoft,"  3,153",jagtar singh chaudhry,zscaler inc
,crh plc,"  47,539",,anhui conch cement company ltd
,newmont corporation,  38,paul brink,franco-nevada corporation
,"dominion energy, inc.","  154,364",catherine macgregor,engie sa
  1792,blackrock,"  38,784",ronald philip o'hanley,state street corporation
,tesla,"  204,815",,saic motor corp ltd
  12 may 1865,cisco,"  87,927",pekka ilmari lundmark,nokia corporation
"  march 21, 2006",alphabet,"  7,500",parag agrawal,twitter inc
  2007,cerner corporation,"  4,506",peter p gassner,veeva systeinc
"  toronto, ontario, canada 1956",seven & i holdings co. ltd,"  200,000",galen g weston ba mba mba,loblaw companies limited
  1995,enbridge inc.,"  12,558",marshall s mccrea iii,energy transfer lp
,procter & gamble,"  52,450",carsten knobel,henkel ag & co kgaa
,amazon,"  68,000",bom suk kim,coupang inc
,fastenal company,"  31,000",kevin murphy,ferguson plc
  30 november 1999,raytheon technologies,"  89,600",,bae systeplc
"  june 17, 1858",jpmorgan,"  19,112",gregory d carmichael,fifth third bancorp
"  august 27, 1906",vonovia se,"  105,000",robert e sulentic,cbre group inc
  1886,suez sa,"  6,400",m susan hardwick,american water works company inc
,accenture,"  126,371",takahito tokita,fujitsu ltd
  1923,essilorluxottica sa,"  10,065",eric m green,west pharmaceutical services inc
,"daikin industries,ltd.","  167,816",benoit bazin,saint-gobain
  october 1994,"digital realty trust, inc.",  559,peter m moglia,alexandria real estate equities inc
,secom co ltd,"  51,000",nico delvaux,assa abloy ab
  1919,honeywell,"  59,900",n thomas linebarger,cummins inc
,honeywell,"  29,427",henrik andersen,vestas wind systea-s
,jpmorgan,"  5,660",mohammed abdullah al-yahya,riyad bank
  5 january 2016,"marsh & mclennan companies, inc.","  46,000",carl a hess,willis towers watson plc
  1986,alphabet,"  2,500",sharmistha dubey,match group inc
,jpmorgan,"  33,916",johan thijs,kbc group nv
,jpmorgan,"  80,879",andrea orcel,unicredit spa
,ping an insurance,"  57,347",,cathay financial holding co ltd
"  vallejo, california 1982",cintas corporation,"  8,600",a jayson adair,copart inc
  23 april 2006,alphabet,"  6,617",daniel g ek,spotify technology sa
"  february 8, 1971",s&p global inc.,"  5,814",adena t friedman,nasdaq inc
  1900,american tower,"  9,214",devin w stockfish esq jd,weyerhaeuser company
,nextera energy,,,saudi electricity company
  1880,international paper company,"  24,300",john a hayes,ball corporation
  2014,keyence,"  14,300",ronald s nersesian,keysight technologies inc
,johnson & johnson,"  15,455",kenji yasukawa phd,astellas pharma inc
,accenture,"  15,936",luis maroto camino,amadeus it group sa
,"dominion energy, inc.","  163,423",jean-bernard levy,edf
,verizon,"  23,000",anthony staffieri fca fca fcpa,rogers communications inc
,archer-daniels-midland company,"  25,549",,tongwei co ltd
"  november 17, 1988",galaxy entertainment group ltd,"  44,500",robert glen goldstein,las vegas sands corp
,"dominion energy, inc.","  18,902",markus krebber,rwe ag
,ap moller - maersk a-s,"  29,379",,cosco shipping holdings co ltd
  1983,jpmorgan,"  6,567",gregory w becker,svb financial group
"  november 1, 1980",union pacific,"  20,900",james m foote,csx corporation
,"stanley black & decker, inc.","  51,426",joseph galli jr bsba mba mba,techtronic industries company ltd
,apa group,"  7,231",francisco miguel reynas massanet,naturgy energy group sa
,"naturgy energy group, sa","  2,000",robert anthony wheals ca bcom bcom ca gaicd maicd,apa group
  1891,foshan haitian flavouring and food company ltd,"  20,000",james p snee,hormel foods corporation
  1979,veeva systems inc.,"  25,150",david todd feinberg mba,cerner corporation
  1947,"united rentals, inc.","  21,033",brendan horgan,ashtead group plc
  1899,ihs markit ltd.,"  12,700",mark w begor,equifax inc
,nvidia,"  17,354",hai jun zhao,semiconductor manufacturing international corp
,tesla,  888,george wills,porsche automobil holding se
"  1919  1919  - hackney, london, england",seven & i holdings co. ltd,"  360,000",ken murphy,tesco plc
"  july 29, 2008",kuaishou technology,"  5,590",jennifer c witz,sirius xm holdings inc
,sydney airport limited,,,airports of thailand public company ltd
,jardine strategic holdings limited,"  172,907",,ck hutchison holdings ltd
,chubb limited,"  193,494",,the people's insurance company group of china ltd
"  october 22, 1996",booking holdings inc.,"  14,800",peter maxwell kern,expedia group inc
  1985,jpmorgan,"  6,295",michael j roffler,first republic bank
  15 may 1891,thermo fisher scientific,"  78,189",franaois adrianus van houten,koninklijke philips nv
  1891,ping an insurance,"  28,000",paul anthony mahon,great-west lifeco inc
,kweichow moutai,,thapana sirivadhanabhakdi,thai beverage public company ltd
,munich re,"  13,985",,swiss re ag
  1886,nextera energy,"  13,003",pej pizarro,edison international
,relx plc,"  19,454",nancy mckinstry,wolters kluwer nv
  1999,nvidia,"  30,000",hassane s el-khoury,on semiconductor corporation
,jpmorgan,"  49,607",gonzalo maria gortazar rotaeche,caixabank sa
,allianz se,"  13,340",torbjorn magnusson,sampo oyj
  1977,prologis,"  4,309",joseph daniel margolis jd,extra space storage inc
,essilorluxottica sa,"  13,832",joachim kreuzburg,sartorius
  1978,vanjia corp,"  11,788",david v auld,dr horton inc
  1927,fastenal company,"  22,700",donald g macpherson,ww grainger inc
,honeywell,"  8,806",,nari technology co ltd
,honeywell,"  62,720",henrik ehrnrooth msc econ,kone oyj
  1889,foshan haitian flavouring and food company ltd,"  14,000",lawrence e kurzius,mccormick & company incorporated
,accenture,"  139,677",hiroshi honma,ntt data corp
,saudi basic industries corp,"  5,533",liangbin li,ganfeng lithium co ltd
,nvidia,"  3,291",,will semiconductor co ltd
"  new york city, united states 1978",morgan stanley,"  2,571",milan galik,interactive brokers group inc
,aramco,,alexander valerievich dyukov,gazprom neft pjsc
,ping an insurance,"  44,461",,fubon financial holding co ltd
  1938,"o'reilly automotive, inc.","  22,000",harry a lawton iii,tractor supply company
,"mondelez international, inc.","  14,000",dieter weisskopf phd,chocoladefabriken lindt & sprungli ag
"  canonsburg, pennsylvania, united states 1970",salesforce,"  5,100",ajei s gopal phd,ansys inc
,china shenhua energy company ltd,"  36,344",,shaanxi coal industry company ltd
,"hca healthcare, inc.","  22,808",,aier eye hospital group co ltd
  1927,abbott,"  19,500",bryan c hanson,zimmer biomet holdings inc
,denso corp,"  138,036",shuichi ishibashi,bridgestone corp
,flutter entertainment plc,"  8,987",,evolution gaming group ab
,novo nordisk,"  3,103",,beijing wantai biological pharmacy enterprise co ltd
,"cbre group, inc.","  16,051",rolf eberhard buch,vonovia se
,honeywell,"  44,133",stefan widing,sandvik ab
,enbridge inc.,,jack a fusco,cheniere energy partners lp
  1905,nextera energy,"  26,000",patricia kessler poppe,pg&e corporation
  1887,union pacific,"  6,522",patrick j ottensmeyer,kansas city southern
  2004,salesforce,"  5,245",john s riccitiello,unity software inc
,raytheon technologies,"  81,098",patrice caine,thales sa
"  march 15, 1967","delta air lines, inc.","  55,100",robert e jordan,southwest airlines co
,nextera energy,"  10,300",gerard m anderson,dte energy company
  1809,chubb limited,"  26,000",charles j g brindamour bsc,intact financial corporation
  10 march 1869,jpmorgan,"  82,969",christian sewing,deutsche bank ag
  10 august 1937,hp inc.,"  184,034",fujio mitarai,canon inc
,saudi basic industries corp,"  5,300",bhavesh v patel,lyondellbasell advanced polymers inc
  november 1979,jpmorgan,"  27,804",laurent ferreira,national bank of canada
,essilorluxottica sa,"  14,922",arnd kaldowski,sonova holding ag
  1969,scentre group,  367,sumit roy,realty income corporation
,jpmorgan,"  46,989",,china everbright bank company ltd
  2008,alphabet,"  7,867",jeffrey lawson,twilio inc
,sea limited,"  1,600",david baszucki,roblox corp
  19 april 1924,verizon,"  104,150",jose maraa alvarez-pallete lopez,telefonica sa
,union pacific,"  30,153",,central japan railway co
  2015,tesla,"  11,901",xiang li,li auto inc
,"dominion energy, inc.","  24,519",frank mastiaux,enbw energie baden-wuerttemberg ag
  1810,allianz se,"  18,100",christopher jerome swift cpa,the hartford financial services group inc
"  september 5, 1978",thermo fisher scientific,"  67,950",adam h schechter,laboratory corporation of america holdings
  2007,microsoft,"  2,539",dev c ittycheria,mongodb inc
"  january 15, 1921",catl,"  145,653",kei uruma,mitsubishi electric corporation
  1982,jpmorgan,"  48,834",mario roberto opice leao,banco santander brasil sa
,jpmorgan,"  86,266",amitabh chaudhry,axis bank ltd
"  august 14, 1997",ashtead group plc,"  20,400",matthew j flannery,united rentals inc
,linde,,,nan ya plastics corp
  1954,vanjia corp,"  10,753",jonathan m jaffe,lennar corporation
,essilorluxottica sa,"  8,692",guillaume daniellot,straumann holding ag
,nextera energy,"  7,061",richard kendall lancaster be,clp holdings ltd
,china shenhua energy company ltd,"  63,869",,yanzhou coal mining company ltd
"  november 7, 1997","dominion energy, inc.","  12,395",steven e strah,firstenergy corp
  1994,linde,"  6,000",jerry kent masters jr,albemarle corporation
,sun hung kai properties ltd,"  54,000",,ck asset holdings limited
  2006,trina solar co. ltd,"  2,260",badrinarayanan kothandaraman,enphase energy inc
,honeywell,"  38,207",benoat coquart,legrand sa
,las vegas sands corp.,"  17,088",,galaxy entertainment group ltd
,jpmorgan,"  15,500",johan torgeby,skandinaviska enskilda banken ab
"  october 22, 2004",nutrien ltd.,"  12,525",james c o'rourke peng,the mosaic company
  1984,accenture,"  13,900",christine a leahy,cdw corporation
  1979,accenture,"  16,600",eugene a hall,gartner inc
,verbund ag,"  2,114",miguel stilwell de andrade,edp renovaveis sa
"  march 2, 1925",southwest airlines co.,"  83,000",edward h bastian,delta air lines inc
  2003,microsoft,"  2,920",alexander c karp,palantir technologies inc
  1997,novo nordisk,"  2,675",clay b siegall,seagen inc
,conocophillips,  870,travis d stice,diamondback energy inc
"  april 12, 1995",microsoft,  902,d james bidzos,verisign inc
"  1847: as john dwight and company 1896: as church & dwight, co.",procter & gamble,"  5,100",matthew thomas farrell,church & dwight co inc
  1997,nextera energy,"  9,116",martin j lyons jr,ameren corporation
,jpmorgan,"  59,262",,china minsheng banking corp ltd
"  january 25, 2010",disney,"  10,200",michael rapino,live nation entertainment inc
  26 july 1954,conocophillips,"  3,684",marguerite eileen o'neill bsc msc,woodside petroleum ltd
,ap moller - maersk a-s,,,evergreen marine corp
,sydney airport limited,"  8,162",maurici lucena betriu,aena sme sa
  2014,tesla,"  5,084",xiaopeng he,xpeng inc
  1889,blackrock,"  21,100",michael g o'grady,northern trust corporation
"  vancouver, british columbia, canada 2009",salesforce,"  1,664",phanich sodsee,slack technologies inc
  1977,"avalonbay communities, inc.","  2,429",h eric bolton jr,mid-america apartment communities inc
,"hca healthcare, inc.","  316,078",stephan sturm,fresenius se & co kgaa
,avery dennison corporation,"  73,275",teiichi goto,fujifilm holdings corp
  18 june 1846,verizon,"  99,700",philip eric rene jansen,bt group plc
  1909 as birmingham slag company,crh plc,"  11,912",james thomas hill,vulcan materials company
,john deere,"  15,529",helena hedblom msc,epiroc ab
,hon hai precision industry co. ltd,,ping cheng,delta electronics inc
,newmont corporation,,,public joint stock company polyus
,honeywell,"  69,015",silvio napoli,schindler holding ag
,visa,"  33,153",makoto inoue,orix corporation
  1993,crh plc,"  10,000",c howard nye,martin marietta materials inc
,morgan stanley,"  9,994",,csc financial co ltd
"  august 22, 1966","o'reilly automotive, inc.","  57,750",corie sue barry,best buy co inc
  1985,essilorluxottica sa,"  13,000",daniel a carestio,steris plc
  1913,"dominion energy, inc.","  12,369",leo p denault,entergy corporation
,veeva systems inc.,"  8,249",,m3 inc
  october 2003,microsoft,"  7,500",graham vivian smith,splunk inc
,catl,"  9,669",,eve energy co ltd
  1998,welltower inc.,  434,debra a cafaro,ventas inc
,nextera energy,"  9,258",jose damian bogas galvez,endesa sa
  1998,"dominion energy, inc.","  11,865",alistair phillips-davies,sse plc
,denso corp,"  118,400",florent menegaux,michelin
  2005,johnson & johnson,"  1,890",timothy p walbert,horizon therapeutics public limited company
,nucor corporation,"  47,710",,baoshan iron & steel co ltd
  1843,techtronic industries company ltd,"  71,300",james m loree,stanley black & decker inc
,catl,"  4,492",ren xian cao,sungrow power supply co ltd
,procter & gamble,"  20,567",vincent warnery,beiersdorf ag
,jpmorgan,"  37,840",,pt bank mandiri persero tbk
  1983,freeport-mcmoran inc.,"  20,000",philip kelvin rodda pascall,first quantum minerals ltd
,john deere,"  43,293",,kubota corp
,verizon,"  21,975",ralph tendai mupita bsc mba,mtn group ltd
  1983,nvidia,"  7,100",,maxim integrated products inc
  1985,uwm holdings corporation class,"  26,000",jay d farner,rocket companies inc
,nextera energy,"  9,095",david gerard hutchens,fortis inc
,linde,,,formosa plastics corp
,disney,,gregory b maffei,liberty broadband corporation
,nvidia,"  19,500",,united microelectronics corporation
  october 1989,keyence,"  18,700",clifton albert pemble,garmin ltd
  2005,"marriott international, inc.","  18,352",,huazhu group limited
  1972,booking holdings inc.,"  40,000",arnold w donald,carnival corporation & plc
,john deere,"  24,586",,sany heavy industry co ltd
"  january 1, 2019",kuaishou technology,"  9,000",lachlan keith murdoch,fox corporation
,archer-daniels-midland company,"  52,809",,wens foodstuff group co ltd
,jpmorgan,"  124,089",frederic oudea,societe generale sa
,essilorluxottica sa,"  26,482",shinjiro sato,terumo corp
,morgan stanley,"  9,372",zhaohui huang,china international capital corp ltd
  2012,"avalonbay communities, inc.","  1,240",dallas b tanner,invitation homes inc
,novo nordisk,,pablo gerardo legorreta,royalty pharma plc
,essilorluxottica sa,"  31,653",yasuo takeuchi,olympus corp
  october 1899,hennes & mauritz ab,"  27,200",steven e rendle,vf corporation
  1955,honeywell,"  25,000",richard joseph tobin,dover corporation
"  june 4, 1920",nextera energy,"  5,607",vincent sorgi,ppl corporation
,shenzhou international group holdings ltd,"  29,522",,hengli petrochemical coltd
,novo nordisk,"  1,212",jan gj van de winkel,genmab a/s
,nutrien ltd.,,abdulrahman ahmed shamsaddin,sabic agri-nutrients company
,anheuser-busch inbev sa/nv,"  82,257",,heineken holding nv
,union pacific,"  71,973",yuji fukasawa,east japan railway company
"  june 11th, 1968",saudi basic industries corp,"  6,081",,sociedad quimica y minera de chile sa
,thermo fisher scientific,"  57,992",gilles g martin phd,eurofins scientific se
,apple,"  240,786",yuki kusumi,panasonic corp
,novo nordisk,"  8,600",jean-christophe tellier,ucb sa
,ap moller - maersk a-s,"  14,068",jun yan,shanghai international port
"  november 1, 2015",cisco,"  60,400",antonio fabio neri,hewlett packard enterprise company
"  february 19, 1906",foshan haitian flavouring and food company ltd,"  31,000",steven a cahillane,kellogg company
,chubb limited,"  171,508",,picc property and casualty company ltd
,jpmorgan,,jose marcos ramirez miguel,grupo financiero banorte sab de cv
,john deere,"  61,564",hiroyuki ogawa,komatsu ltd
,"naturgy energy group, sa","  55,302",,the hong kong and china gas company ltd
,coca-cola,"  22,000",damian paul gammell,coca-cola europacific partners plc
  1971,"avalonbay communities, inc.","  1,739",michael j schall cpa,essex property trust inc
,linde,"  2,646",magdalena martullo-blocher,ems-chemie holding ag
  january 2009,microsoft,"  5,030",todd mckinnon,okta inc
,china yangtze power co. ltd,"  14,506",,china national nuclear power co ltd
,jardine strategic holdings limited,"  74,920",masayuki hyodo,sumitomo corp
  1945,tesla,"  75,278",thierry yves henri bollore,tata motors limited
,jpmorgan,"  84,597",fausto de andrade ribeiro,banco do brasil sa
,v.f. corporation,"  155,000",,hennes & mauritz ab
  1952,abbott,"  7,900",norman d schwartz,bio-rad laboratories inc
,ihs markit ltd.,"  420,000",daniel julien,teleperformance
  1890,anheuser-busch inbev sa/nv,"  320,808",alfonso garza garza,fomento economico mexicano sab de cv
,jpmorgan,"  18,442",stephen d steinour,huntington bancshares inc
,conocophillips,"  1,254",william b berry bsc msc,continental resources inc
,union pacific,"  164,177",,crrc corp ltd
  2002,nvidia,"  11,000",liam k griffin,skyworks solutions inc
  may 2001,morgan stanley,"  3,000",thiago maffra,xp inc
,procter & gamble,"  16,665",takahisa takahara,unicharm corp
,ups,"  22,536",meisong lai,zto express cayman inc
,"daikin industries,ltd.","  11,149",christian buhl,geberit ag
,tesla,"  66,947",,toyota industries corp
"  cincinnati, ohio, u.s 1950",chubb limited,"  5,166",steven justus johnston cfa cera cfa fcas maaa,cincinnati financial corporation
  1946 ,nutrien ltd.,"  2,970",w anthony will,cf industries holdings inc
,"daikin industries,ltd.","  20,400",gerteric lindquist,nibe industrier ab
  2012,john deere,"  71,895",scott wellington wine,cnh industrial nv
  1866,jpmorgan,"  18,442",stephen d steinour,huntington bancshares incorporated
  1972,prologis,  340,james b connor,duke realty corporation
,mcdonald's,"  5,700",,restaurant brands international limited partnership
  1997,nvidia,"  2,773",michael r hsing,monolithic power systeinc
  1969,cisco,"  9,800",anders gustafsson,zebra technologies corporation
  1990,"o'reilly automotive, inc.","  16,000",david c kimbell,ulta beauty inc
,ping an insurance,"  64,823",,dai-ichi life holdings inc
"  august 29, 1856",jpmorgan,"  17,115",rene f jones cpa,m&t bank corporation
  1825,jpmorgan,"  17,654",christopher marrott gorman,keycorp
  1960,keyence,"  14,500",robert mehrabian,teledyne technologies incorporated
,s&p global inc.,,gilson finkelsztain,b3 sa - brasil bolsa balcao
"  july 26, 2016",china shenhua energy company ltd,  936,thomas e jorden,contura energy inc
,oriental land co. ltd,"  12,244",yozo shimano,shimano inc
  1925,ping an insurance,"  30,000",robert jeffrey orr,power corporation of canada
"  august 10, 1961",ups,"  33,045",john n roberts iii,jb hunt transport services inc
,mitsubishi estate co. ltd,"  23,992",masanobu komoda,mitsui fudosan co ltd
,jpmorgan,"  4,156",anthony william cripps,the saudi british bank
,ihs markit ltd.,"  96,216",,sgs sa
,bhp,"  10,600",donald r lindsay bsc honours mba,teck resources limited
,"hca healthcare, inc.",,paulo junqueira moll,rede d'or sao luiz sa
,sea limited,"  6,288",owen mahoney,nexon co ltd
  1958 ,essilorluxottica sa,"  12,000",albert g white iii,the cooper companies inc
  1836,ping an insurance,"  10,046",nigel david wilson,legal & general group plc
  1971,jpmorgan,"  19,626",john m turner jr,regions financial corporation
  2004,newmont corporation,  44,randy v j smallwood peng peng,wheaton precious metals corp
  2007,salesforce,"  2,742",henry l schuck,zoominfo technologies inc
"  december 4, 2019",disney,"  22,965",robert marc bakish,viacomcbs inc
,bhp,"  9,111",,china northern rare earth
"  november 1, 1979",hp inc.,"  40,000",william david mosley,seagate technology plc
,foshan haitian flavouring and food company ltd,"  43,397",minfang lu,china mengniu dairy co ltd
  1859,honeywell,"  16,000",vicente reynal,ingersoll rand inc
  1920,prologis,  385,david john rivers sleath obe,segro plc
  23 september 1997,alphabet,"  18,004",arkady volozh,yandex nv
  1989,nvidia,"  19,500",ganesh moorthy,microchip technology incorporated
  june 2006,salesforce,"  5,895",yamini rangan,hubspot inc
  2000,accenture,"  9,700",ronald f clarke,fleetcor technologies inc
  2016,keyence,"  18,000",james a lico,fortive corporation
,salesforce,"  1,594",adam arash foroughi,applovin corp
  1997 ,booking holdings inc.,"  84,900",jason t liberty,royal caribbean cruises ltd
,aramco,"  23,268",josu jon imaz san miguel phd,repsol sa
,jardine strategic holdings limited,,masumi kakinoki,marubeni corp
"  as chartered bank of india, australia, and china on 29 december 1853",jpmorgan,"  81,770",,standard chartered plc
,oriental land co. ltd,"  4,019",ning li,li ning co ltd
  1886,nextera energy,"  8,504",garrick j rochow,cenergy corporation
,abbott,,walter m rosebrough jr,steris corp
,verizon,,somchai lertsutiwong,advanced info service pcl
,apple,"  78,490",hideo tanimoto,kyocera corp
,enbridge inc.,"  2,349",j scott burrows,pembina pipeline corporation
  2 february 2016,evolution gaming group ab,"  16,813",jeremy peter jackson,flutter entertainment plc
,jardine strategic holdings limited,"  19,463",masayoshi fujimoto,sojitz corp
  1970,"digital realty trust, inc.",  743,owen david thomas,boston properties inc
"  september 12, 2003",visa,"  18,000",brian d doubles,synchrony financial
,jpmorgan,"  3,280",,alinma bank
,blackrock,"  8,001",johan hjertonsson mba,investment ab latour
,mitsui fudosan co. ltd,"  9,982",junichi yoshida,mitsubishi estate co ltd
,morgan stanley,"  15,198",,guotai junan securities co ltd
,linde,"  27,318",,nippon paint holdings co ltd
  2012,amazon,"  21,000",ernest c garcia iii,carvana co
  1930,chubb limited,"  20,300",thomas sinnickson gayner,markel corporation
  1939,"marsh & mclennan companies, inc.","  12,023",j powell brown cpcu cpcu,brown & brown inc
,accenture,"  16,196",shingo konomoto,nomura research institute ltd
  1986,las vegas sands corp.,"  52,000",william joseph hornbuckle iv,mgm resorts international
,jpmorgan,"  9,594",,mega financial holding co ltd

