industry,founded,revenue,name,location
diversified financials,1939,276,berkshire hathaway,"omaha, nebraska"
banking,1984,208,icbc,"beijing, china"
oil & gas operations,1933,400,saudi arabian oil company saudi aramco,"dhahran, saudi arabia"
banking and financial services,2000,124,jpmorgan chase,"new york, new york"
banking,2014,202,china construction bank,"beijing, china"
retail and wholesale,1994,469,amazon,"seattle, washington"
"semiconductors, electronics, electrical engineering, technology hardware & equipment",1976,378,apple,"cupertino, california"
banking,1979,181,agricultural bank of china,"beijing, china"
banking and financial services,1904,96,bank of america,"charlotte, north carolina"
consumer durables,1937,281,toyota motor,"toyota, japan"
"it, internet, software & services",1998,257,alphabet,"mountain view, california"
"it, internet, software & services",1975,184,microsoft,"redmond, washington"
banking,1929,152,bank of china,"beijing, china"
conglomerate,1938,244,samsung group,"seoul, south korea"
oil & gas operations,1999,280,exxonmobil,"irving, texas"
"construction, oil & gas operations, mining and chemicals",1907,261,shell,"london, united kingdom"
insurance,1988,181,ping an insurance group,"shenzhen, china"
banking,1852,84,wells fargo,"san francisco, california"
"telecommunications services, cable supplier",1983,134,verizon communications,"new york, new york"
telecommunications services,1876,163,at&t,"dallas, texas"
oil & gas operations,1999,380,petrochina,"beijing, china"
insurance,1977,297,unitedhealth group,"minnetonka, minnesota"
retailing,1962,572,walmart,"bentonville, arkansas"
banking,1987,71,china merchants bank,"shenzhen, china"
consumer durables,1937,295,volkswagen group,"wolfsburg, germany"
"construction, oil & gas operations, mining and chemicals",1879,156,chevron,"san ramon, california"
banking and financial services,1812,79,citigroup,"new york, new york"
it software & services,1998,86,tencent holdings,"shenzhen, china"
oil & gas operations,1924,185,total,"paris, france"
banking,1919,77,postal savings bank of china psbc,"beijing, china"
telecommunications services,1997,131,china mobile,"hong kong, hong kong"
media & advertising,1963,116,comcast,"philadelphia, pennsylvania"
retailing,1999,129,alibaba group,"hangzhou, china"
"it, internet, software & services",2004,117,meta platforms,"menlo park, california"
insurance,1890,138,allianz,"munich, germany"
diversified financials,1924,60,morgan stanley,"new york, new york"
diversified financials,1869,62,goldman sachs group,"new york, new york"
banking,1865,59,hsbc holdings,"london, united kingdom"
banking,1953,127,bnp paribas,"paris, france"
drugs & biotechnology,1886,94,johnson & johnson,"new brunswick, new jersey"
consumer durables,1883,178,mercedes-benz group,"stuttgart, germany"
retailing,1963,292,cvs health,"woonsocket, rhode island"
telecommunications services,1981,96,softbank,"tokyo, japan"
oil & gas operations,2000,384,sinopec,"beijing, china"
banking and financial services,1864,45,rbc,"montreal, canada"
"food, drink & tobacco",1866,95,nestle,"vevey, switzerland"
insurance,1816,145,axa group,"paris, france"
oil & gas operations,1989,117,gazprom,"st. petersburg, russia"
oil & gas operations,1909,158,bp,"london, united kingdom"
"semiconductors, electronics, electrical engineering, technology hardware & equipment",1968,79,intel,"santa clara, california"
banking and financial services,1855,38,td bank group,"toronto, canada"
telecommunications services,1952,110,nippon telegraph & tel,"tokyo, japan"
oil & gas operations,1973,86,reliance industries,"mumbai, india"
banking,1988,60,industrial bank,"fuzhou, china"
consumer durables,1960,89,sony,"tokyo , japan"
banking and financial services,1857,78,santander,"madrid, spain"
banking,2005,48,mitsubishi ufj financial,"tokyo, japan"
semiconductors,1987,61,taiwan semiconductor,"hsinchu, taiwan"
automotive  automotive and suppliers ,1903,136,ford motor,"oakville, ontario"
"clothing, shoes, sports equipment",1987,75,lvmh moet hennessy louis vuitton,"paris, france"
banking,1908,76,bank of communications,"shanghai, china"
packaged goods,1837,79,procter & gamble,"cincinnati, ohio"
consumer durables,1916,131,bmw group,"munich, germany"
oil & gas operations,1953,83,petrobras,"rio de janeiro, brazil"
"telecommunications services, cable supplier",1995,128,deutsche telekom,"bonn, germany"
drugs & biotechnology,2013,56,abbvie,"north chicago, illinois"
drugs & biotechnology,1996,51,novartis,"basel, switzerland"
automotive  automotive and suppliers ,1908,127,general motors,"detroit, michigan"
oil & gas operations,1972,88,equinor,"stavanger, norway"
insurance,2003,130,china life insurance,"beijing, china"
drugs & biotechnology,1896,68,roche holding,"basel, switzerland"
insurance,1919,45,aia group,"hong kong, hong kong"
insurance,1868,71,metlife,"new york, new york"
"construction, oil & gas operations, mining and chemicals",1885,65,bhp group,"melbourne, australia"
banking and financial services,1850,46,american express,"new york, new york"
consumer durables,2021,176,stellantis,"amsterdam, netherlands"
insurance,1872,69,zurich insurance group,"zurich, switzerland"
oil & gas operations,1993,111,rosneft,"moscow, russia"
"construction, oil & gas operations, mining and chemicals",1873,63,rio tinto,"london, united kingdom"
banking and financial services,1899,78,brookfield asset management,"toronto, canada"
insurance,1792,174,cigna,"bloomfield, connecticut"
banking and financial services,1875,70,prudential financial,"newark, new jersey"
"food, drink & tobacco",1965,79,pepsico,"purchase, new york"
drugs & biotechnology,1891,50,merck & co,"kenilworth, new jersey"
drugs & biotechnology,2004,144,elevance health,"indianapolis, indiana"
banking,1832,30,bank of nova scotia,"toronto, canada"
insurance,1919,52,american international group,"new york, new york"
materials,1974,203,glencore international,"baar, switzerland"
"it, internet, software & services",1984,51,cisco systems,"san jose, california"
"food, soft beverages, alcohol & tobacco",2008,54,anheuser-busch inbev,"leuven, belgium"
media & advertising,1923,73,walt disney,"burbank, california"
insurance,1985,41,chubb,"zurich, switzerland"
trading companies,1979,91,citic,"hong kong, hong kong"
banking,2009,58,lloyds banking group,"london, united kingdom"
"it, internet, software & services",1911,67,ibm,"armonk, new york"
drugs & biotechnology,2004,44,sanofi,"paris, france"
transportation and logistics,1907,97,united parcel service,"atlanta, georgia"
"food, drink & tobacco",1902,35,british american tobacco,"london, united kingdom"
banking,1862,35,ubs,"zurich, switzerland"
automotive  automotive and suppliers ,1959,130,honda motor,"tokyo, japan"
trading companies,1870,146,mitsubishi,"tokyo, japan"
construction,1982,205,china state construction engineering,"beijing, china"
banking,1955,54,state bank of india,"mumbai, india"
banking,1911,21,commonwealth bank,"sydney, australia"
banking,1992,54,shanghai pudong development,"shanghai, china"
aerospace & defense,1922,64,raytheon technologies,"waltham, massachusetts"
utilities,1962,99,enel,"rome, italy"
oil & gas operations,1953,90,eni,"rome, italy"
banking and financial services,1994,32,capital one,"mclean, virginia"
drugs & biotechnology,1933,46,bristol myers squibb,"new york, new york"
"food, soft beverages, alcohol & tobacco",1892,38,coca-cola,"atlanta, georgia"
"it, internet, software & services",1977,41,oracle,"redwood shores, california"
banking,1841,57,sberbank,"moscow, russia"
banking and financial services,1817,26,bank of montreal,"montreal, canada"
materials,1942,54,vale,"rio de janeiro, brazil"
utilities,1955,99,edf,"paris, france"
drugs & biotechnology,1983,39,thermo fisher scientific,"waltham, massachusetts"
banking and financial services,1894,73,credit agricole,"montrouge, france"
"engineering, manufacturing",1970,61,airbus,"leiden, netherlands"
retail and wholesale,1983,210,costco wholesale,"issaquah, washington"
technology hardware & equipment,1974,214,hon hai precision,"new taipei, taiwan"
packaged goods,1929,62,unilever,"london, united kingdom"
media,1993,51,charter communications,"stamford, connecticut"
banking,2002,35,sumitomo mitsui financial,"tokyo, japan"
"construction, oil & gas operations, mining and chemicals",1875,46,conocophillips,"houston, texas"
drugs & biotechnology,2000,46,glaxosmithkline,"london, united kingdom"
banking,2007,47,intesa sanpaolo,"turin, italy"
banking and financial services,1887,47,manulife,"toronto, canada"
banking,1929,23,us bancorp,"minneapolis, minnesota"
chemicals,1865,92,basf,"ludwigshafen am rhein, germany"
oil & gas operations,1999,37,cnooc,"hong kong, hong kong"
health care equipment & services,1888,44,abbott laboratories,"chicago, illinois"
utilities,1992,46,iberdrola,"bilbao, spain"
materials,2004,52,china shenhua energy,"beijing, china"
banking,1944,36,itau unibanco holding,"sao paulo, brazil"
"engineering, manufacturing",1925,51,caterpillar,"deerfield, illinois"
trading companies,1947,108,mitsui,"tokyo, japan"
trading companies,1858,108,itochu,"tokyo, japan"
banking and financial services,1971,19,charles schwab,"san francisco, california"
banking,1872,23,truist financial,"charlotte, north carolina"
"construction, oil & gas operations, mining and chemicals",1949,37,enbridge,"calgary, canada"
"semiconductors, electronics, electrical engineering, technology hardware & equipment",1910,91,hitachi,"tokyo, japan"
telecommunications services,1984,49,kddi,"tokyo, japan"
consumer durables,1967,102,hyundai motor,"seoul, south korea"
banking,1987,57,china citic bank,"chaoyang, china"
banking and financial services,1958,25,visa,"san francisco, california"
retail and wholesale,1902,106,target,"minneapolis, minnesota"
banking,1999,42,bbva-banco bilbao vizcaya,"madrid, spain"
consumer durables,2003,53,tesla,"austin, texas"
capital goods,1837,44,deere & company,"moline, illinois"
banking,1994,22,hdfc bank,"mumbai, india"
banking and financial services,1896,30,barclays,"london, united kingdom"
insurance,1880,84,munich re,"munich, germany"
insurance,1871,103,japan post holdings,"tokyo, japan"
retail and wholesale,1901,135,walgreens,"deerfield, illinois"
"engineering, manufacturing",1984,30,danaher,"washington, district of columbia"
insurance,1831,102,generali group,"trieste, italy"
transportation,2009,62,mller-maersk,"copenhagen, denmark"
retailing,1921,96,lowe's,"mooresville, north carolina"
transportation and logistics,1971,91,fedex,"memphis, tennessee"
transportation,1995,96,deutsche post,"bonn, germany"
banking and financial services,1845,19,pnc financial services,"pittsburgh, pennsylvania"
semiconductors,1961,28,broadcom,"san jose, california"
oil & gas operations,1991,125,lukoil,"moscow, russia"
health care equipment & services,1949,31,medtronic,"dublin, ireland"
"it, internet, software & services",1972,33,sap,"walldorf, germany"
semiconductors,1949,37,sk hynix,"icheon, south korea"
oil & gas operations,2008,68,engie,"la defense, france"
aerospace & defense,1912,65,lockheed martin,"bethesda, maryland"
diversified financials,1988,20,blackrock,"new york, new york"
banking,1817,20,westpac banking group,"sydney, australia"
utilities,1904,25,duke energy,"charlotte, north carolina"
"semiconductors, electronics, electrical engineering, technology hardware & equipment",1984,106,dell technologies,"round rock, texas"
"construction, oil & gas operations, mining and chemicals",1899,59,vinci,"nanterre, france"
insurance,1879,50,tokio marine holdings,"tokyo, japan"
"telecommunications services, cable supplier",2000,48,america movil,"mexico city, mexico"
utilities,2000,91,eon,"essen, germany"
materials,1917,41,anglo american,"london, united kingdom"
banking,1943,28,banco bradesco,"osasco, brazil"
diversified financials,1991,21,ing group,"amsterdam, netherlands"
professional services,1955,56,accenture,"dulin, ireland"
conglomerates,1906,34,honeywell international,"charlotte, north carolina"
banking,2003,26,mizuho financial,"tokyo, japan"
chemicals,1879,30,linde,"guildford, united kingdom"
materials,2006,76,arcelormittal,"luxembourg, luxembourg"
banking,1867,18,canadian imperial bank,"toronto, canada"
construction,1992,42,poly developments & holdings group,"guangzhou, china"
"semiconductors, electronics, electrical engineering, technology hardware & equipment",1978,31,micron technology,"boise, idaho"
banking and financial services,1835,18,anz,"melbourne, australia"
insurance,2001,33,fubon financial,"taipei, taiwan"
telecommunications services,2002,68,china telecom,"beijing, china"
health care equipment & services,1968,59,hca healthcare,"nashville, tennessee"
"construction, oil & gas operations, mining and chemicals",1897,58,dow,"midland, michigan"
telecommunications services,1924,46,telefonica,"madrid, spain"
construction,1984,71,china vanke,"shenzhen, china"
banking,1981,15,nab - national australia bank,"melbourne, australia"
insurance,1975,34,cathay financial,"taipei, taiwan"
semiconductors,1985,36,qualcomm,"san diego, california"
packaged goods,1909,38,l'oreal,"clichy, france"
insurance,1931,50,allstate,"markham, ontario"
consumer durables,1955,121,saic motor,"shanghai, china"
banking,1994,21,icici bank,"vadodara, india"
banking,1992,42,china everbright bank,"beijing, china"
drugs & biotechnology,1987,27,gilead sciences,"foster city, california"
insurance,1991,68,china pacific insurance,"shanghai, china"
"semiconductors, electronics, electrical engineering, technology hardware & equipment",1993,26,nvidia,"santa clara, california"
drugs & biotechnology,1980,26,amgen,"thousand oaks, california"
transportation,1862,22,union pacific,"omaha, nebraska"
insurance,1902,66,dai-ichi life insurance,"tokyo, japan"
"clothing, shoes, sports equipment",1964,46,nike,"beaverton, oregon"
drugs & biotechnology,1781,31,takeda pharmaceutical,"tokyo, japan"
"food, drink & tobacco",1847,31,philip morris international,"new york, new york"
banking and financial services,1998,25,paypal,"san jose, california"
construction,1994,33,china resources land,"hong kong, hong kong"
banking,1912,22,oversea-chinese banking,"singapore, singapore"
"engineering, manufacturing",1968,50,midea group,"guandong, china"
insurance,1864,35,travelers,"new york, new york"
drugs & biotechnology,1876,28,eli lilly,"indianapolis, indiana"
"food, drink & tobacco",2012,28,mondelez international,"chicago, illinois"
"hotels, restaurants & leisure",1955,23,mcdonald's,"chicago, illinois"
"engineering, manufacturing",1892,74,general electric,"mississauga, ontario"
banking and financial services,1864,35,societe generale,"paris, france"
"engineering, manufacturing",1836,34,schneider electric,"rueil-malmaison, france"
packaged goods,1902,35,3m,"st. paul, minnesota"
insurance,1955,22,aflac,"columbus, ohio"
oil & gas operations,1956,66,oil & natural gas,"new delhi, india"
utilities,1945,23,southern company,"atlanta, georgia"
banking,1870,36,deutsche bank,"frankfurt, germany"
oil & gas operations,1978,70,ptt,"bangkok, thailand"
conglomerates,2014,36,ck hutchison,"hong kong, hong kong"
oil & gas operations,1973,24,canadian natural resources,"calgary, canada"
banking and financial services,1865,29,sun life financial,"toronto, canada"
aerospace & defense,1939,35,northrop grumman,"falls church, virginia"
"food, drink & tobacco",1902,85,archer daniels midland,"chicago, illinois"
oil & gas operations,2009,119,marathon petroleum,"findlay, ohio"
banking,1996,50,china minsheng bank,"beijing, china"
insurance,1836,62,legal & general group,"london, united kingdom"
media & advertising,1997,30,netflix,"los gatos, california"
insurance,1937,48,progressive,"mayfield village, ohio"
construction,1993,34,longfor group holdings,"beijing, china"
banking,1968,12,dbs,"singapore, singapore"
transportation,2005,51,cosco shipping,"tianjin, china"
construction,2006,108,china communications construction,"beijing, china"
banking,1968,17,natwest group,"edinburgh, united kingdom"
utilities,2000,39,exelon,"chicago, illinois"
drugs & biotechnology,1961,84,humana,"louisville, kentucky"
aerospace & defense,1952,38,general dynamics,"reston, virginia"
diversified financials,1925,57,power corp of canada,"montreal, canada"
banking,1964,14,qatar national bank,"doha, qatar"
drugs & biotechnology,1863,52,bayer,"leverkusen, germany"
diversified financials,1976,19,kkr,"new york, new york"
construction,1992,81,country garden holdings,"foshan, china"
utilities,1984,23,nextera energy,"juno beach, florida"
banking,1963,33,kb financial group,"seoul, south korea"
construction,1989,166,china railway group,"beijing, china"
"semiconductors, electronics, electrical engineering, technology hardware & equipment",1939,65,hp,"palo alto, california"
banking,1974,13,nordea bank,"helsinki, finland"
food markets,2005,78,seven & i holdings,"tokyo, japan"
oil & gas operations,1919,31,suncor energy,"calgary, canada"
"it, internet, software & services",1999,26,salesforcecom,"san francisco, california"
chemicals,1902,27,air liquide,"paris, france"
consumer durables,1949,49,denso,"kariya, japan"
banking,1965,16,bank of new york mellon,"new york, new york"
business services & supplies,1966,18,mastercard,"new york, new york"
banking,1808,29,banco do brasil,"brasilia, brazil"
drugs & biotechnology,1984,126,centene,"st. louis, missouri"
business services & supplies,1977,18,hdfc,"mumbai, india"
materials,1897,24,freeport-mcmoran,"phoenix, arizona"
drugs & biotechnology,1668,23,merck kgaa darmstadt germany and its affiliates,"darmstadt, germany"
banking,1980,14,caixabank,"valencia, spain"
conglomerates,1883,28,abb,"zurich, switzerland"
consumer durables,1927,43,volvo group,"goteborg, sweden"
oil & gas operations,1920,26,occidental petroleum,"houston, texas"
utilities,1990,20,national grid,"london, united kingdom"
drugs & biotechnology,1833,257,mckesson,"irving, texas"
diversified financials,2001,29,shinhan financial group,"seoul, south korea"
semiconductors,1984,20,asml holding,"veldhoven, netherlands"
chemicals,2017,27,nutrien,"saskatoon, canada"
diversified financials,1916,12,investor ab,"stockholm, sweden"
consumer durables,1944,61,kia,"seoul, south korea"
construction,1665,52,saint-gobain,"la defense, france"
drugs & biotechnology,1989,22,novo nordisk,"bagsvrd, denmark"
materials,1968,66,posco,"seoul, south korea"
"food, soft beverages, alcohol & tobacco",1997,19,diageo,"london, united kingdom"
food markets,2016,89,royal ahold delhaize nv,"zaandam, netherlands"
insurance,1949,90,picc,"beijing, china"
utilities,1983,14,dominion energy,"richmond, virginia"
food markets,1883,137,kroger,"cincinnati, ohio"
materials,2000,55,baoshan iron & steel,"shanghai, china"
"food, drink & tobacco",1999,14,kweichow moutai,"renhuai, china"
technology hardware & equipment,2010,50,xiaomi,"beijing, china"
banking,1997,13,bank of ningbo,"ningbo, china"
oil & gas operations,1948,23,ecopetrol,"bogota, colombia"
chemicals,2007,46,lyondellbasell industries,"london, united kingdom"
capital goods,2011,20,contemporary amperex technology,"ningde, china"
banking,1998,27,unicredit,"milan, italy"
drugs & biotechnology,1969,221,amerisourcebergen,"chesterbrook, pennsylvania"
health care equipment & services,2018,23,essilorluxottica,"paris, france"
retail and wholesale,1985,32,inditex,"arteixo, spain"
restaurants,1971,30,starbucks,"seattle, washington"
materials,1905,40,nucor,"charlotte, north carolina"
diversified financials,2000,10,intercontinentalexchange,"atlanta, georgia"
retailing,1976,48,tjx cos,"framingham, massachusetts"
banking,1935,14,kbc group,"brussels, belgium"
retail and wholesale,1919,84,tesco,"welwyn garden city, united kingdom"
technology hardware & equipment,1993,33,boe technology group,"beijing, china"
diversified financials,1985,15,blackstone,"new york, new york"
utilities,1906,16,american electric,"columbus, ohio"
diversified financials,1985,11,macquarie group,"sydney, australia"
trading companies,1858,72,marubeni,"tokyo, japan"
insurance,1863,46,swiss re,"zurich, switzerland"
oil & gas operations,1985,19,eog resources,"houston, texas"
insurance,1959,51,cnp assurances,"paris, france"
business services & supplies,1949,15,automatic data processing,"roseland, new jersey"
oil & gas operations,2012,111,phillips 66,"houston, texas"
"food, drink & tobacco",1935,49,tyson foods,"springdale, arkansas"
oil & gas operations,1987,58,repsol,"madrid, spain"
trading companies,1952,48,sumitomo,"tokyo, japan"
construction,1912,29,holcim,"zug, switzerland"
"food, drink & tobacco",1919,21,altria group,"richmond, virginia"
semiconductors,1967,24,applied materials,"santa clara, california"
transportation,,47,daimler truck holding,"leinfelden-echterdingen, germany"
materials,1986,37,zijin mining group,"longyan, china"
banking,1953,8,the saudi national bank,"riyadh, saudi arabia"
"clothing, shoes, sports equipment",1988,19,richemont,"bellevue, switzerland"
"clothing, shoes, sports equipment",1963,20,kering,"paris, france"
utilities,2000,18,saudi electricity,"riyadh, saudi arabia"
"food, soft beverages, alcohol & tobacco",1919,28,da,"paris, france"
materials,1950,57,nippon steel,"tokyo, japan"
chemicals,1947,37,lg chem,"seoul, south korea"
banking and financial services,1985,12,discover financial services,"riverwoods, illinois"
food markets,1980,58,couche tard,"laval, canada"
banking,1992,26,huaxia bank,"beijing, china"
insurance,1845,22,nn group,"the hague, netherlands"
business services & supplies,1938,100,fannie mae,"washington, district of columbia"
health care equipment & services,1912,44,fresenius,"bad homburg, germany"
insurance,1905,20,marsh & mclennan,"new york, new york"
diversified financials,1894,13,ameriprise financial,"minneapolis, minnesota"
health care equipment & services,1897,19,becton dickinson,"franklin lakes, new jersey"
consumer durables,1918,66,panasonic,"osaka, japan"
insurance,2008,41,ms&ad insurance,"tokyo, japan"
business services & supplies,1964,22,orix,"tokyo, japan"
diversified financials,1995,11,citic securities,"shenzhen, china"
banking,1968,8,first abu dhabi bank,"abu dhabi, united arab emirates"
telecommunications services,1970,18,bce,"verdun, canada"
oil & gas operations,1926,23,schlumberger,"sugar land, texas"
"semiconductors, electronics, electrical engineering, technology hardware & equipment",1930,18,texas instruments,"dallas, texas"
banking,1895,12,bank rakyat indonesia bri,"jakarta, indonesia"
banking,1969,18,standard chartered,"london, united kingdom"
"construction, oil & gas operations, mining and chemicals",1970,31,crh,"dublin, ireland"
banking,1995,19,bank of beijing,"beijing, china"
media,2019,28,paramount,"norwood, new york"
banking,2007,17,bank of jiangsu,"nanjing, china"
"construction, oil & gas operations, mining and chemicals",2017,16,dupont de nemours,"wilmington, delaware"
consumer durables,1991,27,gree electric appliances,"zhuhai, china"
oil & gas operations,1959,72,indian oil,"new delhi, india"
retailing,1939,34,dollar general,"goodlettsville, tennessee"
"food, soft beverages, alcohol & tobacco",2015,26,kraft heinz company,"chicago, illinois"
"food, drink & tobacco",1991,65,wilmar international,"singapore, singapore"
business services & supplies,1970,62,freddie mac,"mclean, virginia"
"it, internet, software & services",2015,27,hewlett packard enterprise,"spring, texas"
"food, drink & tobacco",1985,21,japan tobacco,"tokyo, japan"
insurance,1925,37,poste italiane,"rome, italy"
banking,1935,8,united overseas bank,"singapore, singapore"
telecommunications services,2000,50,china unicom,"victoria, hong kong"
oil & gas operations,1980,114,valero energy,"san antonio, texas"
transportation,1827,13,csx,"jacksonville, florida"
banking,1871,24,danske bank,"copenhagen, denmark"
materials,2003,20,fortescue metals group,"east perth, australia"
construction,1948,157,china railway construction,"beijing, china"
drugs & biotechnology,2010,18,moderna,"camebridge, massachusetts"
food markets,1924,38,woolworths,"sydney, australia"
construction,1997,26,anhui conch cement,"wuhu city, china"
"it, internet, software & services",1982,16,adobe,"san jose, california"
insurance,1810,22,hartford financial services,"hartford, connecticut"
diversified financials,1792,11,state street,"boston, massachusetts"
banking,1957,6,al rajhi bank,"riyadh, saudi arabia"
construction,2009,70,power construction corporation of china,"beijing, china"
chemicals,1926,17,shin-etsu chemical,"tokyo, japan"
business services & supplies,1984,16,fiserv,"brookfield, wisconsin"
drugs & biotechnology,1988,16,regeneron pharmaceuticals,"tarrytown, new york"
oil & gas operations,2010,90,eneos holdings,"tokyo, japan"
it software & services,1968,25,tata consultancy services,"mumbai, india"
insurance,2010,35,sompo,"tokyo, japan"
oil & gas operations,1956,42,omv group,"vienna, austria"
insurance,1857,23,swiss life holding,"zurich, switzerland"
banking,1995,15,bank of shanghai,"shanghai, china"
"telecommunications services, cable supplier",1995,9,american tower,"boston, massachusetts"
oil & gas operations,1997,17,pioneer natural resources,"irving, texas"
construction,1963,10,sun hung kai properties,"hong kong, hong kong"
chemicals,1998,22,wanhua chemical group,"yantai, china"
insurance,1909,15,sampo,"helsinki, finland"
construction,,23,china merchants shekou industrial zone holdings,"shenzhen, china"
consumer durables,1984,35,haier smart home,"shangdong, china"
capital goods,1911,19,eaton,"dublin, ireland"
oil & gas operations,1962,85,sk,"seoul, south korea"
business services & supplies,1885,24,johnson controls international,"cork, ireland"
"food, drink & tobacco",1953,65,jbs,"vila jaguara, brazil"
telecommunications services,1998,16,saudi telecom,"riyadh, saudi arabia"
conglomerates,1832,35,jardine matheson,"hamilton, bermuda"
transportation,1832,11,canadian national railway,"montreal, canada"
health care equipment & services,1941,17,stryker,"kalamazoo, michigan"
"telecommunications services, cable supplier",1865,26,nokia,"espoo, finland"
capital goods,1921,40,mitsubishi electric,"tokyo, japan"
consumer durables,1933,79,nissan motor,"yokohama, japan"
materials,1907,31,tata steel,"mumbai, india"
"food, drink & tobacco",1864,25,heineken,"amsterdam, netherlands"
aerospace & defense,1999,26,bae systems,"farnborough, united kingdom"
telecommunications services,2004,14,etisalat,"abu dhabi, united arab emirates"
"telecommunications services, cable supplier",1980,28,bt group,"london, united kingdom"
banking,1966,14,ctbc financial,"taipei, taiwan"
oil & gas operations,1994,15,novatek,"moscow, russia"
construction,,84,greenland holdings group,"shanghai, china"
utilities,1898,29,rwe group,"essen, germany"
"engineering, manufacturing",1924,26,daikin industries,"osaka, japan"
insurance,1844,26,aegon,"the hague, netherlands"
it software & services,2000,19,baidu,"beijing, china"
technology hardware & equipment,1876,27,ericsson,"stockholm, sweden"
business services & supplies,1937,32,canon,"tokyo, japan"
construction,1954,28,lennar,"miami, florida"
banking,1996,12,bank of nanjing,"nanjing, china"
health care equipment & services,1891,20,philips,"amsterdam, netherlands"
"food, drink & tobacco",2018,12,keurig pepper,"plano, texas"
utilities,2002,8,china yangtze power,"beijing, china"
banking,2003,7,dnb bank,"oslo, norway"
capital goods,1890,18,emerson electric,"st. louis, missouri"
"food, drink & tobacco",1901,22,imperial brands,"bristol, united kingdom"
aerospace & defense,1916,62,boeing,"arlington, virginia"
"food, soft beverages, alcohol & tobacco",1866,18,general mills,"minneapolis, minnesota"
banking,1993,11,axis bank,"mumbai, india"
banking and financial services,1979,9,national bank of canada,"montreal, canada"
media & advertising,1946,17,the estee lauder companies,"new york, new york"
capital goods,1996,33,cnh industrial,"london, united kingdom"
insurance,1951,23,fairfax financial,"toronto, canada"
"clothing, shoes, sports equipment",1949,25,adidas,"herzogenaurach, germany"
automotive  automotive and suppliers ,1889,28,michelin group,"clermont-ferrand, france"
transportation,1883,11,norfolk southern,"atlanta, georgia"
banking and financial services,1879,14,principal financial group,"des moines, iowa"
oil & gas operations,1998,13,sempra,"san diego, california"
utilities,1998,132,fortum,"espoo, finland"
materials,1942,14,grupo mexico,"mexico city, mexico"
construction,1978,28,dr horton,"arlington, texas"
aerospace & defense,2019,17,l3harris technologies,"melbourne, florida"
media,1915,7,naspers,"cape town, south africa"
banking,1862,15,standard bank group,"johannesburg, south africa"
oil & gas operations,1951,10,tc energy,"calgary, canada"
materials,1993,17,norilsk nickel,"moscow, russia"
oil & gas operations,1843,26,naturgy energy group,"barcelona, spain"
household & personal products,1876,23,henkel,"dusseldorf, germany"
semiconductors,1997,17,mediatek,"hsinchu, taiwan"
business services & supplies,1960,24,recruit holdings,"tokyo, japan"
capital goods,1999,30,hengli petrochemical,"dalian, china"
utilities,1909,13,xcel energy,"minneapolis, minnesota"
chemicals,2019,15,corteva,"wilmington, delaware"
business services & supplies,2003,11,synchrony financial,"stamford, connecticut"
trading companies,1948,69,toyota tsusho,"nagoya, japan"
consumer durables,1926,23,toyota industries,"kariya, japan"
drugs & biotechnology,1999,38,astrazeneca,"cambridge, united kingdom"
construction,2003,38,sunac china holdings,"tianjin, china"
construction,2006,70,china evergrande group,"shenzhen, china"
consumer durables,1931,29,bridgestone,"tokyo, japan"
banking,1963,8,emirates nbd,"dubai, united arab emirates"
construction,1947,38,daiwa house industry,"osaka, japan"
retailing,1998,147,jdcom,"beijing, china"
"construction, oil & gas operations, mining and chemicals",1997,16,kinder morgan,"houston, texas"
construction,2005,42,china national building,"beijing, china"
diversified financials,1966,10,firstrand,"johannesburg, south africa"
retail and wholesale,1959,87,carrefour,"massy, france"
technology hardware & equipment,1935,32,fujitsu,"tokyo, japan"
banking,1972,7,seb ab,"stockholm, sweden"
oil & gas operations,1990,19,surgutneftegas,"surgut, russia"
insurance,1996,34,new china life insurance,"beijing, china"
materials,1983,11,barrick gold,"toronto, canada"
transportation,1976,29,dsv panalpina,"hedehusene, denmark"
insurance,1990,51,talanx,"hannover, germany"
"telecommunications services, cable supplier",1984,53,vodafone,"berkshire, united kingdom"
consumer durables,1889,15,nintendo,"kyoto, japan"
banking,2005,13,hana financial group,"seoul, south korea"
capital goods,1977,36,hyundai mobis,"seoul, south korea"
utilities,1975,17,ntpc,"new delhi, india"
banking and financial services,1960,9,maybank,"kuala lumpur, malaysia"
diversified financials,1898,4,cme group,"chicago, illinois"
utilities,2005,12,taqa,"abu dhabi, united arab emirates"
"food, soft beverages, alcohol & tobacco",1975,11,pernod ricard,"paris, france"
banking,1824,9,bank mandiri,"jakarta, indonesia"
"food, drink & tobacco",1890,27,femsa,"monterrey , mexico"
automotive  automotive and suppliers ,1972,23,paccar,"bellevue, washington"
utilities,1823,13,consolidated edison,"new york, new york"
construction,1941,18,mitsui fudosan,"tokyo, japan"
transportation,,17,evergreen marine corp taiwan,"taipei, taiwan"
capital goods,1921,24,komatsu,"tokyo, japan"
materials,2008,22,shaanxi coal industry,"xi'an, china"
technology hardware & equipment,1984,70,lenovo group,"quarry bay, hong kong"
retailing,1963,19,fast retailing,"yamaguchi, japan"
diversified financials,1802,9,london stock exchange,"london, united kingdom"
construction,1998,6,vonovia,"bochum, germany"
insurance,2000,45,aviva,"london, united kingdom"
"construction, oil & gas operations, mining and chemicals",1866,19,sherwin-williams,"cleveland, ohio"
consumer durables,1934,22,fujifilm holdings,"tokyo, japan"
it software & services,1983,11,intuit,"mountain view, california"
"semiconductors, electronics, electrical engineering, technology hardware & equipment",1980,16,lam research,"fremont, california"
banking and financial services,2008,11,erste group bank,"vienna, austria"
insurance,1968,19,lincoln national,"radnor, pennsylvania"
capital goods,1915,20,carrier global,"palm beach gardens, florida"
media,1980,17,dish network,"englewood, colorado"
materials,2006,35,china coal energy,"beijing, china"
automotive  automotive and suppliers ,1871,39,continental,"hanover, germany"
banking,1990,21,vtb bank,"moscow, russia"
technology hardware & equipment,1944,16,murata manufacturing,"nagaokakyo, japan"
construction,1938,20,larsen & toubro,"mumbai, india"
banking and financial services,1919,10,ally financial,"detroit, michigan"
it software & services,1997,13,netease,"hangzhou, china"
banking,1955,6,bank central asia,"jakarta, indonesia"
consumer durables,2010,32,volvo car,"gothenburg, sweden"
insurance,1809,14,intact financial,"toronto, canada"
oil & gas operations,1972,11,orsted,"fredericia, denmark"
"engineering, manufacturing",1919,24,cummins,"columbus, ohio"
oil & gas operations,1908,10,williams,"tulsa, oklahoma"
it software & services,1967,21,capgemini,"paris, france"
real estate,1993,4,prologis,"denver, colorado"
aerospace & defense,1949,19,thales,"paris, france"
construction,1952,44,bouygues,"paris, france"
banking,1899,10,banorte,"san pedro garza garcia, mexico"
construction,2015,8,ck asset holdings,"hong kong, hong kong"
telecommunications services,1988,50,orange,"paris, france"
transportation,1890,35,kuehne & nagel international,"schindellegi, switzerland"
"food, drink & tobacco",1818,59,bunge,"st. louis, missouri"
insurance,1957,25,samsung life insurance,"seoul, south korea"
it software & services,1998,12,vmware,"palo alto, california"
food markets,1939,71,albertsons,"boise, idaho"
capital goods,2007,34,crrc,"beijing, china"
construction,1906,27,cbre group,"dallas, texas"
conglomerate,1875,30,toshiba,"tokyo, japan"
trading companies,1963,30,samsung c&t,"seoul, south korea"
it software & services,1981,16,infosys,"bangalore, india"
banking and financial services,1848,26,prudential,"hong kong, london, united kingdom"
materials,1997,16,yankuang energy group,"zoucheng, china"
transportation,1881,6,canadian pacific railway,"calgary, canada"
insurance,1954,14,loews,"new york, new york"
semiconductors,1963,17,tokyo electron,"tokyo, japan"
consumer durables,1958,66,lg electronics,"seoul, south korea"
drugs & biotechnology,1916,10,csl,"parkville, australia"
consumer durables,1957,36,magna international,"aurora, canada"
"semiconductors, electronics, electrical engineering, technology hardware & equipment",1965,8,analog devices,"wilmington, massachusetts"
capital goods,1890,20,kubota,"osaka, japan"
chemicals,1940,10,air products & chemicals,"allentown, pennsylvania"
materials,1921,12,newmont mining,"denver, colorado"
technology hardware & equipment,2007,15,te connectivity,"schaffhausen, switzerland"
insurance,1982,12,aon,"dublin, ireland"
business services & supplies,1990,13,telus,"vancouver, canada"
retailing,1986,26,dollar tree,"chesapeake, virginia"
banking,1958,7,keycorp,"cleveland, ohio"
insurance,1828,9,wtw,"london, united kingdom"
banking,1993,16,china zheshang bank,"hangzhou, china"
food markets,1914,25,wesfarmers,"perth, australia"
consumer durables,1909,32,suzuki motor,"hamamatsu, japan"
retail and wholesale,1966,51,best buy,"richfield, minnesota"
banking,1983,6,svb financial group,"santa clara, california"
semiconductors,1969,16,advanced micro devices,"santa clara, california"
banking and financial services,1930,12,markel,"glen allen, virginia"
"food, drink & tobacco",2000,11,muyuan foodstuff,"nanyang, china"
packaged goods,1872,19,kimberly-clark,"irving, texas"
banking,1991,6,swedbank,"sundbyberg, sweden"
it software & services,1994,18,cognizant,"teaneck, new jersey"
"engineering, manufacturing",1851,14,corning,"corning, new york"
"semiconductors, electronics, electrical engineering, technology hardware & equipment",1999,13,infineon technologies,"neubiberg, germany"
banking,1828,6,citizens financial group,"providence, rhode island"
oil & gas operations,1971,13,devon energy,"oklahoma city, oklahoma"
"food, drink & tobacco",1949,20,asahi group holdings,"tokyo, japan"
materials,1994,17,jsw steel,"mumbai, india"
"telecommunications services, cable supplier",1968,19,lumen technologies,"monroe, louisiana"
banking and financial services,1971,6,regions financial,"birmingham, alabama"
banking and financial services,1871,6,svenska handelsbanken,"stockholm, sweden"
diversified financials,1962,10,raymond james financial,"saint petersburg, florida"
consumer durables,1995,32,byd,"shenzhen, china"
capital goods,1912,14,illinois tool works,"glenview, illinois"
retailing,,14,pinduoduo,"shanghai, china"
consumer durables,2008,8,activision blizzard,"santa monica, california"
media,2005,10,liberty global,"london, united kingdom"
household & personal products,1806,17,colgate-palmolive,"new york, new york"
utilities,1989,10,sse,"perth, united kingdom"
chemicals,1958,14,nan ya plastics,"kaohsiung city, taiwan"
telecommunications services,1853,11,vivendi,"paris, france"
health care equipment & services,1931,12,baxter international,"deerfield, illinois"
insurance,1992,25,fosun international,"shanghai, china"
capital goods,2002,31,weichai power,"weifang, china"
insurance,1847,15,fidelity national financial,"jacksonville, florida"
capital goods,1918,15,parker-hannifin,"cleveland, ohio"
materials,1976,16,vedanta limited,"mumbai, india"
diversified financials,2001,11,woori financial group,"seoul, south korea"
food markets,1969,60,sysco,"houston, texas"
telecommunications services,1975,15,telstra,"melbourne, australia"
banking,1856,30,credit suisse group,"zurich, switzerland"
telecommunications services,1960,11,rogers communications,"toronto, canada"
banking,1856,5,m&t bank,"buffalo, new york"
health care equipment & services,1979,11,boston scientific,"marlborough, massachusetts"
utilities,1886,14,edison international,"rosemead, california"
transportation,1929,23,financiere de l'odet,"paris, france"
banking,2002,10,sumitomo mitsui trust,"tokyo, japan"
utilities,1913,11,entergy,"new orleans, louisiana"
telecommunications services,1998,12,swisscom,"worblaufen, switzerland"
utilities,1997,38,enbw-energie baden,"karlsruhe, germany"
technology hardware & equipment,2001,13,hikvision,"hangzhou, china"
transportation,1885,19,nippon yusen,"tokyo, japan"
"semiconductors, electronics, electrical engineering, technology hardware & equipment",1843,16,stanley black & decker,"new britain, connecticut"
oil & gas operations,1906,17,oneok,"tulsa, oklahoma"
travel & leisure,1927,13,marriott international,"bethesda, maryland"
media,2022,12,warner bros discovery,"new york, new york"
business services & supplies,1993,32,sf holding,"shenzhen, china"
transportation and logistics,1924,35,delta air lines,"atlanta, georgia"
oil & gas operations,1928,43,bharat petroleum,"mumbai, india"
oil & gas operations,1919,16,halliburton,"houston, texas"
construction,2008,77,metallurgical corp of china,"beijing, china"
banking,1889,6,northern trust,"chicago, illinois"
construction,1874,22,heidelbergcement,"heidelberg, germany"
materials,1971,16,china steel,"kaohsiung city, taiwan"
utilities,1996,9,eversource energy,"hartford, connecticut"
capital goods,1994,17,sany heavy industry,"beijing, china"
retail and wholesale,1837,10,hermes international,"paris, france"
materials,1898,21,international paper,"memphis, tennessee"
oil & gas operations,1963,38,koc holding,"istanbul, turkey"
capital goods,1973,17,nidec,"kyoto, japan"
it software & services,2010,27,meituan,"beijing, china"
diversified financials,1985,7,kotak mahinbank,"mumbai, india"
materials,1906,10,teck resources,"vancouver, canada"
transportation and logistics,1967,15,southwest airlines,"dallas, texas"
diversified financials,1990,5,deutsche boerse,"eschborn, germany"
health care equipment & services,1978,16,labcorp,"burlington, north carolina"
telecommunications services,2014,13,china tower corp,"beijing, china"
oil & gas operations,2006,11,inpex,"tokyo, japan"
"food, soft beverages, alcohol & tobacco",2016,16,coca-cola european partners,"uxbridge, united kingdom"
"food, drink & tobacco",1998,8,wuliangye yibin,"yibin, china"
construction,2004,21,shimao property holdings,"hong kong, hong kong"
oil & gas operations,1911,54,idemitsu kosan,"tokyo, japan"
oil & gas operations,1992,22,formosa petrochemical,"taipei, taiwan"
diversified financials,1994,6,crown castle international,"houston, texas"
utilities,1997,11,firstenergy,"akron, ohio"
household & personal products,1995,27,rongsheng petrochemical,"hangzhou, china"
materials,1958,24,hindalco industries,"mumbai, india"
banking,1996,8,bank of hangzhou,"hangzhou, china"
consumer durables,1898,54,renault,"boulogne-billancourt, france"
"food, drink & tobacco",1998,7,international holding company,"abu dhabi, united arab emirates"
insurance,1950,9,cincinnati financial,"fairfield, ohio"
construction,1937,12,mitsubishi estate,"tokyo, japan"
"construction, oil & gas operations, mining and chemicals",1847,22,cleveland-cliffs,"cleveland, ohio"
construction,1997,32,grupo acs,"madrid, spain"
utilities,2014,12,cgn power,"shenzhen, china"
semiconductors,1984,21,ase technology holding,"kaohsiung city, taiwan"
materials,2002,36,jfe holdings,"tokyo, japan"
utilities,1996,15,dte energy,"detroit, michigan"
materials,1994,17,china hongqiao group,"binzhou, china"
semiconductors,2006,11,nxp semiconductors,"eindhoven, netherlands"
"semiconductors, electronics, electrical engineering, technology hardware & equipment",1970,18,western digital,"san jose, california"
business services & supplies,1996,11,booking holdings,"norwalk, connecticut"
food markets,1926,78,aeon,"chiba, japan"
banking,1985,5,first republic bank,"san francisco, california"
it software & services,2005,9,lufax holding,"shanghai, china"
"engineering, manufacturing",1873,12,atlas copco,"nacka, sweden"
"it, internet, software & services",2006,13,fidelity national information fis,"jacksonville, florida"
chemicals,2005,34,mitsubishi chemical,"tokyo, japan"
utilities,1976,17,edp-energias de portugal,"lisbon, portugal"
technology hardware & equipment,1959,16,kyocera,"kyoto, japan"
trading companies,1998,109,xiamen c&d,"xiamen, china"
retailing,1979,15,autozone,"memphis, tennessee"
insurance,1931,40,china taiping insurance,"hong kong, hong kong"
oil & gas operations,1881,37,cenovus energy,"calgary, canada"
oil & gas operations,1948,17,neste,"espoo, finland"
consumer durables,1930,151,porsche automobil holding,"stuttgart, germany"
"clothing, shoes, sports equipment",1947,23,h&m - hennes & mauritz,"stockholm, sweden"
business services & supplies,1903,10,relx,"london, united kingdom"
utilities,1995,20,pg&e,"san francisco, california"
business services & supplies,1998,11,republic services,"phoenix, arizona"
retailing,1982,18,ross stores,"dublin, california"
utilities,1981,8,wec energy group,"milwaukee, wisconsin"
retail and wholesale,1971,171,cardinal health,"dublin, delaware"
retailing,1993,31,carmax,"richmond, virginia"
banking,2001,12,china development financial,"taipei, taiwan"
banking,1983,3,riyad bank,"riyadh, saudi arabia"
media & advertising,2008,6,thomson reuters,"eagan, minnesota"
oil & gas operations,1993,14,transneft,"moscow, russia"
trading companies,1887,22,ferguson,"wokingham, united kingdom"
drugs & biotechnology,1982,13,iqvia,"durham, north carolina"
diversified financials,2000,2,hong kong exchanges,"hong kong, hong kong"
"construction, oil & gas operations, mining and chemicals",1883,17,ppg,"pittsburgh, pennsylvania"
technology hardware & equipment,1984,76,legend holding,"beijing, china"
business services & supplies,1923,12,ecolab,"saint paul, minnesota"
drugs & biotechnology,2003,80,sinopharm group,"shanghai, china"
technology hardware & equipment,2004,23,luxshare precision industry,"dongguan, china"
construction,1996,26,seazen group,"shanghai, china"
business services & supplies,2000,8,global payments,"atlanta, georgia"
construction,2014,49,china energy engineering,"beijing, china"
aerospace & defense,1984,17,safran,"paris, france"
business services & supplies,1888,8,s&p global,"new york, new york"
banking,1866,6,huntington bank,"columbus, ohio"
insurance,1995,8,arch capital group,"pembroke, bermuda"
diversified financials,,8,jackson financial,"lansing, michigan"
banking,1902,5,bank leumi,"tel aviv, israel"
conglomerates,1885,14,trane technologies,"dublin, ireland"
utilities,1853,33,veolia environnement,"paris, france"
retailing,1957,13,o'reilly automotive,"springfield, missouri"
drugs & biotechnology,1978,10,biogen,"cambridge, massachusetts"
media,1926,13,publicis groupe,"paris, france"
trading companies,1952,46,hanwha,"seoul, south korea"
"construction, oil & gas operations, mining and chemicals",2004,12,the mosaic company,"tampa, florida"
telecommunications services,1995,15,bharti airtel,"new delhi, india"
transportation,2004,11,daqin railway,"datong, china"
it software & services,2009,17,uber,"san francisco, california"
"semiconductors, electronics, electrical engineering, technology hardware & equipment",1987,12,stmicroelectronics,"geneva, switzerland"
construction,1988,14,gemdale,"shenzhen, china"
insurance,1824,14,ageas,"brussels, belgium"
technology hardware & equipment,1988,40,quanta computer,"taoyuan, taiwan"
food markets,1882,43,george weston,"toronto, canada"
diversified financials,1900,10,weyerhaeuser,"federal way, washington"
utilities,1915,52,korea electric power,"naju, south korea"
media,2015,13,fox,"new york, new york"
capital goods,1934,34,mitsubishi heavy industries,"tokyo, japan"
"engineering, manufacturing",1993,20,steel dynamics,"fort wayne, indiana"
technology hardware & equipment,1972,6,keyence,"osaka, japan"
semiconductors,2000,11,longi green energy technology,"xi'an, china"
household & personal products,1823,18,reckitt benckiser group,"slough, united kingdom"
materials,1973,14,coal india,"kolkata, india"
consumer durables,1949,35,aisin seiki,"kariya, japan"
diversified financials,2004,4,digital realty trust,"austin, texas"
consumer durables,1945,39,tata motors,"mumbai, india"
banking,2001,7,resona holdings,"tokyo, japan"
diversified financials,1993,5,simon property group,"indianapolis, indiana"
banking,1961,9,industrial bank of korea,"seoul, south korea"
utilities,1901,10,clp holdings,"hong kong, hong kong"
banking,1952,3,national bank of kuwait,"kuwait city, kuwait"
telecommunications services,1879,11,singtel,"singapore, singapore"
it software & services,2012,7,coinbase,"san francisco, california"
utilities,1882,8,centerpoint energy,"houston, texas"
materials,1997,7,saudi arabian mining,"riyadh, saudi arabia"
diversified financials,1999,10,china cinda asset management,"beijing, china"
chemicals,1931,21,asahi kasei,"tokyo, japan"
technology hardware & equipment,1899,27,nec,"tokyo, japan"
transportation,1968,29,united airlines holdings,"chicago, illinois"
"hotels, restaurants & leisure",1986,9,mgm resorts,"las vegas, nevada"
materials,1902,10,dsm,"heerlen, netherlands"
telecommunications services,1965,10,telkom indonesia,"jakarta, indonesia"
oil & gas operations,1999,34,pkn orlen,"p ock, poland"
diversified financials,1999,6,guotai junan securities,"wanchai, china"
materials,1905,16,norsk hydro,"oslo, norway"
chemicals,1954,9,formosa plastics,"kaohsiung city, taiwan"
utilities,1989,26,nrg energy,"houston, texas"
banking,1966,4,public bank,"kuala lumpur, malaysia"
technology hardware & equipment,1981,25,tcl,"huizhou, china"
diversified financials,1990,6,huatai securities,"nanjing, china"
"food, soft beverages, alcohol & tobacco",1906,14,kellogg,"battle creek, michigan"
"food, drink & tobacco",,16,inner mongolia yili,"hohhot, china"
media,1971,17,wpp,"london, united kingdom"
media,1986,14,omnicom group,"new york, new york"
construction,1960,23,sekisui house,"osaka, japan"
oil & gas operations,1983,17,cheniere energy,"houston, texas"
capital goods,1862,11,sandvik,"stockholm, sweden"
chemicals,1913,16,siam cement,"bangkok, thailand"
transportation,1987,17,east japan railway,"tokyo, japan"
banking,1985,4,abu dhabi commercial bank,"abu dhabi, united arab emirates"
banking,1997,10,huishang bank,"hefei, china"
consumer durables,1984,20,great wall motor,"baoding, china"
diversified financials,1988,7,haitong securities,"shanghai, china"
consumer durables,1969,17,dongfeng motor group,"wuhan, china"
insurance,1996,25,china reinsurance group,"beijing, china"
construction,1976,3,henderson land,"hong kong, hong kong"
technology hardware & equipment,1970,11,samsung sdi,"yongin, south korea"
utilities,1987,7,fortis canada,"st. john's, canada"
telecommunications services,1984,14,sk telecom,"seoul, south korea"
diversified financials,1977,8,hal trust,"willemstad, netherlands"
diversified financials,1979,2,banco btg pactual,"rio de janeiro, brazil"
"construction, oil & gas operations, mining and chemicals",1987,20,baker hughes company,"houston, texas"
insurance,2016,8,gallagher,"rolling meadows, illinois"
insurance,1999,11,everest re group,"hamilton, bermuda"
technology hardware & equipment,1932,10,amphenol,"wallingford, connecticut"
transportation and logistics,1930,34,american airlines group,"fort worth, texas"
"it, internet, software & services",1997,8,kla,"milpitas, california"
drugs & biotechnology,2005,11,astellas pharma,"tokyo, japan"
drugs & biotechnology,1950,13,otsuka holding,"tokyo, japan"
banking,2005,10,china bohai bank,"tianjin, china"
banking,1993,8,kasikornbank,"bangkok, thailand"
banking,1921,5,bank hapoalim,"tel aviv, israel"
oil & gas operations,1954,7,woodside petroleum,"perth, australia"
transportation,2000,6,mtr,"hong kong, hong kong"
oil & gas operations,1950,17,tatneft,"almetyevsk, russia"
business services & supplies,1986,10,power finance,"new delhi, india"
drugs & biotechnology,1952,7,zoetis,"parsippany, new jersey"
drugs & biotechnology,1897,5,lonza group,"basel, switzerland"
construction,1992,22,eiffage,"velizy-villacoublay, france"
chemicals,1913,24,sumitomo chemical,"tokyo, japan"
drugs & biotechnology,1989,7,vertex pharmaceuticals,"boston, massachusetts"
utilities,,19,constellation energy,"baltimore, maryland"
construction,2000,16,cifi holdings group,"shanghai, china"
banking,2010,9,raiffeisen bank international,"vienna, austria"
consumer durables,1911,22,whirlpool,"benton harbor, michigan"
capital goods,1866,32,siemens energy,"munich, germany"
materials,2015,19,westrock,"atlanta, georgia"
insurance,1952,18,samsung fire & marine,"seoul, south korea"
materials,1901,20,us steel,"pittsburgh, pennsylvania"
materials,1978,11,upm-kymmene,"helsinki, finland"
chemicals,1965,13,formosa chemicals,"changhua, taiwan"
oil & gas operations,1962,40,sk innovation,"seoul, south korea"
telecommunications services,1966,10,telia,"solna, sweden"
insurance,2004,20,t&d holdings,"tokyo, japan"
insurance,1935,23,mapfre,"majadahonda, spain"
it software & services,1976,11,hcl technologies,"noida, india"
construction,1949,8,sumitomo realty,"tokyo, japan"
chemicals,1986,11,westlake chemical,"houston, texas"
diversified financials,1990,4,apollo global management,"new york, new york"
business services & supplies,1997,9,united rentals,"stamford, connecticut"
oil & gas operations,2007,6,diamondback energy,"midland, texas"
"engineering, manufacturing",1853,14,otis worldwide,"farmington, connecticut"
banking,2008,8,chongqing rural bank,"chongqing, china"
materials,1880,13,ball,"westminster, colorado"
materials,1996,12,stora enso,"helsinki, finland"
transportation,,11,yang ming marine transport,"keelung, taiwan"
insurance,1857,33,phoenix group holdings,"london, united kingdom"
it software & services,1945,10,wipro,"bengaluru, india"
utilities,1989,5,power grid of india,"gurgaon, india"
banking and financial services,1991,9,absa group,"johannesburg, south africa"
materials,1934,16,novolipetsk steel,"moscow, russia"
capital goods,1911,30,sumitomo electric,"osaka, japan"
insurance,,24,st james's place,"cirencester, united kingdom"
construction,1947,12,grasim industries,"mumbai, india"
diversified financials,1920,751,segro,"london, united kingdom"
diversified financials,2002,2,mega financial holding,"taipei, taiwan"
retailing,2008,27,zhongsheng group holdings,"dalian, china"
insurance,2002,15,shin kong financial,"taipei, taiwan"
utilities,1987,7,cenergy,"jackson, michigan"
conglomerates,1957,8,quinenco,"las condes, chile"
chemicals,2007,18,evonik industries,"essen, germany"
it software & services,2004,2,east money information,"shanghai, china"
insurance,1886,13,qbe insurance group,"sydney, australia"
utilities,1949,12,tenaga nasional,"kuala lumpur, malaysia"
it software & services,1999,6,naver,"seongnam, south korea"
technology hardware & equipment,1935,16,tdk,"tokyo, japan"
diversified financials,1925,12,nomura,"tokyo, japan"
construction,1987,15,jinke property group,"chongqing, china"
utilities,1951,47,tokyo electric power,"tokyo, japan"
"it, internet, software & services",1984,20,cdw,"vernon hills, illinois"
"food, soft beverages, alcohol & tobacco",1894,9,the hershey company,"derry township, pennsylvania"
"food, drink & tobacco",1910,7,itc,"kolkata, india"
oil & gas operations,1976,18,pgnig group,"warsaw, poland"
telecommunications services,1994,12,mtn group,"roodepoort, south africa"
"hotels, restaurants & leisure",1994,24,compass group,"chertsey, united kingdom"
insurance,1967,9,wr berkley,"greenwich, connecticut"
business services & supplies,1909,6,moody's,"new york, new york"
trading companies,1928,19,genuine parts,"atlanta, georgia"
transportation,2007,4,beijing-shanghai high-speed railway,"beijing, china"
materials,2001,41,aluminum corp of china,"beijing, china"
utilities,1951,26,kansai electric power,"osaka, japan"
diversified financials,1972,3,public storage,"glendale, california"
business services & supplies,1984,10,china international travel service,"beijing, china"
chemicals,1910,10,sika,"baar, switzerland"
banking,2000,2,signature bank,"new york, new york"
diversified financials,1937,7,t rowe price,"baltimore, maryland"
household & personal products,1833,11,international flavors & fragrances,"new york, new york"
transportation,1982,6,atlantia,"rome, italy"
conglomerates,1981,6,roper technologies,"sarasota, florida"
transportation,1993,5,shanghai international port,"shanghai, china"
drugs & biotechnology,2005,9,daiichi sankyo,"tokyo, japan"
business services & supplies,1997,15,rakuten,"tokyo, japan"
diversified financials,1947,8,franklin resources,"san mateo, california"
banking,1783,8,bank of ireland,"dublin, ireland"
transportation,1942,10,mitsui osk lines,"tokyo, japan"
banking,1978,2,saudi british bank,"riyadh, saudi arabia"
utilities,1902,6,ameren,"st. louis, missouri"
"telecommunications services, cable supplier",1996,7,chunghwa telecom,"teipei city, taiwan"
capital goods,1994,11,assa abloy,"stockholm, sweden"
"telecommunications services, cable supplier",1985,17,zte,"shenzhen, china"
insurance,2000,11,asr nederland,"utrecht, netherlands"
"food, drink & tobacco",1919,11,conagra brands,"chicago, illinois"
banking,1870,14,commerzbank,"frankfurt, germany"
conglomerates,2007,8,bajaj finserv,"pune, india"
materials,1953,20,hyundai steel,"inchon, south korea"
trading companies,1985,26,lg display,"seoul, south korea"
telecommunications services,1981,21,kt,"seongnam, south korea"
construction,2010,12,logan property holdings,"shenzhen, china"
utilities,1903,8,public service enterprise group,"newark, new jersey"
materials,2002,14,en group international,"kaliningrad, russia"
banking,1924,12,isbank,"istanbul, turkey"
transportation,1979,16,expeditors international,"seattle, washington"
materials,1961,16,ternium,"luxembourg, luxembourg"
utilities,1992,10,cez group,"prague, czech republic"
consumer durables,1916,21,isuzu motors,"yokohama, japan"
semiconductors,2002,9,renesas electronics,"tokyo, japan"
banking and financial services,1961,16,unipol gruppo,"bologna, italy"
diversified financials,1999,5,sbi holdings,"tokyo, japan"
consumer durables,1985,13,techtronic industries,"hong kong, hong kong"
transportation,1952,8,ferrovial,"madrid, spain"
banking,1924,5,cimb group holdings,"kuala lumpur, malaysia"
construction,1910,12,kone,"helsinki, finland"
retailing,1993,21,e-mart,"seoul, south korea"
diversified financials,1991,5,gf securities,"guangzhou, china"
diversified financials,1991,5,china merchants securities,"shenzhen, china"
diversified financials,1996,731,annaly capital management,"new york, new york"
food markets,1914,29,coles group,"melbourne, australia"
transportation,1987,8,central japan railway,"nagoya, japan"
diversified financials,1966,10,sabanci holding,"istanbul, turkey"
diversified financials,2002,5,yuanta financial holding,"taipei, taiwan"
diversified financials,2003,24,antarchile,"las condes, chile"
transportation,,12,hmm,"seoul, south korea"
technology hardware & equipment,1978,12,seagate technology,"dublin, ireland"
insurance,1929,12,alleghany,"new york, new york"
diversified financials,1994,3,guosen securities,"shenzhen, china"
business services & supplies,1946,9,avis budget group,"parsippany, new jersey"
materials,1997,68,jiangxi copper,"nanchang, china"
business services & supplies,1971,14,mitsubishi ufj lease,"tokyo, japan"
materials,1950,10,sumitomo metal mining,"tokyo, japan"
technology hardware & equipment,1989,19,asustek computer,"taipei, taiwan"
"food, drink & tobacco",1935,19,associated british foods,"london, united kingdom"
utilities,2008,9,china national nuclear power,"beijing, china"
diversified financials,1995,3,china international capital,"beijing, china"
materials,2006,26,china molybdenum,"luoyang, china"
diversified financials,1859,11,equitable holdings,"new york, new york"
"construction, oil & gas operations, mining and chemicals",2015,18,covestro,"leverkusen, germany"
diversified financials,2018,23,m&g,"london, united kingdom"
"it, internet, software & services",2006,4,shopify,"ottawa, canada"
construction,1994,43,shanghai construction,"shanghai, china"
household & personal products,1929,14,essity,"stockholm, sweden"
trading companies,1927,13,ww grainger,"lake forest, illinois"
banking,1906,12,canara bank,"bangalore, india"
drugs & biotechnology,1961,17,viatris,"canonsburg, pennsylvania"
utilities,1886,3,american water works,"camden, new jersey"
semiconductors,1980,7,united microelectronics,"hsinchu, taiwan"
"clothing, shoes, sports equipment",1899,11,vf,"denver, colorado"
health care equipment & services,1995,5,intuitive surgical,"sunnyvale, california"
oil & gas operations,1941,3,snam,"milan, italy"
capital goods,1945,18,vestas wind systems,"aarhus, denmark"
consumer durables,1953,25,subaru,"tokyo, japan"
construction,1998,14,jiangsu zhongnan construction group,"shanghai, china"
"food, drink & tobacco",1847,10,carlsberg,"copenhagen, denmark"
construction,1998,19,builders firstsource,"dallas, texas"
semiconductors,2000,5,semiconductor manufacturing international,"shanghai, china"
banking,1919,4,pko bank polski,"warsaw, poland"
oil & gas operations,1992,14,enn energy holdings,"langfang, china"
"food, drink & tobacco",2006,27,wh group,"hong kong, hong kong"
materials,1860,13,amcor,"warmley, united kingdom"
oil & gas operations,1983,24,korea gas,"daegu, south korea"
conglomerates,1968,8,jefferies financial,"new york, new york"
materials,1955,11,severstal,"cherepovets, russia"
diversified financials,1994,2,alexandria real estate equities,"pasadena, california"
banking,1890,5,julius baer group,"zurich, switzerland"
diversified financials,1918,14,sanlam,"bellville, south africa"
construction,1997,7,emaar properties,"dubai, united arab emirates"
banking,1955,3,joint stock commercial bank for foreign trade of vietnam,"ha noi, vietnam"
aerospace & defense,2011,8,motorola solutions,"chicago, illinois"
banking,2005,5,shanghai rural commercial bank,"shanghai, china"
chemicals,2002,19,braskem,"butanta, brazil"
banking,1957,12,bank of baroda,"vadodara, india"
oil & gas operations,1976,24,s-oil,"seoul, south korea"
retailing,1938,13,tractor supply,"brentwood, tennessee"
insurance,1996,9,suncorp group,"brisbane, australia"
oil & gas operations,1991,19,mol hungarian oil,"budapest, hungary"
consumer durables,1994,15,aptiv,"dublin, ireland"
insurance,1999,4,voya financial,"new york, new york"
conglomerates,1966,17,gs holdings,"seoul, south korea"
materials,1901,14,gerdau cosigua,"sao paulo, brazil"
diversified financials,1993,2,equity residential,"chicago, illinois"
banking,1982,1,qatar islamic bank,"doha, qatar"
"food, drink & tobacco",1891,12,hormel foods,"austin, minnesota"
diversified financials,1996,6,shenwan hongyuan group,"urumqi, china"
insurance,1973,16,reinsurance group of america,"chesterfield, missouri"
health care equipment & services,1967,10,quest diagnostics,"secaucus, new jersey"
"construction, oil & gas operations, mining and chemicals",1863,13,solvay,"brussels, belgium"
oil & gas operations,1997,6,pembina pipeline,"calgary, canada"
banking,1977,2,banque saudi fransi,"riyadh, saudi arabia"
capital goods,1959,6,smc,"tokyo, japan"
"construction, oil & gas operations, mining and chemicals",1950,15,sasol,"sandton, south africa"
"food, drink & tobacco",1786,10,molson coors brewing,"golden, colorado"
retailing,1929,25,macy's,"new york, new york"
banking,1945,6,bancolombia,"medellin, colombia"
business services & supplies,1968,7,cintas,"cincinnati, ohio"
capital goods,1980,25,china international marine,"shenzhen, china"
utilities,1994,31,huaneng power international,"beijing, china"
"hotels, restaurants & leisure",2014,5,restaurant brands international,"toronto, canada"
insurance,1803,10,grupa pzu,"warsaw, poland"
household & personal products,1887,12,kao,"tokyo, japan"
construction,2005,11,agile group holdings,"guangzhou, china"
trading companies,1946,34,arrow electronics,"centennial, colorado"
business services & supplies,1997,14,shenzhen overseas,"shenzhen, china"
health care equipment & services,1967,19,tenet healthcare,"dallas, texas"
diversified financials,1994,10,grupo aval,"bogota, colombia"
food markets,1988,17,cp all,"bangkok, thailand"
consumer durables,1973,15,geely automobile holdings,"hong kong, hong kong"
utilities,1997,20,centrica,"windsor, united kingdom"
banking,1975,3,dubai islamic bank,"dubai, united arab emirates"
materials,1924,7,suzano papel e celulose,"salvador, brazil"
diversified financials,2005,1,link reit,"hong kong, hong kong"
"hotels, restaurants & leisure",1997,6,yum brands,"louisville, canada"
materials,1983,8,first quantum minerals,"vancouver, canada"
business services & supplies,1995,4,aercap holdings,"dublin, ireland"
banking,1864,3,first horizon,"memphis, tennessee"
media,2001,9,dentsu,"tokyo, japan"
drugs & biotechnology,1980,27,molina healthcare,"long beach, california"
banking,1919,11,union bank of india,"mumbai, india"
household & personal products,1926,19,toray industries,"tokyo, japan"
it software & services,2009,17,block,"san francisco, california"
utilities,1962,7,eletrobras,"rio de janeiro, brazil"
"food, drink & tobacco",2004,13,china mengniu dairy,"hong kong, hong kong"
insurance,1968,15,db insurance,"seoul, south korea"
banking,1992,3,esun financial,"taipei, taiwan"
banking,1949,5,otp bank,"budapest, hungary"
retailing,1958,8,sm investments,"manila, philippines"
business services & supplies,1995,10,ebay,"san jose, california"
drugs & biotechnology,1958,5,edwards lifesciences,"irvine, california"
banking,1946,2,taiwan cooperative financial,"taipei, taiwan"
"food, drink & tobacco",1945,8,constellation brands,"victor, new york"
construction,2004,14,china jinmao,"hong kong, hong kong"
capital goods,1972,6,fanuc,"minamitsuru, japan"
construction,,12,yango group,"shanghai, china"
capital goods,1860,8,legrand,"limoges, france"
drugs & biotechnology,1994,33,shanghai pharmaceuticals,"shanghai, china"
chemicals,1907,15,agc,"tokyo, japan"
construction,,23,shaanxi construction engineering group,"xi'an, china"
materials,1997,25,hunan valin steel,"changsha, china"
construction,1989,1,goodman group,"sydney, australia"
insurance,1892,13,ia financial corporation,"quebec, canada"
insurance,1848,12,unum,"chattanooga, tennessee"
household & personal products,1991,7,anta sports products,"xiamen, china"
oil & gas operations,1967,5,continental resources,"oklahoma city, oklahoma"
insurance,1864,11,baloise group,"basel, switzerland"
technology hardware & equipment,2007,45,pegatron,"taipei, taiwan"
construction,1783,19,jones lang lasalle,"chicago, illinois"
insurance,1959,6,american financial group,"cincinnati, ohio"
diversified financials,1902,5,daiwa securities,"tokyo, japan"
transportation,1953,19,deutsche lufthansa,"cologne, germany"
diversified financials,1935,7,invesco,"atlanta, georgia"
diversified financials,1971,5,nasdaq,"new york, new york"
capital goods,1874,12,schindler holding,"hergiswil, switzerland"
banking,1849,3,comerica,"dallas, texas"
banking,1923,4,mizrahi tefahot bank,"ramat gan, israel"
health care equipment & services,1952,2,bio-rad laboratories,"hercules, california"
chemicals,2003,4,industries qatar,"doha, qatar"
it software & services,1995,5,kakao,"jejusi, south korea"
business services & supplies,1984,7,ashtead group,"london, united kingdom"
banking,1895,12,punjab national bank,"new delhi, india"
technology hardware & equipment,1975,11,delta electronics,"taipei, taiwan"
health care equipment & services,1945,8,alcon,"geneva, switzerland"
"semiconductors, electronics, electrical engineering, technology hardware & equipment",1980,42,td synnex,"fremont, california"
materials,1888,7,antofagasta,"london, united kingdom"
construction,1950,13,pultegroup,"atlanta, georgia"
transportation,,8,wan hai lines,"taipei, taiwan"
diversified financials,1998,6,equinix,"redwood city, california"
materials,1939,14,reliance steel,"los angeles, california"
chemicals,1978,14,ptt global chemical,"bangkok, thailand"
banking,1965,2,bankinter,"madrid, spain"
drugs & biotechnology,1944,15,teva pharmaceutical,"tel aviv, israel"
transportation,1905,23,ch robinson,"eden prairie, minnesota"
utilities,1947,5,verbund,"vienna , austria"
banking,1955,3,zions bancorp,"salt lake city, utah"
banking,1996,4,bank of chengdu,"chengdu, china"
diversified financials,,331,3i group,"london, united kingdom"
banking,2006,1,alinma bank,"riyadh, saudi arabia"
food & drink,2018,8,jde peet's,"amsterdam, netherlands"
oil & gas operations,2015,21,cosmo energy holdings,"tokyo, japan"
construction,1996,10,risesun real estate development,"langfang, china"
"food, drink & tobacco",1967,17,uni-president,"tainan, taiwan"
consumer durables,1945,11,mahin& mahindra,"mumbai, india"
telecommunications services,1855,13,telenor,"fornebu, norway"
drugs & biotechnology,1928,6,ucb,"brussels, belgium"
business services & supplies,1930,10,interpublic group,"new york, new york"
chemicals,1969,11,akzo nobel,"amsterdam, netherlands"
chemicals,1918,8,celanese,"irving, texas"
diversified financials,1978,2,avalonbay communities,"arlington, virginia"
business services & supplies,1960,29,randstad nv,"diemen, netherlands"
materials,2002,11,sibanye stillwater,"weltevreden park, south africa"
banking,2003,2,first financial holding,"taipei, taiwan"
"semiconductors, electronics, electrical engineering, technology hardware & equipment",1989,6,microchip technology,"chandler, arizona"
technology hardware & equipment,1969,25,flex,"singapore, singapore"
media,1991,11,liberty media corporation series a liberty formula one,"englewood, colorado"
health care equipment & services,1999,6,agilent technologies,"santa clara, california"
consumer durables,1997,11,guangzhou automobile group,"guangzhou, china"
utilities,,14,rosseti,"moscow, russia"
materials,,20,beijing shougang,"beijing, china"
it software & services,1976,9,cgi,"montreal, canada"
diversified financials,2005,6,csc financial,"beijing, china"
conglomerates,1999,42,thyssenkrupp group,"essen, germany"
health care equipment & services,1991,4,shenzhen mindray bio-medical electronics,"shenzhen, china"
technology hardware & equipment,1944,5,hoya,"tokyo, japan"
"food, drink & tobacco",1995,9,tongwei,"chengdu, china"
banking,1977,3,kuwait finance house,"kuwait city, kuwait"
"food, drink & tobacco",1945,17,grupo bimbo,"mexico city, mexico"
consumer durables,1998,13,lkq,"chicago, illinois"
utilities,1951,24,chubu electric power,"nagoya, japan"
retailing,1946,25,lithia motors,"medford, oregon"
conglomerates,1816,11,swire pacific,"hong kong, hong kong"
banking,2011,1,unicaja banco,"malaga, spain"
automotive  automotive and suppliers ,1920,28,mazda motor,"hiroshima, japan"
telecommunications services,1994,18,telecom italia,"rome, italy"
diversified financials,2007,5,china galaxy securities,"beijing, china"
capital goods,1920,5,cnpc capital,"beijing, china"
transportation,1988,15,china southern airlines,"guangzhou, china"
it software & services,1981,5,dassault systemes,"velizy-villacoublay, france"
utilities,1992,23,gd power development,"beijing, china"
business services & supplies,1971,4,paychex,"rochester, new york"
insurance,1871,7,genworth financial,"richmond, virginia"
"food, drink & tobacco",1985,5,monster beverage,"corona, california"
utilities,1993,5,china longyuan power,"beijing, china"
oil & gas operations,1881,10,ovintiv,"denver, colorado"
banking,1967,4,bdo unibank,"makati city, philippines"
retailing,1991,26,autonation,"fort lauderdale, florida"
construction,2007,10,china aoyuan group,"guangzhou, china"
oil & gas operations,1989,7,chesapeake energy,"oklahoma city, oklahoma"
transportation,1961,13,jb hunt transport services,"lowell, arkansas"
banking,1946,3,mediobanca,"milan, italy"
banking,1995,4,credicorp,"lima, peru"
diversified financials,1969,2,realty income,"san diego, california"
conglomerates,1997,10,beijing enterprises,"hong kong, hong kong"
oil & gas operations,1989,3,coterra energy,"houston, texas"
banking,1907,5,siam commercial bank,"bangkok, thailand"
food & drink,1996,4,nongfu spring,"hangzhou, china"
trading companies,1971,36,finatis,"paris, france"
construction,1995,15,greentown china holdings,"hangzhou, china"
insurance,2007,11,meritz financial group,"seoul, south korea"
capital goods,,9,tbea,"changji, china"
capital goods,1903,7,rockwell automation,"milwaukee, wisconsin"
materials,,10,west fraser timber co,"vancouver, canada"
insurance,1996,13,helvetia holding,"st. gallen, switzerland"
consumer durables,1929,11,chow tai fook jewellery,"hong kong, hong kong"
"construction, oil & gas operations, mining and chemicals",1895,7,givaudan,"vernier, switzerland"
materials,2006,5,polyus,"moscow, russia"
retailing,1998,6,lululemon athletica,"sumner, washington"
retailing,1990,11,bath & body works,"columbus, ohio"
technology hardware & equipment,1966,30,jabil circuit,"st. petersburg, florida"
technology hardware & equipment,2003,12,innolux,"miaoli, taiwan"
diversified financials,1996,3,partners group holding,"baar, switzerland"
"food, drink & tobacco",1573,2,luzhou lao jiao,"luzhou, china"
insurance,1855,17,scor,"paris, france"
conglomerates,1955,8,dover,"downers grove, illinois"
banking,1998,1,east west bancorp,"pasadena, california"
retail and wholesale,1869,40,j sainsbury,"london, united kingdom"
construction,1999,9,kaisa group holdings,"shenzhen, china"
diversified financials,1999,11,china huarong asset management,"beijing, china"
technology hardware & equipment,1996,13,au optronics,"hsinchu, taiwan"
retailing,1990,8,ulta beauty,"bolingbrook, illinois"
diversified financials,1968,3,korea investment holdings,"seoul, south korea"
"semiconductors, electronics, electrical engineering, technology hardware & equipment",1966,1,itausa,"sao paulo, brazil"
consumer durables,1958,27,baic motor,"beijing, china"
telecommunications services,2008,3,cellnex telecom,"barcelona, spain"
utilities,1981,11,aes,"arlington, virginia"
materials,1992,13,evraz group,"london, united kingdom"
aerospace & defense,1948,16,leonardo,"rome, italy"
materials,1967,8,impala platinum holdings,"northlands, south africa"
chemicals,1976,15,lotte chemical,"seoul, south korea"
"food, drink & tobacco",1995,3,foshan haitian flavouring and food,"foshan, china"
"engineering, manufacturing",1906,15,rolls-royce holdings,"london, united kingdom"
business services & supplies,1966,22,sodexo,"issy-les-moulineaux, france"
media,2001,10,altice usa,"long island city, new york"
banking,1946,4,bank negara indonesia,"jakarta, indonesia"
health care equipment & services,2000,11,davita,"denver, colorado"
diversified financials,2017,16,old mutual,"cape town, south africa"
"hotels, restaurants & leisure",1987,9,yum china holdings,"shanghai, china"
retail and wholesale,1992,25,penske automotive,"bloomfield hills, michigan"
consumer durables,1918,16,yamaha motor,"iwata, japan"
retailing,1982,18,kingfisher,"london, united kingdom"
insurance,1982,13,storebrand,"lysaker, norway"
"hotels, restaurants & leisure",1968,9,darden restaurants,"orlando, florida"
oil & gas operations,1920,7,hess,"new york, new york"
"food, drink & tobacco",1953,30,cj corporation,"seoul, south korea"
retailing,1937,15,falabella,"santiago, chile"
retailing,2010,18,coupang,"seoul, south korea"
construction,2000,1,capitaland investment,"singapore, singapore"
construction,2005,1,fastighets balder,"gothenburg, sweden"
diversified financials,1970,4,welltower,"toledo, ohio"
construction,1840,18,kajima,"tokyo, japan"
materials,1954,13,steel authority of india,"new delhi, india"
travel & leisure,1937,9,caesars entertainment,"las vegas, nevada"
construction,1970,8,new world development,"hong kong, hong kong"
aerospace & defense,1923,12,textron,"providence, rhode island"
construction,1906,14,cemex,"san pedro garza garcia, mexico"
conglomerates,1969,5,hexagon,"stockholm, sweden"
transportation,1945,10,zim integrated shipping services,"haifa, israel"
construction,1953,20,china national chemical,"beijing, china"
trading companies,1967,6,fastenal,"winona, minnesota"
drugs & biotechnology,1995,4,chongqing zhifei biological products,"chongqing, china"
business services & supplies,1962,9,secom,"tokyo, japan"
materials,1997,21,angang steel,"anshan, china"
construction,2001,39,sto express,"shanghai, china"
it software & services,2011,4,zoom video communications,"san jose, california"
materials,1932,11,magnitogorsk iron & steel,"magnitogorsk, russia"
construction,,8,nvr,"reston, virginia"
utilities,1909,5,evergy,"kansas city, missouri"
construction,2013,5,alpha dhabi holding,"abu dhabi, united arab emirates"
"food, drink & tobacco",1907,16,kirin holdings,"tokyo, japan"
banking,1997,5,bank of changsha,"changsha, china"
materials,1938,16,voestalpine,"linz, austria"
drugs & biotechnology,1938,30,china resources pharmaceutical group,"hong kong, hong kong"
it software & services,2014,12,kuaishou technology,"beijing, china"
construction,2005,18,bbmg,"beijing, china"
retailing,1996,28,suningcom,"nanjing, china"
banking,1841,2,national bank of greece,"athens, greece"
oil & gas operations,2005,17,targa resources,"houston, texas"
technology hardware & equipment,1968,7,olympus,"tokyo, japan"
materials,1904,28,umicore,"brussels, belgium"
business services & supplies,1996,8,expedia group,"seattle, washington"
diversified financials,1919,2,hua nan financial,"taipei, taiwan"
"food, drink & tobacco",2002,3,jiangsu yanghe brewery,"suqian, china"
"food, drink & tobacco",1972,8,kerry group,"tralee, ireland"
household & personal products,1882,9,beiersdorf,"hamburg, germany"
"it, internet, software & services",1969,13,leidos,"reston, virginia"
chemicals,1920,10,eastman,"kingsport, tennessee"
utilities,,13,vistra energy,"irving, texas"
utilities,1951,19,tohoku electric power,"sendai, japan"
insurance,1997,6,banca mediolanum,"basiglio, italy"
utilities,1990,12,pge polska grupa energetyczna,"warsaw, poland"
aerospace & defense,2003,4,transdigm group,"cleveland, ohio"
business services & supplies,1996,5,experian,"dublin, ireland"
diversified financials,1999,3,mirae asset financial group,"seoul, south korea"
diversified financials,2011,1,eqt ab,"stockholm, sweden"
oil & gas operations,1984,11,gail india,"new delhi, india"
materials,1999,13,inner mongolia baotou steel,"baotou, china"
oil & gas operations,1982,6,towngas,"hong kong, hong kong"
semiconductors,1999,6,on semiconductor corp,"phoenix, arizona"
utilities,1999,3,terna,"rome, italy"
travel & leisure      ,1972,3,carnival corporation,"miami, florida"
diversified financials,2016,1,vici properties,"new york, new york"
"hotels, restaurants & leisure",1993,7,chipotle mexican grill,"newport beach, california"
business services & supplies,1900,13,toppan printing,"tokyo, japan"
capital goods,2004,19,shanghai electric group,"shanghai, china"
transportation,1933,10,turkish airlines,"istanbul, turkey"
consumer durables,1947,5,ferrari,"maranello, italy"
insurance,1887,9,old republic international,"chicago, illinois"
food markets,1792,24,jeronimo martins,"lisbon, portugal"
health care equipment & services,1927,7,zimmer biomet,"warsaw, indiana"
materials,1888,12,alcoa,"pittsburgh, pennsylvania"
oil & gas operations,1954,4,santos,"adelaide, australia"
capital goods,1928,15,alstom,"saint-ouen-sur-seine, france"
utilities,1951,16,kyushu electric power,"fukuoka, japan"
automotive  automotive and suppliers ,1898,17,goodyear,"akron, ohio"
materials,2001,6,tenaris,"luxembourg, luxembourg"
materials,2002,12,bluescope steel,"melbourne, australia"
chemicals,1998,5,petronas chemicals,"kuala lumpur, malaysia"
drugs & biotechnology,1998,4,illumina,"san diego, california"
it software & services,1986,4,synopsys,"mountain view, california"
utilities,1994,15,datang international power,"beijing, china"
oil & gas operations,2008,17,top frontier investment holdings,"makati, philippines"
chemicals,2004,11,arkema,"colombes, france"
chemicals,1881,9,nippon paint,"osaka, japan"
materials,1905,18,kobe steel,"kobe, japan"
banking,1927,1,bank of greece,"athens, greece"
banking,1997,4,bank of guiyang,"guiyang, china"
capital goods,1972,24,hd hyundai,"daegu, south korea"
transportation and logistics,1516,17,royal mail,"london, united kingdom"
diversified financials,1944,3,lundbergs,"stockholm, sweden"
construction,1994,12,guangzhou r&f,"guangzhou, china"
utilities,1995,10,china gas holdings,"hong kong, hong kong"
"food, drink & tobacco",,2,shanxi xinghuacun fen wine factory,"luliang, china"
health care equipment & services,1985,5,hologic,"marlborough, massachusetts"
banking,1995,2,western alliance bancorp,"phoenix, arizona"
trading companies,1992,87,wuchan zhongda group,"hangzhou, china"
food markets,1947,14,metro,"montreal, canada"
retailing,,30,raizen,"rio de janeiro, brazil"
transportation,1934,5,old dominion freight line,"thomasville, north carolina"
banking,1935,3,israel discount bank,"tel aviv, israel"
banking,1993,5,bangkok bank,"bangkok, thailand"
banking,1948,6,akbank,"istanbul, turkey"
chemicals,1997,13,mitsui chemicals,"tokyo, japan"
construction,2017,11,midea real estate holding,"foshan city, china"
consumer durables,1912,22,sharp,"sakai, japan"
telecommunications services,1989,6,kpn,"rotterdam, netherlands"
retailing,1962,19,kohl's,"menomonee falls, wisconsin"
consumer durables,1996,16,chongqing changan auto,"chongqing, china"
conglomerate,1922,13,canadian tire,"toronto, canada"
insurance,1824,12,vienna insurance group,"vienna, austria"
"food, drink & tobacco",1998,19,new hope liuhe,"chengdu, china"
construction,,13,sichuan road & bridge,"chengdu, china"
business services & supplies,1982,3,copart,"dallas, texas"
retail and wholesale,1948,12,dick's sporting goods,"coraopolis, pennsylvania"
drugs & biotechnology,1970,4,jiangsu hengrui medicine,"lianyungang, china"
health care equipment & services,1979,12,universal health services,"king of prussia, pennsylvania"
banking,1985,3,grupo inbursa,"mexico city, mexico"
banking,1952,3,dongguan rural commercial bank,"dongguan, china"
aerospace & defense,1911,8,dassault aviation,"paris, france"
chemicals,2003,16,yara international,"oslo, norway"
banking,1881,7,banco de sabadell,"alicante, spain"
"food, drink & tobacco",1989,35,olam group,"singapore, singapore"
drugs & biotechnology,2000,3,wuxi apptec,"shanghai, china"
banking,1893,2,popular,"san juan, united states"
utilities,2015,5,hyone,"toronto, canada"
transportation,2006,13,sg holdings,"kyoto, japan"
trading companies,2003,18,sojitz,"tokyo, japan"
technology hardware & equipment,2001,12,goertek,"weifang, china"
telecommunications services,,6,frontier communications parent,"norwalk, connecticut"
construction,,692,samhallsbyggnadsbolaget i norden,"stockholm, sweden"
consumer durables,1905,16,schaeffler,"herzogenaurach, germany"
insurance,1974,11,migdal insurance,"petach tikva, israel"
utilities,1997,15,inter rao,"moscow, russia"
banking,1888,6,nedbank,"sandton, south africa"
construction,1992,4,hopson development holdings,"hong kong, hong kong"
conglomerates,1930,5,ametek,"berwyn, pennsylvania"
chemicals,1958,4,lg,"seoul, south korea"
"construction, oil & gas operations, mining and chemicals",1887,16,skanska,"stockholm, sweden"
materials,2008,15,hbis,"shijiazhuang, china"
banking,2017,5,banco bpm,"milan, italy"
construction,,10,china fortune land development,"beijing, china"
it software & services,2006,7,adyen,"amsterdam, netherlands"
transportation and logistics,2004,16,air france-klm,"paris, france"
"construction, oil & gas operations, mining and chemicals",1947,14,jacobs engineering,"dallas, texas"
utilities,2001,11,china resources power,"hong kong, hong kong"
utilities,1994,5,ppl,"allentown, pennsylvania"
banking,1825,3,aib group,"dublin, ireland"
transportation,1996,2,transurban group,"docklands, australia"
oil & gas operations,2008,3,tourmaline oil,"calgary, canada"
banking,1949,1,arab national bank,"riyadh, saudi arabia"
semiconductors,1995,4,marvell technology,"wilmington, delaware"
semiconductors,2002,5,skyworks solutions,"irvine, california"
technology hardware & equipment,2004,2,arista networks,"santa clara, california"
utilities,1985,1,china three gorges renewables group,"beijing, china"
consumer durables,1982,6,electronic arts,"redwood city, california"
"hotels, restaurants & leisure",1988,8,flutter entertainment,"dublin, ireland"
insurance,1863,7,brighthouse financial,"charlotte, north carolina"
transportation,1974,9,international airlines,"london, united kingdom"
materials,1925,8,boliden,"stockholm, sweden"
chemicals,1946,6,cf industries holdings,"deerfield, illinois"
banking,1966,4,krung thai bank,"bangkok, thailand"
it software & services,2013,26,didi global,"beijing, china"
insurance,1955,13,hyundai marine & fire,"seoul, south korea"
materials,1941,8,csn,"sao paulo, brazil"
oil & gas operations,1954,8,apa,"houston, texas"
materials,,11,ssab ab,"stockholm, sweden"
business services & supplies,1978,8,teleperformance,"paris, france"
"food, drink & tobacco",1869,8,campbell soup,"camden, new jersey"
diversified financials,1956,118,sofina,"brussels, belgium"
trading companies,1854,14,bunzl,"london, united kingdom"
"food, drink & tobacco",2007,23,cj cheiljedang,"seoul, south korea"
food markets,1994,25,magnit,"krasnodar, russia"
construction,1994,15,huadian power international,"beijing, china"
capital goods,,6,nari technology development,"nanjing, china"
oil & gas operations,1887,5,marathon oil,"houston, texas"
diversified financials,1969,7,eurazeo,"paris, france"
oil & gas operations,1885,17,tokyo gas,"tokyo, japan"
banking,1998,7,guangzhou rural commercial bank,"guangzhou, china"
construction,,1,heimstaden ab pref shs,"malmo, sweden"
technology hardware & equipment,2014,5,keysight technologies,"santa rosa, california"
diversified financials,1804,4,schroders,"london, united kingdom"
diversified financials,,47,stonex group,"new york, new york"
materials,1866,20,aurubis,"hamburg, germany"
"semiconductors, electronics, electrical engineering, technology hardware & equipment",1989,5,garmin,"schaffhausen, switzerland"
technology hardware & equipment,1984,44,compal electronics,"taipei, taiwan"
chemicals,,17,enn natural gas,"shijiazhuang, china"
insurance,,8,phoenix holdings,"givatayim, israel"
"food, drink & tobacco",1889,6,mccormick,"baltimore, maryland"
banking,1907,6,indian bank,"chennai, india"
health care equipment & services,1983,3,idexx laboratories,"westbrook, maine"
materials,1934,11,smurfit kappa group,"dublin, ireland"
materials,2011,2,xinjiang daqo new energy,"shihezi, china"
banking,1933,7,halkbank,"istanbul, turkey"
business services & supplies,2002,6,waste connections,"woodbridge, canada"
consumer durables,1983,8,swatch group,"biel, switzerland"
materials,2015,6,south32,"perth, australia"
construction,1955,8,china overseas grand oceans group,"hong kong, hong kong"
business services & supplies,1969,11,tokyo century,"tokyo, japan"
diversified financials,1878,1,japan exchange group,"tokyo, japan"
health care equipment & services,1921,6,terumo,"tokyo, japan"
construction,2008,1,leg immobilien ag,"dusseldorf, germany"
drugs & biotechnology,1993,5,sun pharma industries,"mumbai, india"
"food, drink & tobacco",1870,3,brown-forman,"louisville, kentucky"
insurance,1892,10,assurant,"new york, new york"
"food, drink & tobacco",1917,10,ajinomoto,"tokyo, japan"
chemicals,2003,14,indorama ventures,"bangkok, thailand"
diversified financials,2002,2,taishin financial holdings,"taipei, taiwan"
capital goods,1992,10,zoomlion heavy industry,"changsha, china"
capital goods,,13,xcmg construction machinery,"xuzhou, china"
construction,2007,6,powerlong real estate,"shanghai, china"
construction,,8,yuexiu property,"hong kong, hong kong"
health care equipment & services,,7,sonic healthcare,"sydney, australia"
technology hardware & equipment,1992,6,netapp,"san jose, california"
media,1987,5,wolters kluwer,"alphen aan den rijn, netherlands"
oil & gas operations,1999,19,galp energia,"lisbon, portugal"
it software & services,2002,2,nexon,"tokyo, japan"
"hotels, restaurants & leisure",1997,1,royal caribbean group,"miami, florida"
diversified financials,2004,1,extra space storage,"salt lake city, utah"
banking,1997,6,shengjing bank,"shenyang, china"
food markets,1975,29,x5 retail group,"moscow, russia"
it software & services,,3,cadence design,"san jose, california"
banking,1954,7,vakifbank,"istanbul, turkey"
capital goods,1990,11,agco,"duluth, georgia"
materials,1934,15,shanxi taigang stainless,"taiyuan, china"
retailing,1950,7,grupo elektra,"mexico city, mexico"
utilities,1989,6,sdic power holdings,"beijing, china"
diversified financials,1999,8,wuestenrot & wuerttembergische,"stuttgart, germany"
business services & supplies,1998,2,msci,"new york, new york"
banking,1867,4,bper banca,"modena, italy"
construction,1936,17,obayashi,"tokyo, japan"
banking,2011,4,bnk financial group,"busan, south korea"
materials,1949,13,oji holdings,"tokyo, japan"
it software & services,2007,11,spotify technology,"luxembourg, luxembourg"
health care equipment & services,1957,3,coloplast,"humlebaek, denmark"
trading companies,2006,17,brenntag,"essen, germany"
"food, drink & tobacco",1993,10,wens foodstuff group,"yunfu, china"
insurance,,9,first american financial,"santa ana, california"
diversified financials,2014,1,euronext,"amsterdam, netherlands"
banking,2006,1,masraf al rayan,"doha, qatar"
it software & services,1999,7,mercadolibre,"montevideo, uruguay"
materials,1959,7,packaging corp of america,"lake forest, illinois"
materials,1871,15,mitsubishi materials,"tokyo, japan"
diversified financials,,2,wharf real estate investment,hong kong
materials,1967,14,berry global group,"evansville, indiana"
materials,1993,17,maanshan iron & steel,"wanchai, china"
health care equipment & services,1947,5,perkinelmer,"waltham, massachusetts"
diversified financials,2013,3,navient,"wilmington, delaware"
media,1973,7,rtl group,"luxembourg, luxembourg"
food markets,1940,13,kesko,"helsinki, finland"
diversified financials,1982,2,samsung securities,"seoul, south korea"
construction,1997,13,quanta services,"houston, texas"
construction,1993,10,beijing capital development,"beijing, china"
business services & supplies,2008,5,far east horizon,"hong kong, hong kong"
automotive  automotive and suppliers ,1997,18,faurecia,"paris, france"
business services & supplies,1986,2,indian railway finance,"new delhi, india"
telecommunications services,1991,988,liberty broadband,"englewood, colorado"
trading companies,,72,xiamen international trade group,"xiamen, china"
travel & leisure      ,2008,6,airbnb,"san francisco, california"
retailing,,26,china grand automotive services,"shanghai, china"
transportation,1995,10,china eastern airlines,"shanghai, china"
business services & supplies,1996,24,adecco,"zurich, switzerland"
diversified financials,2008,2,agnc investment,"bethesda, maryland"
capital goods,1869,7,westinghouse air brake technologies,"pittsburgh, pennsylvania"
transportation,1919,6,kawasaki kisen kaisha,"tokyo, japan"
food markets,1963,23,empire,"stellarton, canada"
"food, drink & tobacco",1998,14,guangdong haid group,"guangzhou, china"
consumer durables,1921,5,shimano,"sakai, japan"
banking,1911,4,attijariwafa bank,"casablanca, morocco"
business services & supplies,2009,2,chailease holding,"taipei, taiwan"
health care equipment & services,1932,12,henry schein,"melville, new york"
"food, drink & tobacco",1899,11,suntory beverage & food,"tokyo, japan"
conglomerates,1991,3,mettler-toledo international,"columbus, ohio"
diversified financials,1704,8,wendel,"paris, france"
oil & gas operations,1897,13,osaka gas,"osaka, japan"
consumer durables,1980,14,thor industries,"elkhart, indiana"
retail and wholesale,1956,8,williams-sonoma,"san francisco, california"
transportation,,71,xiamen xiangyu,"xiamen, china"
automotive,2009,55,rivian,"irvine, california"
transportation and logistics,2006,12,kion group,"frankfurt am main, germany"
construction,1993,10,sino-ocean group holding,"beijing, china"
chemicals,1892,8,olin,"clayton, missouri"
diversified financials,1973,1,kimco realty,"jericho, new york"
banking,1996,3,bank of chongqing,"chongqing, china"
technology hardware & equipment,2000,3,fortinet,"sunnyvale, california"
household & personal products,1846,5,church & dwight,"ewing, new jersey"

