name,industry,head_quarters,founded,area_served
85c bakery cafe,food and beverage,taipei,2004  18 years ago  2004 ,worldwide
10or,smartphones,taipei,2004  18 years ago  2004 ,worldwide
2u company,smartphones,"lanham, maryland",2008  14 years ago  2008 ,global
3i,corporate finance,london,1945  77 years ago  1945 ,
3m,conglomerate,london,"june 13, 1902  120 years ago  1902-06-13  in two harbors, minnesota, u.s.[1]",worldwide
7-eleven,retail  convenience stores ,london,1927  95 years ago   1927   as southland ice company ,
4f company,textile,wieliczka,2007  15 years ago  2007 ,europe
ajinomoto,food biotechnology,"ch  , tokyo",17 june 1917  105 years ago  1917-06-17   as s. suzuki & co. ltd. ,36 countries
abn amro,financial services,amsterdam,"september 21, 1991  31 years ago  september 21, 1991 ",
abbott laboratories,health care medical devices pharmaceutical,illinois,"1888  134 years ago  1888   as abbott alkaloidal company  in ravenswood, chicago",worldwide
abiomed,medical devices,"danvers, massachusetts",1981  41 years ago  1981 ,
abbvie,biopharmaceutical,"north chicago, illinois",2013  9 years ago  2013 ,worldwide  170+ countries 
accenture,professional services information technology consulting,dublin,1989  33 years ago  1989 ,worldwide
anz bank,banking financial services,collins street,1 october 1970  52 years ago  1970-10-01 ,worldwide
acer inc,electronics,collins street,1 august 1976  46 years ago  1976-08-01 ,worldwide
activision blizzard,video games,collins street,"july 10, 2008  14 years ago  2008-07-10 ",
adidas,"textile, footwear",collins street,"july 1924  98 years ago  1924-07  in herzogenaurach, germany  as gebruder dassler schuhfabrik  18 august 1949  73 years ago  1949-08-18   as adidas [1]","worldwide  except north korea, russia, turkmenistan, afghanistan, south sudan, chad and palestine "
aldi,retail,essen,"10 july 1946  76 years ago  1946-07-10   split in two parts in 1960, renamed to aldi nord and aldi sud in 1962 [1]",international
adient,retail,"plymouth, michigan, u.s.","october 31, 2016  6 years ago  2016-10-31 [1]",worldwide
aditi technologies,it services it consulting,bellevue,1994,
aditya birla group,conglomerate,mumbai,1857  165 years ago  1857 [1],worldwide
amd,semiconductors artificial intelligence gpus graphics cards consumer electronics video games computer hardware,mumbai,"may 1, 1969  53 years ago  1969-05-01 ",worldwide
aegon nv,financial services,mumbai,1983  39 years ago  1983 ,worldwide
aeon company,retail,mihama-ku,"1758  264 years ago  1758   as shinoharaya, later okadaya  in yokkaichi",asia
ahold delhaize,retail wholesaling,zaandam,25 july 2016  6 years ago  2016-07-25 ,
asics,"sports equipment, textile",zaandam,"september 1, 1949  73 years ago  september 1, 1949   as onitsuka tiger  1977  45 years ago  1977   renamed to asics ",worldwide
airbus,"aerospace, defence",,18 december 1970  52 years ago  1970-12-18   as airbus industrie gie ,worldwide
akzonobel,chemicals,amsterdam,1994  28 years ago  1994 ,worldwide
akai,electronics,hong kong,"as akai electric company ltd, tokyo, japan  1946  76 years ago  1946  ",
alfa laval,"manufacturing, engineering and service",lund,1883  139 years ago  1883 [2],
all nippon airways,"manufacturing, engineering and service",shiodome city center,27 december 1952  69 years ago  1952-12-27   as japan helicopter and aeroplane ,
alliance global,"manufacturing, engineering and service",taguig,"manila, philippines october 12, 1993  29 years ago  1993-10-12 ",
allianz,financial services,munich,5 february 1890  132 years ago  5 february 1890 ,worldwide
alibaba group,technology company,[2],"28 june 1999  23 years ago  1999-06-28 [1] hangzhou, zhejiang, china",worldwide
almarai,food processing,[2],1977  45 years ago  1977 ,
alstom,rail transport,saint-ouen-sur-seine,1928  94 years ago  1928 ,
alphabet inc,conglomerate,googleplex,"october 2, 2015  7 years ago  2015-10-02 ",worldwide
altice company,telecommunications mass media,googleplex,2001  21 years ago  2001 ,worldwide
altria,tobacco,reynolds metals company international headquarters,"1985  37 years ago  1985   as philip morris companies, inc. ",worldwide
amazon company,e-commerce cloud computing artificial intelligence consumer electronics entertainment digital distribution self-driving cars supermarket,reynolds metals company international headquarters,"july 5, 1994  28 years ago  1994-07-05  bellevue, washington, u.s.",worldwide
amcor,packaging,zurich,1896  126 years ago  1896 ,
american airlines group,aviation,"fort worth, texas","december 9, 2013  9 years ago  2013-12-09 ",worldwide[2]
american international group,financial services,"new york city, new york","december 19, 1919  103 years ago  1919-12-19 [1] shanghai, china",worldwide
andritz ag,industrial processing,"new york city, new york",1852  170 years ago  1852 ,
aon company,professional services,london,1982  40 years ago  1982 ,worldwide
apollo tyres,tyres,gurugram,1972  50 years ago  1972 [1],
apple inc,consumer electronics software services online services,1 apple park way,"april 1, 1976  46 years ago  1976-04-01  in los altos, california, u.s.",worldwide
grupo arcor,consumer electronics software services online services,1 apple park way,5 july 1951  71 years ago  1951-07-05 ,worldwide
assicurazioni generali,financial services,1 apple park way,1831  191 years ago  1831 ,worldwide
aston martin,automotive,gaydon,15 january 1913  109 years ago  1913-01-15 ,worldwide
asus,computer hardware electronics networking hardware,beitou district,2 april 1989  33 years ago  1989-04-02 ,worldwide
asus,computer hardware electronics networking hardware,beitou district,2 april 1989  33 years ago  1989-04-02 ,worldwide
at&t,telecommunications technology,whitacre tower,"october 5, 1983  39 years ago  1983-10-05 [2]",worldwide
atari,telecommunications technology,whitacre tower,"october 5, 1983  39 years ago  1983-10-05 [2]",
avast,computer software,whitacre tower,1988  34 years ago  1988 ,worldwide
avianca,computer software,registered office:,"december 5, 1919  103 years ago  1919-12-05   as scadta ",
axa,financial services,paris,1816  206 years ago  1816 [1],worldwide
axiata,telecommunications,paris,12 june 1992  30 years ago  1992-06-12 ,
axis bank,financial services,maharashtra,3 december 1993  29 years ago  1993-12-03  as uti bank,
bp,oil and gas,london,"14 april 1909  1909-04-14   as the anglo-persian oil company  10 january 1870  1870-01-10   as standard oil, which partially broke up into standard oil of ohio, arco, and amoco which all merged into bp  16 december 1954  68 years ago  1954-12-16   as british petroleum ",worldwide
baker hughes,petroleum industry,"houston, texas",1907  115 years ago  1907 ,
ball corporation,"packaging, aerospace","broomfield, colorado",1880  142 years ago  1880 ,
bacardi,beverage,"hamilton, bermuda",4 february 1862 santiago de cuba,
banco bilbao vizcaya argentaria,financial services,"hamilton, bermuda","bilbao, spain may 28, 1857  165 years ago  1857-05-28 ",
banco santander,financial services,"hamilton, bermuda",15 may 1857  165 years ago  1857-05-15 ,worldwide
bandai namco entertainment,video games,"minato-ku, tokyo",31 march 2006  16 years ago  2006-03-31 [1][2],worldwide
bank of india,banking financial services,mumbai,7 september 1906  116 years ago  1906-09-07 ,
bank of ireland,banking financial services,ballsbridge,5 april 1783  239 years ago  1783-04-05 ,ireland united kingdom
bank of montreal,financial services,,"montreal bank  23 june 1817  205 years ago  1817-06-23   montreal, lower canada bank of montreal  22 july 1822  200 years ago  1822-07-22  ",
barclays,banking financial services,,"17 november 1690  332 years ago  1690-11-17  in the city of london, kingdom of england",
barilla company,food processing,,1877  145 years ago  1877 ,worldwide
barnes & noble,bookselling,new york city,"1886  136 years ago  1886   as arthur hinds & company  in new york city, u.s.",
barrick gold,metals and mining,new york city,1983  39 years ago  1983 ,
basf,chemicals,ludwigshafen,"6 april 1865  157 years ago  6 april 1865   as badische anilin- und sodafabrik   mannheim, baden",
baskin-robbins,food and beverage,,"1945  77 years ago  1945   as burton's ice cream shop  glendale, california, u.s.",worldwide
bata corporation,shoemaking retail manufacture of leather and related products,lausanne,21 september 1894  128 years ago  1894-09-21  in austria-hungary  now the czech republic ,worldwide
bath & body works,retail,columbus,"1990  32 years ago  1990  new albany, ohio, u.s.",
baidu,internet artificial intelligence cloud computing,columbus,"january 1, 2000  22 years ago  2000-01-01 ",worldwide
bayer,pharmaceuticals chemicals biotechnology healthcare,leverkusen,1 august 1863  159 years ago  1863-08-01 [1],worldwide
bd company,"medical equipment, consulting",leverkusen,"east rutherford, new jersey  1897  1897  ",worldwide
beko,major appliances small appliances electronics technology,istanbul,"1955  67 years ago  1955  in istanbul, turkey",worldwide
bertelsmann,mass media,istanbul,1 july 1835  187 years ago  1835-07-01 [1],worldwide
benetton group,fashion,istanbul,"1965  57 years ago  1965  in ponzano veneto, italy",worldwide
best buy,retail,"richfield, minnesota","august 22, 1966  56 years ago  1966-08-22  in st. paul, minnesota, united states",
bharti airtel,telecommunications,nelson mandela road,7 july 1995  27 years ago  1995-07-07 [1],worldwide
bharti enterprises,conglomerate,nelson mandela road,1976  46 years ago  1976 ,worldwide
bihl,conglomerate,nelson mandela road,1976  46 years ago  1976 ,
billabong clothing,textile,"burleigh heads, queensland","1973  49 years ago  1973  in gold coast, queensland, australia",
blackdecker,power tools home improvement products hardware fastening technology,"burleigh heads, queensland","september 1910  112 years ago  1910-09   as  the black & decker manufacturing company   in baltimore, maryland,  u.s.a. ",
blackrock,investment management,"burleigh heads, queensland",1988  34 years ago  1988 ,worldwide
bmw,automotive,"burleigh heads, queensland",7 march 1916  106 years ago  1916-03-07   as bayerische flugzeugwerke ,worldwide
bbk electronics,consumer electronics,"burleigh heads, queensland",18 september 1995  27 years ago  1995-09-18 ,worldwide
bbc,mass media,broadcasting house,18 october 1922  100 years ago  1922-10-18   as british broadcasting company  1 january 1927  95 years ago  1927-01-01   as british broadcasting corporation ,worldwide
bnp paribas,financial services,boulevard des italiens,"1848  174 years ago  1848   comptoir national d'escompte de paris, predecessor of bnp  1872  banque de paris et des pays-bas, later called paribas  2000  as bnp paribas ",worldwide
bose corporation,audio electronics,"framingham, massachusetts",1964  58 years ago  1964 ,
boeing,aerospace defense,boeing building,"july 15, 1916  106 years ago  1916-07-15   as pacific aero products co.  seattle, washington, u.s.",worldwide[3]: 1 
bombardier inc,aerospace,boeing building,"valcourt, quebec, canada july 10, 1942  80 years ago  1942-07-10 ",worldwide
books-a-million,retail entertainment,"birmingham, alabama","1917  105 years ago  1917  in florence, alabama",
bouygues,conglomerate,"birmingham, alabama",1952  70 years ago  1952 ,
brac organisation,conglomerate,"birmingham, alabama",1952  70 years ago  1952 ,
braun company,manufacturing,"birmingham, alabama","1921  101 years ago  1921   as braun ag  in frankfurt, germany",worldwide
bridgestone,auto and truck parts,"birmingham, alabama","1 march 1931  91 years ago  1931-03-01  kurume, fukuoka, japan",worldwide
british airways,auto and truck parts,london,25 august 1919  103 years ago  1919-08-25   as aircraft transport and travel limited  31 march 1974  48 years ago  1974-03-31   as british airways ,
bp,oil and gas,london,"14 april 1909  1909-04-14   as the anglo-persian oil company  10 january 1870  1870-01-10   as standard oil, which partially broke up into standard oil of ohio, arco, and amoco which all merged into bp  16 december 1954  68 years ago  1954-12-16   as british petroleum ",worldwide
burberry,fashion,london,"1856  166 years ago  1856  in basingstoke, england",worldwide
bt group,telecommunications,london,18 june 1846  176 years ago  1846-06-18   foundation of the electric telegraph company  1 january 1912  110 years ago  1912-01-01   national telephone company system take-over under the general post office  1 october 1969  53 years ago  1969-10-01   as a public corporation under the post office  1 october 1981  41 years ago  1981-10-01   as a public corporation under the british telecom brand  1 april 1984  38 years ago  1984-04-01   as a private company ,worldwide
bytedance,internet,london,13 march 2012  10 years ago  2012-03-13 ,worldwide
byd auto,electric automotive,london,2003  19 years ago  2003 ,worldwide
cadbury,confectionery,buckinghamshire,"1824  198 years ago   1824  in birmingham, england",
capcom,video games,ch  -ku,30 may 1979  43 years ago  1979-05-30 [1],
canon inc,electronics,ch  -ku,"10 august 1937  85 years ago  1937-08-10   as seikik gaku kenky sho  jpn.        , precision optical industry co. ltd.  tokyo, japan",worldwide
capgemini,information technology consulting outsourcing,ch  -ku,1 october 1967  55 years ago  1 october 1967 ,worldwide
casio,electronics,shibuya,"april 1946  76 years ago  1946-04   as kashio seisakujo [1] june 1957  65 years ago  1957-06   as casio computer co., ltd. ",worldwide
capital one,financial services,capital one tower,"july 21, 1994  28 years ago  july 21, 1994  richmond, virginia, u.s.",
cargill,conglomerate,minnetonka,1865  157 years ago  1865 ,worldwide
cargolux,conglomerate,sandweiler,4 march 1970  52 years ago  1970-03-04 ,
caribbean airlines,conglomerate,piarco,19 september 2006  as bwia in 1939 ,
carlsberg group,beverages,copenhagen,1847  175 years ago  1847 ,worldwide
carrefour,retail wholesaling,copenhagen,1 january 1958  64 years ago  1958-01-01 ,"europe, middle east, north africa, east africa, south asia, east asia, south america"
caterpillar inc,heavy equipment engines financial services,"irving, texas","april 15, 1925  97 years ago  1925-04-15  in california, u.s.",worldwide
celestica,electronics,toronto,1994 by ibm,
celkon,"telecommunications, consumer electronics",hyderabad,2009,worldwide
cencosud,retail,santiago,1960  62 years ago  1960 ,
chupa chups,confectionery,santiago,"sant esteve sesrovires, barcelona, spain  1958  64 years ago  1958  ",
china mobile,telecommunications,beijing,3 september 1997  25 years ago  1997-09-03 [2],"china hong kong  as cmhk  pakistan  as zong  japan, thailand, united kingdom, singapore, italy and canada  as cmlink "
changhong,television manufacturer,beijing,october 1958  64 years ago  1958-10 ,worldwide
chanel,fashion,london,1910  112 years ago  1910  in paris[1],worldwide
chiquita,agriculture,"fort lauderdale, florida",august 1984  as chiquita brands international ,
chevron corporation,energy oil and gas,"san ramon, california","september 10, 1879  143 years ago  1879-09-10  as  pacific coast oil co. ",worldwide
china merchants bank,banking,"san ramon, california",1987  35 years ago  1987 ,worldwide
china resources,conglomerate,china resources headquarters,1938  84 years ago  1938 ,mainland china hong kong
chubb limited,insurance and reinsurance,china resources headquarters,"1985  37 years ago  1985  in hamilton, bermuda",worldwide
china international marine containers,shipping and logistics,shekou,14 january 1980,worldwide
cisco,networking hardware networking software,shekou,"december 10, 1984  38 years ago  1984-12-10  in san francisco, california, united states",worldwide
citigroup,financial services,388390 greenwich st.,"october 8, 1998  24 years ago  1998-10-08 ",worldwide
coolpad,consumer electronics,"shenzhen, china  general office  cayman islands  registered office  hong kong  second office ",29 april 1993  29 years ago  1993-04-29   as yulong computer  2002  as china wireless tech. ,worldwide
the coca-cola company,beverage,"shenzhen, china  general office  cayman islands  registered office  hong kong  second office ","january 29, 1892  130 years ago  1892-01-29  atlanta, georgia, u.s.",worldwide
the coffee bean & tea leaf,restaurants retail coffee and tea,"shenzhen, china  general office  cayman islands  registered office  hong kong  second office ",los angeles  1963  59 years ago  1963  ,united states bangladesh cambodia china egypt india indonesia israel kuwait malaysia middle east mongolia myanmar oman pakistan panama paraguay philippines singapore south korea sri lanka thailand vietnam
cognizant,information technology consulting outsourcing,"shenzhen, china  general office  cayman islands  registered office  hong kong  second office ","26 january 1994  28 years ago  1994-01-26  in chennai, tamil nadu, india[1]",worldwide
colgate-palmolive,consumer goods,park avenue,1806  216 years ago  1806 ,worldwide
comac,aviation,park avenue,11 may 2008  14 years ago  11 may 2008 ,worldwide
concentrix,business services,park avenue,1983  39 years ago  1983 ,worldwide
conocophillips,oil and gas,park avenue,30 august 2002  20 years ago  2002-08-30   as conocophillips co. [1],worldwide
copa airlines,oil and gas,panama city,21 june 1944,
costco,retail,panama city,"september 15, 1983  39 years ago  1983-09-15   as costco  seattle, washington, u.s.",australia canada china france iceland japan korea mexico new zealand spain sweden puerto rico taiwan united kingdom united states[2]
coty inc,beauty,panama city,"1904  118 years ago  1904  in paris, france",worldwide
creative technology,consumer electronics,panama city,1 july 1981  41 years ago  1981-07-01 ,worldwide
credit agricole,financial services,panama city,5 november 1894  128 years ago  1894-11-05 ,worldwide
crocs,"wholesale trade, retail & consumer services, clothing & clothing accessories","broomfield, colorado",2002  20 years ago  2002 ,
credit suisse,financial services,paradeplatz,1856  166 years ago  1856 ,worldwide
cummins,"heavy equipment, automotive",cummins corporate office building,1919  103 years ago  1919 ,
currys plc,consumer electronics,london,7 august 2014  8 years ago  2014-08-07 ,united kingdom ireland mainland europe
cyient,conglomerate,hyderabad,1991  31 years ago  1991 ,worldwide
cyrusone,conglomerate,"dallas, texas",july 2000  22 years ago  2000-07 ,
d-link,networking equipment,"dallas, texas",march 1986  36 years ago  1986-03   as datex systems inc.  1994  as d-link corporation ,
dabur,consumer goods,"dallas, texas",1884  138 years ago  1884 ,worldwide
daikin,"electrical equipment, chemicals",kita-ku,25 october 1924  98 years ago  1924-10-25 ,
mercedes-benz group,automotive,kita-ku,1926  original foundation of daimler-benz  2007  foundation of daimler ag ,worldwide
dangote group,conglomerate construction materials,lagos,1981,
daihatsu,automotive,lagos,1 march 1951  71 years ago  1951-03-01 ,japan indonesia malaysia
da,food processing,boulevard haussmann,"barcelona, spain  1919  103 years ago  1919  ",
dalton maag,font design branding,boulevard haussmann,"london, uk, 1991",worldwide
joshua darden,font design branding,boulevard haussmann,"london, uk, 1991",
decathlon retailer,retail,villeneuve d'ascq,1976  46 years ago  1976 ,
deepin,retail,villeneuve d'ascq,1976  46 years ago  1976 ,
dell,computer hardware computer software,villeneuve d'ascq,"february 1, 1984  38 years ago  1984-02-01 ",worldwide
deloitte,professional services,london,"1845  177 years ago  1845  in london, england",worldwide
delta air lines,professional services,"atlanta, georgia","march 2, 1925  97 years ago  1925-03-02 , as huff daland dusters in macon, georgia",
deutsche bank,banking financial services,deutsche bank twin towers,10 march 1869  153 years ago  10 march 1869 ,worldwide
diageo,beverages,london,1997  25 years ago  1997 ,
dine brands,restaurants,london,1958  64 years ago  1958 ,worldwide
currys plc,consumer electronics,london,7 august 2014  8 years ago  2014-08-07 ,united kingdom ireland mainland europe
dow chemical company,chemicals,"midland, michigan","1897  125 years ago  1897  april 1, 2019  3 years ago  2019-04-01   current iteration ",worldwide
dollar tree,"retail, variety, discount","burnaby, british columbia","april 27, 1989  33 years ago  april 27, 1989  sumter, south carolina, u.s.",canada
docusign,software,"burnaby, british columbia",2003  19 years ago  2003 ,
dole plc,agribusiness,"burnaby, british columbia","june 2, 1851  171 years ago  1851-06-02 [1] kingdom of hawaii",
domino's pizza,foodservice franchising,"ann arbor township, michigan","december 9, 1960  62 years ago  1960-12-09  in ypsilanti, michigan, united states",worldwide
dude perfect,entertainment,frisco,"march 16, 2009  13 years ago  2009-03-16  texas a&m university college station, texas, u.s.",
dupont,chemicals,"wilmington, delaware","september 1, 2017  5 years ago  2017-09-01   as dowdupont  june 1, 2019  2019-06-01   as dupont ",global 90 countries[8]
dxc technology,information technology consulting outsourcing,"wilmington, delaware","april 3, 2017  5 years ago  2017-04-03 ",worldwide
dyson company,household appliances,st james power station,8 july 1991  31 years ago  1991-07-08   as barleta limited [1],worldwide
ebay,e-commerce,san jose,"september 3, 1995  27 years ago  1995-09-03 ",worldwide
electronic arts,video games,san jose,"may 27, 1982  40 years ago  1982-05-27  in san mateo, california, us",worldwide
embraer,"aerospace, defense",san jose,"august 19, 1969  53 years ago  1969-08-19 ",worldwide
emerson electric,electrical equipment,"ferguson, missouri",1890  132 years ago  1890 ,
emigre fonts,typography,"ferguson, missouri",1984  38 years ago  1984 ,
eni,oil and gas,"ferguson, missouri",10 february 1953  69 years ago  1953-02-10 ,worldwide
ericsson,telecommunications networking,kista,"stockholm, sweden  1876  146 years ago  1876  ",worldwide
the estee lauder companies,cosmetics,general motors building,"1946  76 years ago  1946  new york city, new york, u.s.",
etisalat by e&,telecommunication,general motors building,30 august 1976  46 years ago  1976-08-30 ,list united arab emirates saudi arabia morocco algeria pakistan egypt afghanistan mauritania mali gabon burkina faso benin cote d'ivoire togo niger central african republic nigeria
eva air,telecommunication,luzhu,8 march 1989  33 years ago  1989-03-08 ,
evergreen marine corporation,container shipping marine transportation,luzhu,1968  54 years ago  1968 ,worldwide
evercore,investment banking,new york city,1995  27 years ago  1995 ,
exxonmobil,energy: oil and gas,new york city,"august 5, 1882  140 years ago  1882-08-05   as standard oil of new jersey [2]",worldwide
ezaki glico,food manufacturing,new york city,"nishi-ku, osaka, japan  11 february 1922  100 years ago  1922-02-11  [1][2]",
ernst & young,professional services,london,1989  33 years ago  1989   through merger of ernst & whinney and arthur young & co.  oldest component from 1849 [2],worldwide
faber-castell,stationery,london,1761  261 years ago  1761 ,worldwide
fairphone,telecommunications equipment,london,january 2013  9 years ago  2013-01 ,
fast retailing,retail,london,"as mens shop ogori shoji march 1949  73 years ago  1949-03  as fast retailing september 1991  31 years ago  1991-09  1963 as ogori shoji co., ltd.  ube, yamaguchi, japan  1991 as fast retailing co., ltd.  name change ",worldwide
fbt company,sportswear sports equipment,bangkok,1952  70 years ago  1952 ,worldwide
fedex,e-commerce services transportation,"memphis, tennessee","may 5, 1971  51 years ago  1971-05-05  in little rock, arkansas",worldwide
ferrero spa,food,"memphis, tennessee",1946  76 years ago  1946 ,worldwide
fila,sportswear sports goods,"memphis, tennessee","biella, piedmont, italy 1911  111 years ago  1911 ",worldwide
ficosa,sportswear sports goods,"memphis, tennessee","biella, piedmont, italy 1911  111 years ago  1911 ",
fis company,financial sector,"jacksonville, florida",1968  54 years ago  1968 ,worldwide
font bureau,type foundry,boston,1989,
fontshop international,"type foundry, stock photography",boston,"berlin, germany  1990  1990  ",
fortinet,cloud security cybersecurity network security,boston,2000  22 years ago  2000 ,
fossil group,fashion,richardson,1984  38 years ago  1984   as overseas products ,
foxconn,electronics,richardson,"20 february 1974  48 years ago  1974-02-20   as hon hai precision industry co., ltd. ",worldwide
fpt group,"information technology, communications, education",cau giay,"september 13, 1988",
fujifilm,document solutions digital imaging medical imaging cosmetics regenerative medicine stem cells biologics,tokyo midtown,"january 20, 1934  88 years ago  1934-01-20 ",worldwide
fujitsu,computer hardware consulting cloud computing telecommunications data storage consumer electronics,tokyo midtown,"june 20, 1935  87 years ago  1935-06-20   as fuji telecommunications equipment manufacturing  kawasaki, kanagawa, japan[2]",worldwide
fujiya,computer hardware consulting cloud computing telecommunications data storage consumer electronics,tokyo midtown,"june 30, 1938  84 years ago  1938-06-30 ",japan
future group,conglomerate,"mumbai, maharashtra",2013  9 years ago  2013 ,
gamestop,retail,"mumbai, maharashtra",1984  38 years ago  1984 ,several countries australia austria canada france germany italy ireland new zealand switzerland united states
gap inc,retail,"mumbai, maharashtra","august 21, 1969  53 years ago  1969-08-21  san francisco, california, u.s.",worldwide
garmin,technology,"olathe, kansas","october 1989  33 years ago  1989-10   as pronav  in lenexa, kansas, u.s.",
gartner,research & advisory services,"olathe, kansas","1979  43 years ago  1979  by gideon gartner in stamford, connecticut",
gazprom,oil and gas,"olathe, kansas",8 august 1989  33 years ago  1989-08-08 ,
geeknet,online media retail,"olathe, kansas",november 1993  1993-11 [1],
general electric,conglomerate,boston,"april 15, 1892  130 years ago  1892-04-15  in schenectady, new york, us",worldwide
gree electric,"electronics, household appliances",boston,1991  31 years ago  1991 ,worldwide
general mills,food processing,boston,"june 20, 1856  166 years ago  1856-06-20  minneapolis, minnesota, u.s.",worldwide
general motors,automotive,renaissance center,"september 16, 1908  114 years ago  1908-09-16 [1]  original company  july 10, 2009  13 years ago  2009-07-10   present company ",worldwide
assicurazioni generali,financial services,renaissance center,1831  191 years ago  1831 ,worldwide
gerdau,iron and steel,porto alegre,16 january 1901  121 years ago  16 january 1901 ,
giant bicycles,bicycle manufacturing,porto alegre,"dajia, taichung, taiwan, 1972",
globe telecom,telecommunications remittance mass media,porto alegre,"manila, philippine islands  1935  87 years ago  1935  ",philippines
gungho online entertainment,video games,chiyoda,"july 1, 1998  24 years ago  1998-07-01 [1]",
guinness,video games,chiyoda,"july 1, 1998  24 years ago  1998-07-01 [1]",
guess clothing,fashion,chiyoda,1981  41 years ago  1981 ,
gsk plc,pharmaceutical biotechnology,london,27 december 2000  21 years ago  2000-12-27 ,worldwide
geely,automotive,binjiang district,"6 november 1986  36 years ago  1986-11-06 [1] in taizhou, zhejiang",worldwide
goodyear tire and rubber company,manufacturing,binjiang district,"august 29, 1898  124 years ago  1898-08-29  akron, ohio, u.s.",worldwide
google,artificial intelligence advertising cloud computing computer software computer hardware internet,1600 amphitheatre parkway,"september 4, 1998  24 years ago  1998-09-04 [a] in menlo park, california, united states",worldwide
godaddy,"internet, it consulting, smes","tempe, arizona",1997  25 years ago  1997   as jomax technologies ,worldwide
gopro,technology videography consumer electronics,"tempe, arizona",2002  20 years ago  2002 ,worldwide
harley-davidson,technology videography consumer electronics,"milwaukee, wisconsin, u.s.",1903  119 years ago  1903 ,
hermes,luxury goods,rue du faubourg saint-honore,1837  185 years ago  1837  in paris,
haier,home appliances consumer electronics,rue du faubourg saint-honore,1984  38 years ago  1984 ,
harrods,retail,brompton road,1849  173 years ago  1849 ,
haribo,confectionery,brompton road,13 december 1920  102 years ago  1920-12-13 ,
hard rock cafe,"casual dining restaurants, casinos, hotels",davie,"14 june 1971  51 years ago  1971-06-14  london, england",
halliburton,fossil fuel,"houston, texas","1919  103 years ago  1919 , in duncan, oklahoma, u.s.",worldwide
hankook tire,auto and truck parts,bundang-gu,10 may 1941  81 years ago  1941-05-10   as the chosun tire company ,
house foods,food,bundang-gu,"november 11, 1913  109 years ago  1913-11-11  as urakami shoten",worldwide
hartwall,food,bundang-gu,"november 11, 1913  109 years ago  1913-11-11  as urakami shoten",
h&m,retail,bundang-gu,"1947  75 years ago  1947   as hennes  vasteras, sweden",worldwide
hasbro,toys and entertainment,bundang-gu,1923  99 years ago  1923 ,worldwide
hearst communications,media,hearst tower,"march 4, 1887  135 years ago  1887-03-04  san francisco, california, united states",
henkel,fmcg,dusseldorf,1876  146 years ago  1876 ,
hewlett packard enterprise,information technology,dusseldorf,"november 1, 2015  7 years ago  2015-11-01  in san jose, california",worldwide
hilti,manufacturing,schaan,1941,
hisamitsu pharmaceutical,pharmaceuticals,"tosu, saga",1847  175 years ago  1847 ,worldwide
hitachi,conglomerate,"tosu, saga","1910  112 years ago  1910  hitachi, ibaraki, japan",worldwide
honda,manufacturing,"tosu, saga","hamamatsu, japan  october 1946  1946-10 , incorporated 24 september 1948  74 years ago  1948-09-24  ",worldwide
honeywell,conglomerate,"charlotte, north carolina, u.s.","1906  116 years ago  1906  wabash, indiana",worldwide
hp inc,computer hardware,"charlotte, north carolina, u.s.","january 1, 1939  83 years ago  1939-01-01   as hewlett-packard  november 1, 2015  7 years ago  2015-11-01 [1]  as hp inc. ",worldwide
hsbc,financial services,8 canada square,"first established on 3 march 1865  157 years ago  1865-03-03  in british hong kong[1]  as the hongkong and shanghai bank  first incorporated on 14 august 1866  156 years ago  1866-08-14 [2]  as the hongkong and shanghai banking corporation  25 march 1991  31 years ago  1991-03-25 [1][3] in london  as hsbc holdings plc, as parent holding company to the entity in hong kong now as a subsidiary ",worldwide
htc,telecommunications equipment,8 canada square,15 may 1997  25 years ago  1997-05-15 ,worldwide
huayi brothers,entertainment,8 canada square,1994  28 years ago  1994 ,china
huawei,consumer electronics telecom equipment networking equipment semiconductors artificial intelligence automation cloud computing internet of things,8 canada square,15 september 1987  35 years ago  1987-09-15 ,worldwide  exempting united states since 2019 
huntington bancshares,banking,"columbus, ohio","1866  156 years ago  1866  as p. w. huntington & company in columbus, ohio","colorado, indiana, kentucky, minnesota, michigan, ohio, pennsylvania, west virginia, illinois, and wisconsin"
huntington ingalls industries,"defense, shipbuilding, defense technologies","columbus, ohio","march 31, 2011  11 years ago  2011-03-31 ",worldwide
huntsman corporation,chemicals,"the woodlands, texas, u.s.",1970  52 years ago  1970 ,
hytera,telecommunications,shenzhen,1993,worldwide
hmd global,consumer electronics,espoo,1 december 2016  6 years ago  2016-12-01 ,worldwide
hyundai motor company,automotive,espoo,29 december 1967  54 years ago  1967-12-29 ,worldwide
ibm,information technology,espoo,"june 16, 1911  111 years ago  1911-06-16   as computing-tabulating-recording company  endicott, new york, u.s.[1]",177 countries[2]
nex group,financial services,espoo,1999  23 years ago  1999 ,
icici bank,financial services,espoo,5 january 1994  28 years ago  1994-01-05 ,worldwide
ijm corporation,construction property infrastructure plantations industry,espoo,1983,
indeed,construction property infrastructure plantations industry,"austin, texas",november 2004  18 years ago  2004-11 ,
intracom holdings,conglomerate,"austin, texas",1977,europe middle east & africa united states south east asia
ikea,retail,,28 july 1943  79 years ago  1943-07-28 [1] in sweden,europe middle east north africa east asia india southeast asia oceania north america south america
illinois tool works,manufacturing,"glenview, illinois",1912  110 years ago  1912 ,worldwide
infosys,information technology consulting outsourcing,"glenview, illinois",2 july 1981  41 years ago  2 july 1981 ,worldwide
ing group,financial services,amsterdam,1991 through merger[1]  est. 1743 as kooger doodenbos ,"europe, asia, oceania, north america, south america"
ingersoll rand,diversified machinery,amsterdam,1859,
intel,semiconductors computer hardware autonomous cars automation artificial intelligence,amsterdam,"july 18, 1968  54 years ago  1968-07-18 ",worldwide
intesa sanpaolo,financial services,grattacielo intesa sanpaolo,2007  15 years ago  2007   merger  1583  439 years ago  1583  as istituto bancario san paolo di torino,
isuzu,manufacturing,grattacielo intesa sanpaolo,30 march 1934  88 years ago  1934-03-30   as isuzu ,worldwide
jelly belly,confections,"fairfield, california","1869  153 years ago  1869  in belleville, illinois, u.s.",worldwide
jim beam,confections,"fairfield, california","1869  153 years ago  1869  in belleville, illinois, u.s.",
the jm smucker company,food beverage,"fairfield, california","1897  125 years ago  1897  in orrville, ohio, u.s.",
jardine matheson,conglomerate,jardine house,1 july 1832  190 years ago  1 july 1832 [1],worldwide
jg summit holdings,various,robinsons equitable tower,1990  32 years ago  1990 ,philippines
johnnie walker,various,robinsons equitable tower,1990  32 years ago  1990 ,
johnson & johnson,pharmaceutical medical technology consumer healthcare,"new brunswick, new jersey","january 1886  136 years ago  1886-01  in new brunswick, new jersey, united states",worldwide
jollibee foods corporation,restaurants,ortigas center,"quezon city, philippines  january 1978  44 years ago  1978-01  [note 1]","east asia, southeast asia, middle east, north america, western europe"
jpmorgan chase,financial services,383 madison avenue,"december 1, 2000  22 years ago  2000-12-01 ",worldwide
jvckenwood,electronics,383 madison avenue,"october 1, 2008  14 years ago  2008-10-01   as a merger between kenwood corporation and victor company of japan, ltd ",
jxd,consumer electronics,383 madison avenue,"october 1, 2008  14 years ago  2008-10-01   as a merger between kenwood corporation and victor company of japan, ltd ","north america, south america, europe, asia, middle east, africa, oceania"
kbc group,financial services,brussels,"1935  87 years ago  1935   kredietbank , present name  kbc group  dates from 2005",
kawasaki heavy industries,heavy equipment automotive defense,ch  ,15 october 1896  126 years ago  1896-10-15 ,
kappa brand,sports equipment textile,ch  ,1978  44 years ago  1978 ,worldwide
kellogg's,food processing,ch  ,"february 19, 1906  116 years ago  1906-02-19   as battle creek toasted corn flake company  battle creek, michigan, u.s.",worldwide
kikkoman,food,ch  ,"1603  419 years ago  1603   oldest establishment [1] december 7, 1917  105 years ago  1917-12-07   incorporated ",
kirin company,beverage,ch  ,1888  134 years ago  1888 ,
kimberly-clark,personal care,irving,"1872  150 years ago  1872  neenah, wisconsin, u.s.",worldwide
kingston technology,storage devices,irving,"1987  35 years ago  1987  in fountain valley, california, united states",worldwide
klim type foundry,storage devices,irving,"1987  35 years ago  1987  in fountain valley, california, united states",
knorr brand,storage devices,irving,"1987  35 years ago  1987  in fountain valley, california, united states",
komatsu limited,"heavy equipment  construction, mining and forestry , defense technology",tokyo,"may 13, 1921  101 years ago  1921-05-13 ",
konami,video games entertainment,tokyo,21 march 1969  53 years ago  1969-03-21 ,worldwide
korg,electronics,inagi,1962  60 years ago  1962   as keio electronic laboratories ,
keumyoung group,"music, entertainment, karaoke",seoul,"1983  39 years ago in busan, south korea",south korea
kpmg,professional services,,"1987  35 years ago  1987   merger of peat marwick international and klynveld main goerdeler  1979  1979   kmg  1925  1925   peat marwick  1897  1897   marwick, mitchell & company  1818  1818   grace, darbyshire, & todd [1]",worldwide
kraft heinz,food,,"july 2, 2015  7 years ago  2015-07-02 ",worldwide
lactalis,dairy products,,19 october 1933  89 years ago  1933-10-19 ,
lam research,semiconductors,"fremont, california",1980  42 years ago  1980 ,
lagardere group,"publishing, travel retail, live entertainment, media",paris,1992  30 years ago  1992 ,
larsen & toubro,conglomerate,ballard estate,"7 february 1946  76 years ago  7 february 1946 [1] bombay, bombay presidency, british india  present-day mumbai, maharashtra, india ",worldwide
latam airlines group,aviation,santiago,22 june 2012  10 years ago  2012-06-22 ,
lazada,e-commerce,santiago,"march 27, 2012  10 years ago  2012-03-27 ","singapore, malaysia, indonesia, thailand, vietnam, and the philippines"
levi strauss & co,textile,san francisco,"may 1, 1853  169 years ago  1853-05-01   as david stern & levi strauss ",worldwide
lear corporation,manufacturing,san francisco,"detroit, michigan  1917  1917  ",international
lindt,confectionery,san francisco,1845  177 years ago   1845 ,
lenovo,computer hardware electronics,"hong kong, china[1]  registered office  beijing, china[2][3]  operational headquarters  lorong chuan, singapore[4]  operational centre  morrisville, north carolina, united states[5]  operational headquarters ",1 november 1984  38 years ago  1984-11-01   as legend     beijing,worldwide
leeco,conglomerate,"hong kong, china[1]  registered office  beijing, china[2][3]  operational headquarters  lorong chuan, singapore[4]  operational centre  morrisville, north carolina, united states[5]  operational headquarters ",8 september 2011  11 years ago  2011-09-08 ,"worldwide  china, india, usa and russia mainly "
leonardo spa,aerospace industry defence industry space industry,rome,1948  74 years ago  1948 ,
leoni ag,"manufacturing, engineering",nuremberg,1917  105 years ago  1917 ,
lexmark,"manufacturing, engineering",lexington,"march 27, 1991  31 years ago  march 27, 1991 ",worldwide
lg electronics,consumer electronics home appliances computer hardwares,yeouido-dong,october 1958  64 years ago  1958-10   as goldstar  march 1995  1995-03   as lg electronics  re-incorporated in 2002 ,worldwide
linde plc,chemical industry,dublin,21 june 1879  143 years ago  1879-06-21 ,
linpus linux,chemical industry,dublin,21 june 1879  143 years ago  1879-06-21 ,
lionbridge,language localization software testing e-learning,"waltham, massachusetts","waltham, massachusetts, us  1996 ",
liugong,conglomerate,"waltham, massachusetts",1958,
lockheed martin,advanced technologies information security aerospace defense,"bethesda, maryland","march 15, 1995  27 years ago  1995-03-15 ",worldwide
l'oreal,consumer goods,"bethesda, maryland",30 july 1909  113 years ago  1909-07-30 ,worldwide
lotte corporation,conglomerate,songpa district,"march 24, 1967  55 years ago  1967-03-24 ",
louisa coffee,coffee shop,songpa district,2006,worldwide
lufthansa,coffee shop,cologne,6 january 1953  69 years ago  1953-01-06 [note 1],
lukoil,oil and gas,cologne,25 november 1991  31 years ago  1991-11-25 ,"europe, kazakhstan, uzbekistan, iraq, egypt, ghana, nigeria, cameroon, united states, mexico"
lupin limited,pharmaceuticals,cologne,1968  54 years ago  1968 [1],
luxgen,automotive,miaoli county,2009,worldwide
luxottica,"eyewear manufacturing, luxury, eyewear manufacturing and wholesale distribution, eyewear retailing",miaoli county,"1961  61 years ago  1961   agordo, italy ",worldwide
lyondellbasell,chemicals,miaoli county,2007  15 years ago  2007 ,
mg cars,sport cars,miaoli county,21 july 1930  92 years ago  1930-07-21 ,
macy's,retail,miaoli county,"october 28, 1858  164 years ago  1858-10-28  in new york, new york, u.s.",
mahingroup,conglomerate,mumbai,2 october 1945  77 years ago  1945-10-02 ,worldwide
mars incorporated,food veterinary services,,"1911  111 years ago  1911  tacoma, washington",worldwide
maton,musical instruments,,1946  76 years ago  1946 ,worldwide
marshall amplification,amplification musical instrument manufacturing,,"london, england  1962  60 years ago  1962  [1]","united kingdom, canada, australia, europe, asia, united states"
mark simonson,amplification musical instrument manufacturing,,"london, england  1962  60 years ago  1962  [1]",
martini & rossi,alcoholic beverages,,"turin, italy  1863 ",
maersk,freight transport,copenhagen,16 april 1904  118 years ago  1904-04-16 ,
mama sita's holding company,food processing,san juan,1980  as marigold commodities corporation ,
mamee double-decker,"food processing, snack, dairy products","ayer keroh, malacca",1971  51 years ago  1971 ,
mattel,toys and entertainment,,"january 1945  77 years ago  1945-01  los angeles, california, u.s.",worldwide
maxxis,toys and entertainment,yuanlin,"january 1, 1967  55 years ago  1967-01-01 ",worldwide
mccain foods,frozen food,yuanlin,"florenceville, new brunswick, canada  1957 ",worldwide
mcdonald's,"restaurants, real estate[1][2]",yuanlin,"may 15, 1940  82 years ago  1940-05-15  in san bernardino, california",worldwide  119+ countries 
mediatek,semiconductors gpus graphics cards consumer electronics computer hardware,yuanlin,28 may 1997  25 years ago  1997-05-28 ,worldwide
meiji holdings,food pharmaceutical healthcare,yuanlin,"april 1, 2009  2009-04-01 ",
meitu,consumer electronics,yuanlin,2008  14 years ago  2008 ,
meizu,consumer electronics,yuanlin,2003  19 years ago  2003 ,"china, india, turkey, russia, israel, indonesia, malaysia, philippines"
melstacorp,beverages diversified financial services it/bpo manufacturing health telecommunications plantation power hospitality logistics media,yuanlin,2003  19 years ago  2003 ,
mercedes-benz,automotive,yuanlin,november 2019  3 years ago  2019-11 ,worldwide
meta platforms,social media social network advertising consumer electronics virtual reality,"menlo park, california","january 4, 2004  18 years ago  2004-01-04  in cambridge, massachusetts, u.s.",worldwide
michaels,retail,irving,1973  49 years ago  1973 [1],
michelin,auto and truck parts,irving,28 may 1889  133 years ago  1889-05-28 ,worldwide
micro-star international,computer hardware electronics,zhonghe,4 august 1986  36 years ago  1986-08-04 ,worldwide
micromax informatics,electronics consumer electronics computer hardwares home appliances,zhonghe,29 march 2000  22 years ago  29 march 2000 [1],worldwide
microsoft,information technology,one microsoft way,"april 4, 1975  47 years ago  1975-04-04  in albuquerque, new mexico, u.s.",worldwide
mizuno,sports equipment,suminoe,"april 1, 1906  116 years ago  1906-04-01  [1]",
merck millipore,life sciences biotech,suminoe,"merck   1668  merck kgaa, darmstadt, germany ",
miniso,variety store,suminoe,"merck   1668  merck kgaa, darmstadt, germany ",worldwide
mindtree,information technology consulting outsourcing,global village tech park,18 august 1999  23 years ago  1999-08-18 ,worldwide
mitsubishi electric,electrical equipment electronics,tokyo building,"january 15, 1921  101 years ago  1921-01-15  tokyo, japan",worldwide
mobil,electrical equipment electronics,tokyo building,1911  111 years ago  1911   as  standard oil company of new york  ,worldwide
monotype imaging,pre-press and pre-media services machinery industry and plant construction,tokyo building,"1887  135 years ago  1887   as lanston monotype machine company  philadelphia, pennsylvania, u.s.",
monotype imaging,pre-press and pre-media services machinery industry and plant construction,tokyo building,"1887  135 years ago  1887   as lanston monotype machine company  philadelphia, pennsylvania, u.s.",
morinaga & company,food,tokyo building,"august 15, 1899  123 years ago  1899-08-15  as morinagas western confectionary shop",worldwide
mustek systems,food,hsinchu,october 1988  34 years ago  1988-10 ,worldwide
nando's,casual dining/chain restaurant,hsinchu,"1987  35 years ago  1987 , johannesburg, gauteng, south africa",
bandai namco holdings,entertainment,"minato, tokyo","september 29, 2005  17 years ago  2005-09-29 ",worldwide
nbcuniversal,media entertainment,30 rockefeller plaza,"august 2, 2004  18 years ago  august 2, 2004 ",worldwide
new balance,footwear,"boston, massachusetts",1906  116 years ago  1906 ,
newell brands,consumer goods,"boston, massachusetts","1903  119 years ago  1903  ogdensburg, new york, u.s.",worldwide
nestle,food processing,vevey,1866  156 years ago  1866   for the anglo-swiss condensed milk company branch ,worldwide
nec,information technology electronics,vevey,"17 july 1899  123 years ago  1899-07-17  tokyo, japan",worldwide
netapp,cloud computing storage device,vevey,1992  30 years ago  1992 ,worldwide
nike inc,apparel accessories sports equipment,"beaverton, oregon","january 25, 1964  58 years ago  1964-01-25 ",worldwide
nivea,apparel accessories sports equipment,"beaverton, oregon","january 25, 1964  58 years ago  1964-01-25 ",
nikon,consumer electronics,"minato, tokyo","july 25, 1917  105 years ago  1917-07-25  tokyo city, empire of japan",worldwide
nintendo,video games electronics,"minami-ku, kyoto","23 september 1889  133 years ago  1889-09-23  in shimogy -ku, kyoto, japan",worldwide
nissan,automotive,"minami-ku, kyoto",26 december 1933  88 years ago  1933-12-26   under nissan group [1][2],worldwide
nokia,telecommunications technology electronics,"minami-ku, kyoto","12 may 1865  157 years ago  1865-05-12  in tampere, grand duchy of finland, russian empire",worldwide
norsk hydro,metals,oslo,1905,
novartis,pharmaceuticals,,march 1996  26 years ago  1996-03   from merger ,worldwide
novo nordisk,"pharmaceuticals, health care",bagsvrd,"december 21, 1923  98 years ago  1923-12-21 ",
olympus corporation,electronics,bagsvrd,"12 october 1919  103 years ago  1919-10-12   as takachiho seisakusho  shinjuku, tokyo, japan",worldwide
oknoplast,"windows, doors, roller shutters, aluminium",bagsvrd,1994,worldwide
ooredoo,telecommunications,bagsvrd,1987  35 years ago  1987 ,
otobi,telecommunications,dhaka,1975,
officemax,retail,,"april 1, 1988  34 years ago  1988-04-01  cleveland, ohio, u.s.",united states mexico  since 1996 
oracle corporation,enterprise software business software cloud computing computer hardware consulting,,"june 16, 1977  45 years ago  1977-06-16  santa clara, california, u.s.[1]",worldwide
orange sa,telecommunications,issy-les-moulineaux,1 january 1988  34 years ago  1988-01-01   as france telecom  1 july 2013  9 years ago  2013-07-01   as orange ,worldwide
ornua,food retail,dublin,1961  61 years ago  1961 ,"asia, europe, middle east, north america, africa, australasia"
pandora jewelry,jewellery retail,dublin,1982  40 years ago  1982 ,worldwide
panasonic,conglomerate,"kadoma, osaka","march 7, 1918  104 years ago  1918-03-07 [2] osaka, japan",worldwide  except russia since 2022 
paper mate,stationery,oak brook,1940  82 years ago  1940   as  the frawley pen company  [2],worldwide
paramount global,media entertainment,one astor plaza,"december 4, 2019  3 years ago  2019-12-04 ",worldwide
parrot sa,wireless / uav,one astor plaza,"1994  28 years ago  1994  in paris, france",
puma brand,textile footwear,herzogenaurach,1948  74 years ago  1948 ,worldwide
pepper lunch,restaurants,tokyo,1994  28 years ago  1994 ,
pepsico,beverages food processing,"harrison, new york","august 28, 1898  124 years ago  1898-08-28  new bern, north carolina, united states",worldwide
perficient,consulting,"st. louis, missouri",1997,worldwide
petronas,oil and gas,petronas towers,17 august 1974  48 years ago  1974-08-17 [1],worldwide
pernod ricard,alcohol,petronas towers,1975  47 years ago  1975 ,worldwide
penguin random house,alcohol,random house tower,"july 1, 2013  9 years ago  2013-07-01 ",worldwide
petrovietnam,oil and gas industry,random house tower,1977  1977 ,
pfizer,pharmaceutical biotechnology,new york city,1849  173 years ago  1849  in new york city,worldwide
philips,conglomerate,amsterdam,"15 may 1891  131 years ago  1891-05-15  eindhoven, netherlands",worldwide
ping an bank,financial services,amsterdam,22 june 1995  1995-06-22   ping an bank  22 december 1987  1987-12-22   s.z. dev. bank  2012  merger ,worldwide
ping an insurance,financial services,amsterdam,1988  34 years ago  1988 ,worldwide
pioneer corporation,consumer electronics,bunky ,"1 january 1938  84 years ago  1938-01-01  in tokyo, japan",
pirelli,automotive,bunky ,"1872  150 years ago  1872  milan, italy",worldwide[1]
pilot pen company,stationery,bunky ,1918  104 years ago  1918  as  namiki manufacturing company ,worldwide
playmobil,stationery,bunky ,1918  104 years ago  1918  as  namiki manufacturing company ,
pladis,stationery,london,2016  6 years ago  2016 ,
pldt,telecommunications,london,"manila, philippine islands  november 28, 1928  94 years ago  1928-11-28  ",worldwide
pollo campero,restaurants,"dallas, texas","1971  51 years ago  1971 , in guatemala[1]","guatemala, united states  including puerto rico , bahrain, ecuador, el salvador, honduras, italy, nicaragua, mexico, spain, belize, haiti, dominican republic, montserrat, british virgin islands, africa, brazil, canada"
procter & gamble,consumer goods,"dallas, texas","october 31, 1837  185 years ago  1837-10-31 ",worldwide  except north korea 
proton holdings,automotive,"dallas, texas",9 july 1985  37 years ago  9 july 1985 ,"worldwide, mainly malaysia"
prada,fashion,,1913  109 years ago  1913   as fratelli prada ,worldwide
prudential financial,insurance retirement investment,,"1875  147 years ago  1875  newark, new jersey, u.s.",
pvh corp,clothing,,1881  141 years ago  1881 ,worldwide
pwc,professional services,london,1998  pricewaterhousecoopers  1849  price waterhouse  1854  coopers & lybrand [1],worldwide
qnb group,banking and financial services,london,"june 6, 1964  1964 -06-06  as qatar national bank[1]",worldwide[2]
qantas,banking and financial services,"mascot, new south wales","16 november 1920  102 years ago  1920-11-16  winton, queensland, australia",
qualcomm,telecoms equipments semiconductors,"mascot, new south wales",july 1985  37 years ago  1985-07 ,worldwide
qatarenergy,oil and gas,"mascot, new south wales",1974,
rabobank,financial services,rabotoren,1895  1895 ,worldwide
ranpak,"recyclable packing, packaging, packaging machinery",rabotoren,"1972  50 years ago  1972  in painesville, ohio, united states",
reckitt,consumer goods,slough,1814  208 years ago  1814   j&j colman  1823  199 years ago  1823   benckiser  1840  182 years ago  1840   reckitt & sons  1938  84 years ago  1938   merger of reckitt & sons and j&j colman  1999  23 years ago  1999   merger of reckitt & colman and benckiser ,
recruit company,published media,slough,1960  62 years ago  1960 [1],
red bull,published media,slough,1960  62 years ago  1960 [1],
iwg plc,industrial services,,"1989, brussels, belgium",
reliance industries,conglomerate,,8 may 1973  49 years ago  8 may 1973 ,worldwide
renault,automotive,,25 february 1899  123 years ago  1899-02-25 ,worldwide  128 countries[1]
repsol,petroleum,repsol campus,1987  35 years ago  1987 ,worldwide
ricoh,"electronics, imaging","ota, tokyo","february 6, 1936  86 years ago  1936-02-06 ",worldwide
robert bosch gmbh,conglomerate,gerlingen,15 november 1886  136 years ago  1886-11-15 ,worldwide
roland corporation,electronics,gerlingen,"18 april 1972  50 years ago  1972-04-18  osaka, japan",
rohde & schwarz,electronics,munich,17 november 1933,
royal bank of canada,financial services,montreal,"1864  158 years ago  1864 [1] in halifax, nova scotia",
shell plc,energy petroleum,shell centre,"april 1907  115 years ago  1907-04   original amalgamation  20 july 2005  17 years ago  2005-07-20  in shell centre, london  current entity ",worldwide
rpg group,conglomerate,worli,"calcutta, india 1820  202 years ago  1820 ",
rusal,aluminium,moscow,2007,
ssangyong motor,automotive,pyeongtaek,4 march 1954  68 years ago  1954-03-04 [1],worldwide
saab ab,aerospace and defence,stockholm,"1937 in trollhattan, sweden",worldwide
saks fifth avenue,retail,stockholm,1867  155 years ago   1867 ,
samsung electronics,electronics semiconductors information technology artificial intelligence automation home appliances medical devices internet of things robotics,samsung digital city,"13 january 1969  53 years ago  1969-01-13  in suwon, south korea",worldwide
samsonite,electronics semiconductors information technology artificial intelligence automation home appliances medical devices internet of things robotics,luxembourg city,10 march 1910  112 years ago  1910-03-10 ,
newell custom writing instruments,writing implements,luxembourg city,1857  165 years ago  1857 ,worldwide
san miguel corporation,conglomerate,san miguel avenue," september 29, 1890  132 years ago  1890-09-29   in manila, philippines","worldwide worldwide philippines philippines, united states, europe, japan, australia philippines and malaysia philippines philippines"
sandisk,storage devices,san miguel avenue,1988  34 years ago  1988 ,
sandvik,engineering,stockholm,1862  160 years ago  1862 ,
sanrio,wholesale[1],stockholm,10 august 1960  62 years ago  1960-08-10   as yamanashi silk company ,
sanofi,pharmaceuticals biotechnology healthcare,paris,1973  49 years ago  1973 ,worldwide
saudi aramco,oil and gas,dhahran,29 may 1933  89 years ago  29 may 1933 ,global
sap,enterprise software business software cloud computing consulting,dhahran,"weinheim, germany  1972  50 years ago  1972  ",worldwide
publicis sapient,"consumer products energy & commodities financial services health public sector retail telecommunications, media & technology transportation & mobility travel & hospitality",dhahran,1990,
sas group,aviation,sas frosundavik office building,"1946  76 years ago  1946 , merger of aba  1924 , ddl  1918 , and dnl  1927 ",europe
sasken technologies,telecommunications technology data centers product engineering semiconductor industrials,"bangalore, karnataka",1989  33 years ago  1989 ,worldwide
sasol,oil and gas chemical nuclear coal tar,"bangalore, karnataka",1950  1950 ,
schlumberger,oilfield services and equipment,,"1926  96 years ago  1926   as electric prospecting company  paris, france",worldwide
schwan-stabilo,stationery sports equipment,heroldsberg,1855  167 years ago  1855 ,worldwide
schneider electric,electrical equipment,rueil-malmaison,1836  186 years ago  1836   as schneider & cie ,worldwide
schindler group,vertical transportation,rueil-malmaison,1874  148 years ago  1874 ,worldwide except japan because the minato ward 2006 elevator accident 
schleich,"toys, figurines",rueil-malmaison,1935  87 years ago  1935 ,worldwide
scotiabank,banking financial services,"toronto, ontario, canada[1]","march 30, 1832  190 years ago  1832-03-30  halifax, nova scotia",
scholastic corporation,children's literacy and education,scholastic building,"october 22, 1920  102 years ago  1920-10-22  wilkinsburg, pennsylvania, us",
seiko,electronics watchmaking,ginza,"1881  141 years ago  1881  in ch  , tokyo, japan",
sears,retail,ginza,"1892  130 years ago  1892  chicago, illinois, u.s.",united states
sennheiser,audio electronics,wedemark,1 june 1945  77 years ago  1 june 1945   as labor w ,
sphero,robotics toys,"boulder, colorado",2010  12 years ago  2010 ,
spin master,toys and entertainment,"225 king street w., suite 200","march 26, 1994  28 years ago  1994-03-26 ",worldwide
serta company,furnishings,"225 king street w., suite 200",1931  91 years ago  1931 ,
seagate technology,computer storage,"fremont, california","november 1, 1979  43 years ago  1979-11-01   as shugart technology ",worldwide
sega sammy holdings,mass media,tokyo,"october 1, 2004  18 years ago  2004-10-01 ",worldwide
sealy corporation,furnishings,tokyo,"1881  141 years ago  1881  in sealy, texas, u.s.",
servcorp,serviced offices,sydney,1978,
severstal,"steel, mining",cherepovets,1993,
sf express,air freight and logistics,cherepovets,1993  1993 ,worldwide
sgs sa,quality,geneva,1878,
shenzhen airlines,quality,shenzhen bao'an international airport,november 1992  30 years ago  1992-11 ,
shiseido,consumer goods,shenzhen bao'an international airport,1872  150 years ago  1872 ,worldwide
shopee,e-commerce,shenzhen bao'an international airport,"5 february 2015  7 years ago  2015-02-05  queenstown, singapore",12 countries indonesia malaysia philippines singapore thailand vietnam taiwan brazil chile colombia mexico poland
siemens,conglomerate,munich,"1 october 1847  175 years ago  1847-10-01  berlin, kingdom of prussia",worldwide
sime darby property,property development property investment hospitality,munich,2007  15 years ago  2007 ,
silkroad technology,human resources software,munich,"winston-salem, north carolina, us  2003 ",worldwide
singtel,telecommunications,munich,1879  143 years ago  1879   as private telephone exchange  28 march 1992  30 years ago  1992-03-28   as singapore telecom  [1],"asia, australia and africa"
sinopec,oil and gas,chaoyang district,"beijing, china  25 february 2000  22 years ago  25 february 2000  ",worldwide
bic company,manufacturing,chaoyang district,25 october 1945  77 years ago  1945-10-25 ,worldwide
snapchat,manufacturing,chaoyang district,25 october 1945  77 years ago  1945-10-25 ,
the pinkfong company,animation production,seocho-dong,june 2010  12 years ago  2010-06 ,
sm investments,conglomerate,mall of asia complex,"1958  64 years ago  1958  in manila, philippines[1]",philippines
societe generale,financial services,boulevard haussmann,"may 4, 1864  158 years ago  1864-05-04 ",worldwide
sogou,internet,beijing,9 august 2010  12 years ago  2010-08-09 ,
sk group,conglomerate,seoul,8 april 1953  69 years ago  1953-04-08 ,worldwide
skullcandy,audio,"park city, utah",2003,
skype,audio,"park city, utah",2003,
koda transportation,rail transport machinery,plze ,1995,worldwide
solaris bus & coach,automotive industry,bolechowo,1999,worldwide
sony,conglomerate,"minato, tokyo","7 may 1946  76 years ago  1946-05-07  nihonbashi, ch  , tokyo, japan[2]",worldwide
softbank group,conglomerate,"minato-ku, tokyo",3 september 1981  41 years ago  1981-09-03 ,
southwest airlines,conglomerate,"dallas, texas","march 15, 1967  55 years ago  1967-03-15   as air southwest ",
square enix,media entertainment,shinjuku,"april 1, 2003  19 years ago  2003-04-01 [1][a]",worldwide
staedtler,stationery,shinjuku,3 october 1835  187 years ago  1835-10-03 ,worldwide
standard chartered,"banking, financial services",london,"as chartered bank of india, australia, and china on 29 december 1853  168 years ago  1853-12-29  as standard chartered on 18 november 1969  53 years ago  1969-11-18 ",worldwide
starbucks,coffee shop,london,"march 30, 1971  51 years ago  1971-03-30  pike place market, elliott bay, seattle, washington, u.s.",84 countries
state bank of india,"banking, financial services",nariman point,1 july 1955  67 years ago  1955-07-01  state bank of india 27 january 1921  1921-01-27  imperial bank of india 2 june 1806  1806-06-02  bank of calcutta 15 april 1840  1840-04-15  bank of bombay 1 july 1843  1843-07-01  bank of madras,worldwide
safeway,retail / grocery,"pleasanton, california","april 1915  107 years ago   1915-04  in american falls, idaho, u.s.",17 states
subway restaurant,restaurants,"pleasanton, california","august 28, 1965  57 years ago  1965-08-28  in bridgeport, connecticut, u.s.",worldwide  100+ countries 
stellantis,automotive production systems,"pleasanton, california",16 january 2021  23 months ago  2021-01-16 ,worldwide
suntory,beverage,"pleasanton, california","osaka, japan 1899  123 years ago  1899 ",
suzuki,automotive,"pleasanton, california",october 1909  113 years ago  1909-10   as suzuki loom works ,worldwide
swarovski,"fashion, crystal, and jewelry",wattens,"1895  127 years ago  1895   as a. kosmann, d. swarovski & co. ",
swinkels family brewers,"beverages, malt",wattens,before 1680,worldwide
taco maker,"beverages, malt",wattens,before 1680,
taiwan beer,"beverages, malt",wattens,before 1680,
take-two interactive,video games,wattens,"september 30, 1993  29 years ago  1993-09-30 ",
tapestry inc,"fashion, accessories",10 hudson yards,2017,
target corporation,retail,,"june 24, 1902  120 years ago  1902-06-24   corporation  january 5, 1962  60 years ago  1962-01-05   store ","united states, canada  formerly, see target canada "
tata motors,automotive,mumbai,1945  77 years ago  1945 ,worldwide
tabasco sauce,food,mumbai,1868  154 years ago  1868 ,
tate & lyle,food processing,london,merger of henry tate & sons  established 1859  and abram lyle & sons  established 1887  in 1921,
tcl technology,consumer electronics home appliances finance,london,1981  41 years ago  1981   as ttk  1985  1985   as tcl technology ,worldwide
tata consultancy services,information technology consulting outsourcing,mumbai,1968  54 years ago  1968 ,worldwide
teac corporation,electronics,mumbai,"29 august 1953  69 years ago  1953-08-29  in tokyo, japan",
technisat,electronics,mumbai,10 june 1987  10 june 1987 ,
tech mahindra,information technology consulting outsourcing,pune,24 october 1986  36 years ago  24 october 1986 ,worldwide
technicolor,information technology consulting outsourcing,pune,24 october 1986  36 years ago  24 october 1986 ,
telefonica,telecommunications,pune,19 april 1924  98 years ago  1924-04-19 ,worldwide
telus,telecommunications it consulting,vancouver,"1990  32 years ago  1990   in edmonton, alberta, canada [1]",
tencent,conglomerate,tencent binhai mansion,11 november 1998  24 years ago  1998-11-11 ,worldwide
the home depot,retailing,tencent binhai mansion,"february 6, 1978  44 years ago  1978-02-06  marietta, georgia, u.s.",
the hershey company,food processing,tencent binhai mansion,"february 8, 1894  128 years ago  1894-02-08   as hershey chocolate company  in lancaster, pennsylvania, united states[1]",worldwide
the swatch group,watchmaking jewellery,tencent binhai mansion,1983  39 years ago  1983 ,worldwide
tesco,retail,welwyn garden city,"1919  103 years ago  1919  hackney, london, england, uk",
tesla inc,automotive renewable energy,13101 tesla road,"july 1, 2003  19 years ago  2003-07-01  in san carlos, california, united states",north america europe oceania east asia middle east southeast asia
tetra pak,food packaging,,"1951  71 years ago  1951  lund, sweden and pully, switzerland",worldwide
telstra,telecommunications,telstra corporate centre,1 july 1975  47 years ago  1975-07-01 [1],australia worldwide  selected products 
texas instruments,semiconductors,telstra corporate centre,1930  92 years ago  1930   as geophysical service incorporated [1] 1951  1951   as texas instruments ,
textron,aerospace industry automotive industry defense industry,"providence, rhode island, us",1923  99 years ago  1923 ,
thomson reuters,mass media,"providence, rhode island, us","april 17, 2008  14 years ago  2008-04-17  toronto, ontario, canada",worldwide
ting hsin international group,food,"providence, rhode island, us","yongjing, changhua, taiwan  1958  1958  ",greater china region
tissot,watchmaking,"providence, rhode island, us",1853  169 years ago  1853 ,150 countries
tkk fried chicken,food,new taipei city,20 july 1974  48 years ago  1974-07-20 ,worldwide
toshiba,conglomerate,new taipei city,11 july 1875  147 years ago  1875-07-11 b,worldwide
tomtom,"consumer electronics, navigation technology",amsterdam,1991  31 years ago  1991 ,
tomy,"toys, video games, children's products and apparel","katsushika, tokyo","march 1, 2006  16 years ago  2006-03-01   former tomy, 1924  takara, 1955 ",worldwide
totalenergies,petroleum energy,tour total,28 march 1924  98 years ago  1924-03-28 ,worldwide
towers watson,professional services,tour total,2010  12 years ago  2010 ,global
tpg telecom,telecommunications,"north sydney, new south wales",2009,
tdk,electronics,"nihonbashi, ch  , tokyo","december 7, 1935  87 years ago  1935-12-07  as tokyo denki kagaku k gy  k.k.",worldwide
oao tmk,steel industry,"nihonbashi, ch  , tokyo",2001,
toyota,automotive,"nihonbashi, ch  , tokyo","august 28, 1937  85 years ago  1937-08-28 ",worldwide
trend micro,computer software,"irving, texas","24 october 1988  34 years ago  1988-10-24 , los angeles, california, u.s.",worldwide
tp-link,networking equipment,"irving, texas",1996  26 years ago  1996 ,worldwide
tsmc,semiconductors,"irving, texas","industrial technology research institute, hsinchu, taiwan  1987  35 years ago  1987  ",worldwide
typotheque,graphic design,"irving, texas",1999,
uber,transportation mobility as a service,"san francisco, california",march 2009  13 years ago  2009-03 ,"approximately 72 countries and 10,500 cities"
ulker,food processing,istanbul,22 february 1944  78 years ago  1944-02-22 ,worldwide
united microelectronics corporation,semiconductor foundry,hsinchu science park,1980  42 years ago  1980 ,
unicredit,financial services,hsinchu science park,1998  24 years ago  1998 ,
unilever,consumer goods,london,2 september 1929  93 years ago  1929-09-02 ,worldwide
ubisoft,video games,london,28 march 1986  36 years ago  1986-03-28 ,worldwide
unisys,information technology consulting outsourcing,london,1986  36 years ago  1986 ,worldwide
united airlines,information technology consulting outsourcing,willis tower,"april 6, 1926  96 years ago  1926-04-06   as varney air lines in boise, idaho, u.s. [1]",
the vanguard group,investment management,willis tower,"may 1, 1975  47 years ago  1975-05-01 ",
volvo,automotive,gothenburg,1927  95 years ago  1927 ,worldwide
vanke,real estate,gothenburg,1984,
vestel,"consumer electronics, home appliances, information technology",manisa,1984,"europe, middle east, central asia"
vestas,electrical equipment,manisa,1945  77 years ago  1945 ,
verisk analytics,data analytics and risk assessment,"jersey city, new jersey",1971  51 years ago  1971 [1],
vertiv,electrical equipment,"columbus, ohio",2016  6 years ago  2016 ,worldwide
vf corporation,apparel accessories,denver,"october 1899  123 years ago  1899-10   as reading glove and mitten manufacturing company  reading, pennsylvania, u.s.",
viettel,telecommunication,hanoi,1 june 1989  33 years ago  1989-06-01 ,
victoria's secret,apparel,hanoi,"june 12, 1977  45 years ago  1977-06-12  stanford shopping center, palo alto, california, u.s.[1]",
victorinox,apparel,hanoi,1884  138 years ago  1884   as messerfabrik carl elsener  2 january 1979  as victorinox ag ,worldwide
veon,telecommunications,hanoi,2009  13 years ago  2009 ,"africa, asia, europe"
virgin group,conglomerate,hanoi,february 1970  52 years ago  1970-02 ,worldwide
vitol,"commodity, oil & gas",geneva,"1966  56 years ago  1966  rotterdam, netherlands[1]",global
vizio,electronics,geneva,"october 2002  20 years ago  2002-10  costa mesa, california, u.s.",north america
vivendi,media,geneva,14 december 1853  169 years ago  1853-12-14 ,worldwide
vinamilk,"dairy products, juice",ho chi minh city,1976,worldwide
vodafone,telecommunications,"newbury, berkshire, england, uk",16 september 1991  31 years ago  1991-09-16 ,worldwide
voith,mechanical engineering,heidenheim an der brenz,1867,
volkswagen group,automotive,heidenheim an der brenz,"berlin, germany  28 may 1937  85 years ago  1937-05-28  ",worldwide
the wendy's company,foodservice,heidenheim an der brenz,1884  138 years ago  1884 ,worldwide
want want,food and drink,heidenheim an der brenz,1884  138 years ago  1884 ,
walmart,retail,heidenheim an der brenz,"july 2, 1962  60 years ago  1962-07-02  in rogers, arkansas[1] october 31, 1969  53 years ago  1969-10-31  in wilmington, delaware  incorporation ",worldwide
the walt disney company,media entertainment,team disney building,"october 16, 1923  99 years ago  1923-10-16 ",worldwide
warner bros discovery,media entertainment,team disney building,"april 8, 2022  8 months ago  2022-04-08 ",worldwide
wawa company,convenience store gas station fast food,team disney building,"april 16, 1964  58 years ago  1964-04-16 ","delaware, florida, maryland, new jersey, pennsylvania, virginia and washington, d.c.  planned: alabama, georgia, indiana, kentucky, north carolina, ohio and tennessee  former: new york and connecticut"
whirlpool corporation,home appliances,team disney building,"november 11, 1911  111 years ago  1911-11-11  benton harbor, michigan, u.s.",worldwide
wingstop,restaurants,"addison, texas","1994  28 years ago  1994  garland, texas, u.s.",canada france indonesia mexico singapore spain united arab emirates united kingdom united states
wipro,conglomerate,sarjapur road,29 december 1945  76 years ago  29 december 1945 ,worldwide
wirecard,financial services payment processor technology,aschheim,1 january 1999  1999-01-01 ,worldwide
xiaomi,consumer electronics computer hardware,haidian district,6 april 2010  12 years ago  2010-04-06 ,worldwide
xtep,sports equipment,haidian district,2001  21 years ago  2001 ,worldwide
yakult,sports equipment,haidian district,2001  21 years ago  2001 ,
yili group,dairy,"hohhot, inner mongolia",1993  29 years ago  1993 ,
yamaha corporation,dairy,"hamamatsu, shizuoka",12 october 1887  135 years ago  1887-10-12 ,worldwide
yandex,internet search engine mapping streaming services internet retail,moscow,23 september 1997  25 years ago  23 september 1997   yandex search launched by comptek  2000  22 years ago  2000  in cyprus  yandex holding company incorporated  2007  15 years ago  2007   reincorporation of holding company in the netherlands ,"russia, kazakhstan, belarus, uzbekistan, azerbaijan, georgia, armenia, israel, turkey, estonia, iran"
yokohama rubber company,manufacturing,moscow,"october 13, 1917  105 years ago  1917-10-13 ",
yamaha motor company,automotive,moscow,1 may 1955  67 years ago  1955-05-01 ,worldwide
yum brands,foodservice,moscow,"october 6, 1997  25 years ago  october 6, 1997 ",worldwide
zara retailer,retail,moscow,1975  47 years ago  1975   as zorba  in spain,worldwide
zensar technologies,it services,"pune, india",1991[1],
guangzhou zhujiang brewery group,beverages,"pune, india",1985,worldwide
zte,telecommunications equipment networking equipment,,"1985  37 years ago  1985   as zhongxing semiconductor co., ltd. ",worldwide
zippo,manufacturing,bradford,1932  90 years ago  1932 ,
zyxel,telecommunications,hsinchu science park,"1989  33 years ago  1989  in hsinchu, taiwan",worldwide

