name,headquarters,country,continent,region,sub_region,founded,employees,ceo,market_cap,categories,sector,industry,revenue,link,share_price,results_for_year,total_equity,founders,market_value,address,type
enel spa,,,,,,,,,,,,"finance, insurance, and real estate",,,,,,,,"viale regina margherita 137, roma, 00198, roma, italy",corporation
esselunga spa,,,,,,,,,,,,retail trade,,,,,,,,"via giambologna 1, pioltello, 20096, milano, italy",corporation
superit srl,,,,,,,,,,,,"finance, insurance, and real estate",,,,,,,,"via vittor pisani 20, milano, 20124, milano, italy",corporation
saras spa,,,,,,,,,,,,manufacturing,,,,,,,,"galleria passarella 2, milano, 20122, milano, italy",corporation
unicredit spa,,,,,,,,,,,,"finance, insurance, and real estate",,,,,,,,"piazza gae aulenti 3 tower a, milano, 20154, milano, italy",corporation
send to me srl,,,,,,,,,,,,services,,,,,,,,"viale ungheria 46, milano, 20138, milano, italy",corporation
intesa sanpaolo vita spa,,,,,,,,,,,,"finance, insurance, and real estate",,,,,,,,"corso inghilterra 3, torino, 10138, torino, italy",corporation
unipolsai assicurazioni spa,,,,,,,,,,,,"finance, insurance, and real estate",,,,,,,,"via stalingrado 45, bologna, 40128, bologna, italy",corporation
totalenergies petrochemicals & refining sa nv,,,,,,,,,,,,wholesale trade,,,,,,,,"via rombon 11, milano, 20134, milano, italy",foreign company
sanastera spa,,,,,,,,,,,,"finance, insurance, and real estate",,,,,,,,"piazza minghetti 4/d, bologna, 40124, bologna, italy",corporation
hera spa,,,,,,,,,,,,"transportation, communications, electric, gas, and sanitary services",,,,,,,,"viale carlo berti pichat 2/4, bologna, 40127, bologna, italy",corporation
esso italiana srl,,,,,,,,,,,,wholesale trade,,,,,,,,"viale cassala 57, milano, 20143, milano, italy",corporation
poste italiane spa,,,,,,,,,,,,"transportation, communications, electric, gas, and sanitary services",,,,,,,,"viale europa 190, roma, 00144, roma, italy",corporation
a2a spa,,,,,,,,,,,,"transportation, communications, electric, gas, and sanitary services",,,,,,,,"corso di porta vittoria 4, milano, 20122, milano, italy",corporation
arrow electronics emeasa srl,,,,,,,,,,,,"finance, insurance, and real estate",,,,,,,,"viale dell'innovazione 3, milano, 20126, milano, italy",corporation
edison spa,,,,,,,,,,,,"finance, insurance, and real estate",,,,,,,,"foro buonaparte 31, milano, 20121, milano, italy",corporation
ferrovie dello stato italiane spa,,,,,,,,,,,,"finance, insurance, and real estate",,,,,,,,"piazza della croce rossa 1, roma, 00161, roma, italy",corporation
prysmian spa,,,,,,,,,,,,wholesale trade,,,,,,,,"via chiese 6, milano, 20126, milano, italy",corporation
leonardo spa,,,,,,,,,,,,manufacturing,,,,,,,,"piazza monte grappa 4, roma, 00195, roma, italy",corporation
generali italia spa,,,,,,,,,,,,"finance, insurance, and real estate",,,,,,,,"via marocchesa 14, mogliano veneto, 31021, treviso, italy",corporation
enel energia spa,,,,,,,,,,,,"transportation, communications, electric, gas, and sanitary services",,,,,,,,"via san giovanni sul muro 9, milano, 20121, milano, italy",corporation
intesa sanpaolo spa,,,,,,,,,,,,"finance, insurance, and real estate",,,,,,,,"via monte di pieta' 8, milano, 20121, milano, italy",corporation
telecom italia spa,,,,,,,,,,,,"transportation, communications, electric, gas, and sanitary services",,,,,,,,"via gaetano negri 1, milano, 20123, milano, italy",corporation
poste vita spa,,,,,,,,,,,,"finance, insurance, and real estate",,,,,,,,"viale europa 190, roma, 00144, roma, italy",corporation
fca italy spa in forma fiat chrysler automobiles e in forma abbreviato fiat group autom,,,,,,,,,,,,manufacturing,,,,,,,,"corso giovanni agnelli 200, torino, 10135, torino, italy",corporation
enel italia spa,,,,,,,,,,,,"finance, insurance, and real estate",,,,,,,,"viale regina margherita 125, roma, 00198, roma, italy",corporation
gestore dei mercati energetici spa,,,,,,,,,,,,"transportation, communications, electric, gas, and sanitary services",,,,,,,,"viale maresciallo pilsudski 122/124, roma, 00197, roma, italy",corporation
amazon eu sa rl,,,,,,,,,,,,retail trade,,,,,,,,"viale monte grappa 3/5, milano, 20124, milano, italy",foreign company
gestore dei servizi energetici - gse spa,,,,,,,,,,,,"transportation, communications, electric, gas, and sanitary services",,,,,,,,"viale maresciallo pilsudski 92, roma, 00197, roma, italy",corporation
eni spa,,,,,,,,,,,,manufacturing,,,,,,,,"piazzale enrico mattei 1, roma, 00144, roma, italy",corporation
iveco spa,,,,,,,,,,,,manufacturing,,,,,,,,"via puglia 35, torino, 10156, torino, italy",corporation
lidl italia srl,,,,,,,,,,,,wholesale trade,,,,,,,,"via augusto ruffo 36, arcole, 37040, verona, italy",corporation
webuild spa,,,,,,,,,,,,construction,,,,,,,,"centro direzionale milanofiori snc, rozzano, 20089, milano, italy",corporation
atlantia spa,,,,,,,,,,,,"finance, insurance, and real estate",,,,,,,,"piazza di san silvestro 8, roma, 00187, roma, italy",corporation
salini costruttori spa,,,,,,,,,,,,construction,,,,,,,,"via del lauro 3, milano, 20121, milano, italy",corporation
amazon web services emea sarl,,,,,,,,,,,,services,,,,,,,,"viale monte grappa 3/5, milano, 20124, milano, italy",foreign company
allianz spa,,,,,,,,,,,,"finance, insurance, and real estate",,,,,,,,"piazza tre torri 3, milano, 20145, milano, italy",corporation
mediolanum vita spa,,,,,,,,,,,,"finance, insurance, and real estate",,,,,,,,"via francesco sforza, basiglio, 20079, milano, italy",corporation
engie italia spa,,,,,,,,,,,,services,,,,,,,,"viale fulvio testi 280, milano, 20126, milano, italy",corporation
enel global trading spa,,,,,,,,,,,,wholesale trade,,,,,,,,"viale regina margherita 125, roma, 00198, roma, italy",corporation
hera trading srl,,,,,,,,,,,,"transportation, communications, electric, gas, and sanitary services",,,,,,,,"via molino rosso 8, imola, 40026, bologna, italy",corporation
alleanza assicurazioni spa,,,,,,,,,,,,"finance, insurance, and real estate",,,,,,,,"piazza fidia 1, milano, 20159, milano, italy",corporation
marco polo international italy srl,,,,,,,,,,,,"finance, insurance, and real estate",,,,,,,,"via san primo 4, milano, 20121, milano, italy",corporation
fincantieri spa,,,,,,,,,,,,manufacturing,,,,,,,,"via genova 1, trieste, 34121, trieste, italy",corporation
eurospin italia spa,,,,,,,,,,,,"finance, insurance, and real estate",,,,,,,,"via campalto 3/d, san martino buon albergo, 37036, verona, italy",corporation
e-distribuzione spa,,,,,,,,,,,,"transportation, communications, electric, gas, and sanitary services",,,,,,,,"via carlo felice 35, sassari, 07100, sassari, italy",corporation
saipem spa,,,,,,,,,,,,construction,,,,,,,,"via martiri di cefalonia 67, san donato milanese, 20097, milano, italy",corporation
enel produzione spa,,,,,,,,,,,,"transportation, communications, electric, gas, and sanitary services",,,,,,,,"viale regina margherita 125, roma, 00198, roma, italy",corporation
guccio gucci spa,,,,,,,,,,,,manufacturing,,,,,,,,"via don lorenzo perosi 6, scandicci, 50018, firenze, italy",corporation
pirelli & c spa,,,,,,,,,,,,"finance, insurance, and real estate",,,,,,,,"viale piero e alberto pirelli 25, milano, 20126, milano, italy",corporation
unicredit allianz vita spa,,,,,,,,,,,,"finance, insurance, and real estate",,,,,,,,"piazza tre torri 3, milano, 20145, milano, italy",corporation
acquirente unico spa,,,,,,,,,,,,"transportation, communications, electric, gas, and sanitary services",,,,,,,,"via guidubaldo del monte 45, roma, 00197, roma, italy",corporation
volkswagen group italia spa,,,,,,,,,,,,retail trade,,,,,,,,"viale gerard richard gumpert 1, verona, 37137, verona, italy",corporation
versalis spa,,,,,,,,,,,,manufacturing,,,,,,,,"piazza marcello boldrini 1, san donato milanese, 20097, milano, italy",corporation
a menarini industrie farmaceutiche riunite srl,,,,,,,,,,,,manufacturing,,,,,,,,"via dei sette santi 3, firenze, 50131, firenze, italy",corporation
barilla holding srl,,,,,,,,,,,,"finance, insurance, and real estate",,,,,,,,"via mantova 166, parma, 43122, parma, italy",corporation
guido m barilla e flli sapa,,,,,,,,,,,,"finance, insurance, and real estate",,,,,,,,"via mantova 166, parma, 43122, parma, italy",corporation
cremonini spa,,,,,,,,,,,,"finance, insurance, and real estate",,,,,,,,"via modena 53, castelvetro di modena, 41014, modena, italy",corporation
cremofin srl,,,,,,,,,,,,"finance, insurance, and real estate",,,,,,,,"via modena 53, castelvetro di modena, 41014, modena, italy",corporation
societa' europea veicoli leggeri sevel spa,,,,,,,,,,,,manufacturing,,,,,,,,"viale avvocato giovanni agnelli 10, atessa, 66041, chieti, italy",corporation
ferrari - societa'per azioni esercizio fabbriche automobili e corse,,,,,,,,,,,,manufacturing,,,,,,,,"via abetone inferiore 2, maranello, 41053, modena, italy",corporation
credit agricole vita spa,,,,,,,,,,,,"finance, insurance, and real estate",,,,,,,,"strada dell'universita' 1, parma, 43121, parma, italy",corporation
sonatrach raffineria italiana srl,,,,,,,,,,,,manufacturing,,,,,,,,"contrada marcellino c.p. 88 snc, augusta, 96011, siracusa, italy",corporation
coop alleanza 30 soc coop,,,,,,,,,,,,retail trade,,,,,,,,"via villanova 29/7, castenaso, 40055, bologna, italy",corporation
chimet spa,,,,,,,,,,,,manufacturing,,,,,,,,"via dei laghi 31/33, civitella in val di chiana, 52041, arezzo, italy",corporation
riva forni elettrici spa,,,,,,,,,,,,"finance, insurance, and real estate",,,,,,,,"viale certosa 249, milano, 20151, milano, italy",corporation
nuovo pig holding spa,,,,,,,,,,,,"finance, insurance, and real estate",,,,,,,,"via felice matteucci 2, firenze, 50127, firenze, italy",corporation
zeor finanziaria spa,,,,,,,,,,,,"finance, insurance, and real estate",,,,,,,,"via di porta pinciana 4, roma, 00187, roma, italy",corporation
autostrade per l'italia spa,,,,,,,,,,,,"transportation, communications, electric, gas, and sanitary services",,,,,,,,"via alberto bergamini 50, roma, 00159, roma, italy",corporation
trenitalia spa,,,,,,,,,,,,"transportation, communications, electric, gas, and sanitary services",,,,,,,,"piazza della croce rossa 1, roma, 00161, roma, italy",corporation
fideuram vita spa,,,,,,,,,,,,"finance, insurance, and real estate",,,,,,,,"via ennio quirino visconti 80, roma, 00193, roma, italy",corporation
marcegaglia holding srl,,,,,,,,,,,,manufacturing,,,,,,,,"via bresciani 16, gazoldo degli ippoliti, 46040, mantova, italy",corporation
vodafone italia spa,,,,,,,,,,,,"transportation, communications, electric, gas, and sanitary services",,,,,,,,"via guglielmo jervis 13, ivrea, 10015, torino, italy",corporation
edison energia spa,,,,,,,,,,,,"transportation, communications, electric, gas, and sanitary services",,,,,,,,"foro buonaparte 31, milano, 20121, milano, italy",corporation
italpreziosi spa,,,,,,,,,,,,manufacturing,,,,,,,,"localita' san zeno zona industriale strada a 32, arezzo, 52100, arezzo, italy",corporation
assicurazioni generali spa,,,,,,,,,,,,"finance, insurance, and real estate",,,,,,,,"piazza luigi amedeo duca degli abruzzi 2, trieste, 34132, trieste, italy",corporation
groupe psa italia spa,,,,,,,,,,,,retail trade,,,,,,,,"via plava 80, torino, 10135, torino, italy",corporation
finanziaria d'investimento fininvest spa,,,,,,,,,,,,"finance, insurance, and real estate",,,,,,,,"via pietro paleocapa 3, milano, 20121, milano, italy",corporation
cassa depositi e prestiti spa,,,,,,,,,,,,"finance, insurance, and real estate",,,,,,,,"via goito 4, roma, 00185, roma, italy",corporation
aurelia srl,,,,,,,,,,,,"finance, insurance, and real estate",,,,,,,,"strada statale per novi ligure 3/13, tortona, 15057, alessandria, italy",corporation
aia agricola italiana alimentare spa,,,,,,,,,,,,wholesale trade,,,,,,,,"via valpantena 18/g, verona, 37142, verona, italy",corporation
banco bpm spa,,,,,,,,,,,,"finance, insurance, and real estate",,,,,,,,"piazza nogara 2, verona, 37121, verona, italy",corporation
acea spa,,,,,,,,,,,,"transportation, communications, electric, gas, and sanitary services",,,,,,,,"piazzale ostiense 2, roma, 00154, roma, italy",corporation
b&d holding spa,,,,,,,,,,,,"finance, insurance, and real estate",,,,,,,,"via giovanni da verrazzano 15, novara, 28100, novara, italy",corporation
de agostini spa,,,,,,,,,,,,"finance, insurance, and real estate",,,,,,,,"via giovanni da verrazzano 15, novara, 28100, novara, italy",corporation
gs spa,,,,,,,,,,,,retail trade,,,,,,,,"via caldera 21, milano, 20153, milano, italy",corporation
cnp vita assicurazione spa,,,,,,,,,,,,"finance, insurance, and real estate",,,,,,,,"via angelo scarsellini 14, milano, 20161, milano, italy",corporation
cnp vita assicura spa,,,,,,,,,,,,"finance, insurance, and real estate",,,,,,,,"via angelo scarsellini 14, milano, 20161, milano, italy",corporation
pac 2000 a soc coop,,,,,,,,,,,,wholesale trade,,,,,,,,"via del rame snc, perugia, 06134, perugia, italy",cooperative
ludo spa,,,,,,,,,,,,"finance, insurance, and real estate",,,,,,,,"via antonio fogazzaro 28, milano, 20135, milano, italy",corporation
prada spa,,,,,,,,,,,,retail trade,,,,,,,,"via lungarno 1213-61, terranuova bracciolini, 52028, arezzo, italy",corporation
acciaierie d'italia spa,,,,,,,,,,,,manufacturing,,,,,,,,"viale certosa 239, milano, 20151, milano, italy",corporation
acciaierie d'italia holding spa,,,,,,,,,,,,manufacturing,,,,,,,,"viale certosa 239, milano, 20151, milano, italy",corporation
allianz global investors gmbh,,,,,,,,,,,,"finance, insurance, and real estate",,,,,,,,"via durini 1, milano, 20122, milano, italy",foreign company
sony europe bv,,,,,,,,,,,,wholesale trade,,,,,,,,"via angelo rizzoli 4, milano, 20132, milano, italy",foreign company
sorgenia spa,,,,,,,,,,,,"transportation, communications, electric, gas, and sanitary services",,,,,,,,"via alessandro algardi 4, milano, 20148, milano, italy",corporation
f2i er 1 spa,,,,,,,,,,,,"finance, insurance, and real estate",,,,,,,,"via san protaso 5, milano, 20121, milano, italy",corporation
fimedi spa,,,,,,,,,,,,"finance, insurance, and real estate",,,,,,,,"corso re umberto 10, torino, 10121, torino, italy",corporation
buzzi unicem spa,,,,,,,,,,,,manufacturing,,,,,,,,"via luigi buzzi 6, casale monferrato, 15033, alessandria, italy",corporation
genertellife spa,,,,,,,,,,,,"finance, insurance, and real estate",,,,,,,,"via marocchesa 14, mogliano veneto, 31021, treviso, italy",corporation
logista italia spa,,,,,,,,,,,,wholesale trade,,,,,,,,"via valadier 37, roma, 00193, roma, italy",corporation
pirelli tyre spa,,,,,,,,,,,,manufacturing,,,,,,,,"viale piero e alberto pirelli 25, milano, 20126, milano, italy",corporation
hera comm spa,,,,,,,,,,,,"transportation, communications, electric, gas, and sanitary services",,,,,,,,"via molino rosso 8, imola, 40026, bologna, italy",corporation
autogrill spa,,,,,,,,,,,,retail trade,,,,,,,,"galleria san babila 4/a, milano, 20122, milano, italy",corporation
rete ferroviaria italiana spa,,,,,,,,,,,,"transportation, communications, electric, gas, and sanitary services",,,,,,,,"piazza della croce rossa 1, roma, 00161, roma, italy",corporation
swietelsky baugesellschaft mbh,,,,,,,,,,,,construction,,,,,,,,"via del sole 34, andriano, 39010, bolzano, italy",foreign company
cnh industrial italia spa,,,,,,,,,,,,manufacturing,,,,,,,,"viale delle nazioni 55, modena, 41122, modena, italy",corporation
iren mercato spa,,,,,,,,,,,,"transportation, communications, electric, gas, and sanitary services",,,,,,,,"via dei santi giacomo e filippo 7, genova, 16122, genova, italy",corporation
duferco italia holding spa,,,,,,,,,,,,"finance, insurance, and real estate",,,,,,,,"via armando diaz 248, san zeno naviglio, 25010, brescia, italy",corporation
trasporti internazionali agenzia marittima savino del bene spa,,,,,,,,,,,,"transportation, communications, electric, gas, and sanitary services",,,,,,,,"via del botteghino 24/26, scandicci, 50018, firenze, italy",corporation
unieuro spa,,,,,,,,,,,,retail trade,,,,,,,,"via piero maroncelli 10, forli', 47121, forli'-cesena, italy",corporation
axpo italia spa,,,,,,,,,,,,"transportation, communications, electric, gas, and sanitary services",,,,,,,,"via xii ottobre 1, genova, 16121, genova, italy",corporation
sind international srl,,,,,,,,,,,,"finance, insurance, and real estate",,,,,,,,"via bigli 21, milano, 20121, milano, italy",corporation
danieli & c officine meccaniche spa,,,,,,,,,,,,manufacturing,,,,,,,,"via nazionale 41, buttrio, 33042, udine, italy",corporation
md spa,,,,,,,,,,,,retail trade,,,,,,,,"zona a.s.i.capan  18, gricignano di aversa, 81030, caserta, italy",corporation
isab srl,,,,,,,,,,,,manufacturing,,,,,,,,"ex s.s. 114 km 146 snc, priolo gargallo, 96010, siracusa, italy",corporation
astm spa,,,,,,,,,,,,"finance, insurance, and real estate",,,,,,,,"corso regina margherita 165, torino, 10144, torino, italy",corporation
alessanpatane' srl,,,,,,,,,,,,services,,,,,,,,"via amaseno 24, latina, 04100, latina, italy",corporation
fpt industrial spa,,,,,,,,,,,,manufacturing,,,,,,,,"via puglia 15, torino, 10156, torino, italy",corporation
luxottica group spa,,,,,,,,,,,,wholesale trade,,,,,,,,"piazzale luigi cadorna 3, milano, 20123, milano, italy",corporation
de' longhi spa,,,,,,,,,,,,"finance, insurance, and real estate",,,,,,,,"via lodovico seitz 47, treviso, 31100, treviso, italy",corporation
bridgestone europe nv sa,,,,,,,,,,,,manufacturing,,,,,,,,"via energy park 14, vimercate, 20871, monza e brianza, italy",foreign company
gi group spa,,,,,,,,,,,,services,,,,,,,,"piazza iv novembre 5, milano, 20124, milano, italy",corporation
cnp unicredit vita spa,,,,,,,,,,,,"finance, insurance, and real estate",,,,,,,,"via emilio cornalia 30, milano, 20124, milano, italy",corporation
mapei spa,,,,,,,,,,,,manufacturing,,,,,,,,"viale edoardo jenner 4, milano, 20159, milano, italy",corporation
emme esse vi srl,,,,,,,,,,,,"finance, insurance, and real estate",,,,,,,,"via sassoferrato 1, milano, 20135, milano, italy",corporation
nintendo of europe gmbh,,,,,,,,,,,,services,,,,,,,,"via torri bianche 6, vimercate, 20871, monza e brianza, italy",foreign company
snam spa,,,,,,,,,,,,"finance, insurance, and real estate",,,,,,,,"piazza santa barbara 7, san donato milanese, 20097, milano, italy",corporation
a2a energia spa,,,,,,,,,,,,"transportation, communications, electric, gas, and sanitary services",,,,,,,,"corso di porta vittoria 4, milano, 20122, milano, italy",corporation
grimaldi group spa,,,,,,,,,,,,"transportation, communications, electric, gas, and sanitary services",,,,,,,,"via marchese campodisola 13, napoli, 80133, napoli, italy",corporation
veronesi holding spa,,,,,,,,,,,,services,,,,,,,,"via valpantena 18/g, verona, 37142, verona, italy",corporation
nuovo pig international srl,,,,,,,,,,,,manufacturing,,,,,,,,"via felice matteucci 2, firenze, 50127, firenze, italy",corporation
gruppo unicomm spa,,,,,,,,,,,,"finance, insurance, and real estate",,,,,,,,"via enrico mattei 50, dueville, 36031, vicenza, italy",corporation
chiesi farmaceutici spa,,,,,,,,,,,,manufacturing,,,,,,,,"via palermo 26/a, parma, 43122, parma, italy",corporation
valline srl,,,,,,,,,,,,"finance, insurance, and real estate",,,,,,,,"stradello marche 6, parma, 43121, parma, italy",corporation
eni fuel spa,,,,,,,,,,,,retail trade,,,,,,,,"viale giorgio ribotta 51, roma, 00144, roma, italy",corporation
comifar spa,,,,,,,,,,,,"finance, insurance, and real estate",,,,,,,,"via fratelli di dio 2, novate milanese, 20026, milano, italy",corporation
whirlpool emea spa,,,,,,,,,,,,manufacturing,,,,,,,,"strada provinciale arceviese 139/a, fabriano, 60044, ancona, italy",corporation
bmw italia spa,,,,,,,,,,,,retail trade,,,,,,,,"via dell'unione europea 1, san donato milanese, 20097, milano, italy",corporation
conad nord ovest societa' cooperativa a rl,,,,,,,,,,,,wholesale trade,,,,,,,,"via bure vecchia nord 10, pistoia, 51100, pistoia, italy",corporation
unicoop firenze soc coop,,,,,,,,,,,,"finance, insurance, and real estate",,,,,,,,"via santa reparata 43, firenze, 50129, firenze, italy",corporation
spesa intelligente spa,,,,,,,,,,,,wholesale trade,,,,,,,,"via campalto 3/d, san martino buon albergo, 37036, verona, italy",corporation
banca monte dei paschi di siena spa,,,,,,,,,,,,"finance, insurance, and real estate",,,,,,,,"piazza salimbeni 3, siena, 53100, siena, italy",corporation
rai radiotelevisione italiana spa,,,,,,,,,,,,"transportation, communications, electric, gas, and sanitary services",,,,,,,,"viale giuseppe mazzini 14, roma, 00195, roma, italy",corporation
de la costa srl,,,,,,,,,,,,"finance, insurance, and real estate",,,,,,,,"via portici umberto i 5/3, malcesine, 37018, verona, italy",corporation
calzedonia holding spa,,,,,,,,,,,,"finance, insurance, and real estate",,,,,,,,"via monte baldo 20, villafranca di verona, 37062, verona, italy",corporation
eurizon capital sgr spa,,,,,,,,,,,,"finance, insurance, and real estate",,,,,,,,"piazzetta giordano dell'amore 3, milano, 20121, milano, italy",corporation
finiper canova group spa,,,,,,,,,,,,"finance, insurance, and real estate",,,,,,,,"via amilcare ponchielli 7, milano, 20129, milano, italy",corporation
bper banca spa,,,,,,,,,,,,"finance, insurance, and real estate",,,,,,,,"via san carlo 8/20, modena, 41121, modena, italy",corporation
gecos - generale di commercio e servizi spa,,,,,,,,,,,,"finance, insurance, and real estate",,,,,,,,"via delle industrie 8, spinea, 30038, venezia, italy",corporation
gruppo pam spa,,,,,,,,,,,,wholesale trade,,,,,,,,"via delle industrie 8, spinea, 30038, venezia, italy",corporation
ibm italia spa,,,,,,,,,,,,services,,,,,,,,"circonvallazione idroscalo snc, segrate, 20054, milano, italy",corporation
brembo spa,,,,,,,,,,,,manufacturing,,,,,,,,"viale europa 2, stezzano, 24040, bergamo, italy",corporation
nuova fourb srl,,,,,,,,,,,,"finance, insurance, and real estate",,,,,,,,"via monte ortigara 5, bergamo, 24121, bergamo, italy",corporation
sky italia srl,,,,,,,,,,,,"transportation, communications, electric, gas, and sanitary services",,,,,,,,"via monte penice 7, milano, 20138, milano, italy",corporation
barilla g e r fratelli spa,,,,,,,,,,,,manufacturing,,,,,,,,"via mantova 166, parma, 43122, parma, italy",corporation
alitalia societa' aerea italiana spa,,,,,,,,,,,,"transportation, communications, electric, gas, and sanitary services",,,,,,,,"via alberto nassetti pal.alfa snc, fiumicino, 00054, roma, italy",corporation
bolton group srl,,,,,,,,,,,,services,,,,,,,,"via giovanni battista pirelli 19, milano, 20124, milano, italy",corporation
factor holding srl,,,,,,,,,,,,"finance, insurance, and real estate",,,,,,,,"via giovanni battista pirelli 19, milano, 20124, milano, italy",corporation
anas spa,,,,,,,,,,,,"transportation, communications, electric, gas, and sanitary services",,,,,,,,"via monzambano 10, roma, 00185, roma, italy",corporation
maire tecnimont spa,,,,,,,,,,,,"finance, insurance, and real estate",,,,,,,,"via gaetano de castillia 6/a, milano, 20124, milano, italy",corporation
samsung electronics italia spa,,,,,,,,,,,,wholesale trade,,,,,,,,"via mike bongiorno 9, milano, 20124, milano, italy",corporation
renault italia spa,,,,,,,,,,,,retail trade,,,,,,,,"via tiburtina 1159, roma, 00156, roma, italy",corporation
axa assicurazioni spa,,,,,,,,,,,,"finance, insurance, and real estate",,,,,,,,"corso como 17, milano, 20154, milano, italy",corporation
mediamarket spa,,,,,,,,,,,,retail trade,,,,,,,,"via furlanelli 69, verano brianza, 20843, monza e brianza, italy",corporation
finarvedi spa,,,,,,,,,,,,"finance, insurance, and real estate",,,,,,,,"piazza lodi 7, cremona, 26100, cremona, italy",corporation
inalca spa,,,,,,,,,,,,manufacturing,,,,,,,,"via spilamberto 30/c, castelvetro di modena, 41014, modena, italy",corporation
banca nazionale del lavoro spa,,,,,,,,,,,,"finance, insurance, and real estate",,,,,,,,"viale altiero spinelli 30, roma, 00157, roma, italy",corporation
fastweb spa,,,,,,,,,,,,"transportation, communications, electric, gas, and sanitary services",,,,,,,,"via francesco caracciolo 51, milano, 20155, milano, italy",corporation
finbre spa,,,,,,,,,,,,"finance, insurance, and real estate",,,,,,,,"viale del lavoro 20, belfiore, 37050, verona, italy",corporation
maxi di srl,,,,,,,,,,,,retail trade,,,,,,,,"viale del lavoro 20, belfiore, 37050, verona, italy",corporation
swisscom italia srl,,,,,,,,,,,,"finance, insurance, and real estate",,,,,,,,"piazza adriano olivetti 1, milano, 20139, milano, italy",corporation
zurich investments life spa,,,,,,,,,,,,"finance, insurance, and real estate",,,,,,,,"via benigno crespi 23, milano, 20159, milano, italy",corporation
arca vita spa,,,,,,,,,,,,"finance, insurance, and real estate",,,,,,,,"via del fante 21, verona, 37122, verona, italy",corporation
agricola tre valli societa' cooperativa,,,,,,,,,,,,manufacturing,,,,,,,,"via valpantena 18/g, verona, 37142, verona, italy",corporation
conad consorzio nazionale dettaglianti soc coop,,,,,,,,,,,,wholesale trade,,,,,,,,"via michelino 59, bologna, 40127, bologna, italy",corporation
sesa spa,,,,,,,,,,,,services,,,,,,,,"via della piovola 138, empoli, 50053, firenze, italy",corporation
terna rete elettrica nazionale spa,,,,,,,,,,,,"transportation, communications, electric, gas, and sanitary services",,,,,,,,"viale egidio galbani 70, roma, 00156, roma, italy",corporation
moncler spa,,,,,,,,,,,,"finance, insurance, and real estate",,,,,,,,"via enrico stendhal 47, milano, 20144, milano, italy",corporation
michelin italiana sami spa,,,,,,,,,,,,manufacturing,,,,,,,,"corso giulio cesare 424/95/c, torino, 10156, torino, italy",corporation
brt spa,,,,,,,,,,,,"transportation, communications, electric, gas, and sanitary services",,,,,,,,"via enrico mattei 42, bologna, 40138, bologna, italy",corporation
de' longhi appliances srl,,,,,,,,,,,,manufacturing,,,,,,,,"via lodovico seitz 47, treviso, 31100, treviso, italy",corporation
ford italia spa,,,,,,,,,,,,retail trade,,,,,,,,"via del serafico 89, roma, 00142, roma, italy",corporation
sofida spa,,,,,,,,,,,,"finance, insurance, and real estate",,,,,,,,"contrada della misericordia 14, vicenza, 36100, vicenza, italy",corporation
arianna 2001 spa,,,,,,,,,,,,services,,,,,,,,"via leopoldo serra 32, roma, 00153, roma, italy",corporation
recordati industria chimica e farmaceutica spa,,,,,,,,,,,,manufacturing,,,,,,,,"via matteo civitali 1, milano, 20148, milano, italy",corporation
leroy merlin italia srl,,,,,,,,,,,,retail trade,,,,,,,,"strada 8 palazzo n milanofiori, rozzano, 20089, milano, italy",corporation
vittoria assicurazioni spa,,,,,,,,,,,,"finance, insurance, and real estate",,,,,,,,"via ignazio gardella 2, milano, 20149, milano, italy",corporation
vanini holding srl,,,,,,,,,,,,"finance, insurance, and real estate",,,,,,,,"via ansperto 7, milano, 20123, milano, italy",corporation
fedrigoni spa,,,,,,,,,,,,manufacturing,,,,,,,,"via enrico fermi 13/f, verona, 37135, verona, italy",corporation
gruppo ipg holding spa,,,,,,,,,,,,"finance, insurance, and real estate",,,,,,,,"viale bianca maria 24, milano, 20129, milano, italy",corporation
bg holding srl,,,,,,,,,,,,"finance, insurance, and real estate",,,,,,,,"via borgonuovo 14, milano, 20121, milano, italy",corporation
burgo group spa,,,,,,,,,,,,manufacturing,,,,,,,,"via piave 1, altavilla vicentina, 36077, vicenza, italy",corporation
gruppo lactalis italia srl,,,,,,,,,,,,"finance, insurance, and real estate",,,,,,,,"via flavio gioia 8, milano, 20149, milano, italy",corporation
megaholding srl,,,,,,,,,,,,"finance, insurance, and real estate",,,,,,,,"strada provinciale 130 andria-trani, trani, 76125, barletta andria trani, italy",corporation
betflag spa,,,,,,,,,,,,services,,,,,,,,"zona industriale di baragiano snc, balvano, 85050, potenza, italy",corporation
computer gross spa,,,,,,,,,,,,wholesale trade,,,,,,,,"via del pino 1, empoli, 50053, firenze, italy",corporation
publitalia 80 concessionaria pubblicita' spa,,,,,,,,,,,,services,,,,,,,,"viale europa 46, cologno monzese, 20093, milano, italy",corporation
papiniano spa,,,,,,,,,,,,"finance, insurance, and real estate",,,,,,,,"via guglielmo marconi 36, bologna, 40122, bologna, italy",corporation
ies italiana energia e servizi spa,,,,,,,,,,,,manufacturing,,,,,,,,"strada cipata 79, mantova, 46100, mantova, italy",corporation
commercianti indipendenti associati soc coop,,,,,,,,,,,,wholesale trade,,,,,,,,"via dei mercanti 3, forli', 47122, forli'-cesena, italy",corporation
casillo partecipazioni spa,,,,,,,,,,,,"finance, insurance, and real estate",,,,,,,,"via antonio sant'elia, corato, 70033, bari, italy",corporation
otb spa,,,,,,,,,,,,"finance, insurance, and real estate",,,,,,,,"via dell'industria 2, breganze, 36042, vicenza, italy",corporation
ansaldo energia spa,,,,,,,,,,,,manufacturing,,,,,,,,"via nicola lorenzi 8, genova, 16152, genova, italy",corporation
romeo gas spa,,,,,,,,,,,,"transportation, communications, electric, gas, and sanitary services",,,,,,,,"via verizzo 1030, pieve di soligo, 31053, treviso, italy",corporation
sg distribuzione srl,,,,,,,,,,,,"transportation, communications, electric, gas, and sanitary services",,,,,,,,"via giorgio perlasca 20/c, fidenza, 43036, parma, italy",corporation
radicifin sapa,,,,,,,,,,,,"finance, insurance, and real estate",,,,,,,,"via giuseppe verdi 11, bergamo, 24121, bergamo, italy",corporation
alpha trading spa,,,,,,,,,,,,wholesale trade,,,,,,,,"via brigata liguria 3/19, genova, 16121, genova, italy",corporation
credit agricole italia spa,,,,,,,,,,,,"finance, insurance, and real estate",,,,,,,,"strada dell'universita' 1, parma, 43121, parma, italy",corporation
manpower srl,,,,,,,,,,,,services,,,,,,,,"via gioacchino rossini 6/8, milano, 20122, milano, italy",corporation
bennet holding spa,,,,,,,,,,,,"finance, insurance, and real estate",,,,,,,,"piazza della repubblica 28, milano, 20124, milano, italy",corporation
finmeg srl,,,,,,,,,,,,"finance, insurance, and real estate",,,,,,,,"piazza della repubblica 28, milano, 20124, milano, italy",corporation
bennet spa,,,,,,,,,,,,retail trade,,,,,,,,"via enzo ratti 2, montano lucino, 22070, como, italy",corporation
servizi in rete 2001 srl,,,,,,,,,,,,services,,,,,,,,"via leopoldo serra 32, roma, 00153, roma, italy",corporation
cosulich international srl,,,,,,,,,,,,"finance, insurance, and real estate",,,,,,,,"ponte francesco morosini 41, genova, 16126, genova, italy",corporation
fratelli cosulich spa,,,,,,,,,,,,"transportation, communications, electric, gas, and sanitary services",,,,,,,,"via dante alighieri 5, trieste, 34122, trieste, italy",corporation
dolomiti energia trading spa,,,,,,,,,,,,"transportation, communications, electric, gas, and sanitary services",,,,,,,,"via fersina 23, trento, 38123, trento, italy",corporation
ferrero commerciale italia srl,,,,,,,,,,,,wholesale trade,,,,,,,,"piazzale pietro ferrero 1, alba, 12051, cuneo, italy",corporation
arcelormittal commercial italy srl,,,,,,,,,,,,wholesale trade,,,,,,,,"zona industriale snc, luogosano, 83040, avellino, italy",corporation
arval service lease italia spa,,,,,,,,,,,,services,,,,,,,,"via delle sette regole 21, scandicci, 50018, firenze, italy",corporation
reti televisive italiane spa,,,,,,,,,,,,"transportation, communications, electric, gas, and sanitary services",,,,,,,,"viale europa 44/46 48, cologno monzese, 20093, milano, italy",corporation
caltagirone spa,,,,,,,,,,,,"finance, insurance, and real estate",,,,,,,,"via barberini 28, roma, 00187, roma, italy",corporation
nexi payments spa,,,,,,,,,,,,"finance, insurance, and real estate",,,,,,,,"corso sempione 55, milano, 20149, milano, italy",corporation
unicomm srl,,,,,,,,,,,,retail trade,,,,,,,,"via adele bei 340, cesena, 47522, forli'-cesena, italy",corporation
hdi assicurazioni spa,,,,,,,,,,,,"finance, insurance, and real estate",,,,,,,,"piazza guglielmo marconi 25, roma, 00144, roma, italy",corporation
iper montebello spa,,,,,,,,,,,,retail trade,,,,,,,,"via marco ulpio traiano 57, milano, 20149, milano, italy",corporation
egea ente gestione energia e ambiente spa,,,,,,,,,,,,"finance, insurance, and real estate",,,,,,,,"via vivaro 2, alba, 12051, cuneo, italy",corporation
sdf spa,,,,,,,,,,,,"finance, insurance, and real estate",,,,,,,,"viale francesco cassani 14, treviglio, 24047, bergamo, italy",corporation
reply spa,,,,,,,,,,,,services,,,,,,,,"via cardinale guglielmo massaia 83, torino, 10147, torino, italy",corporation
sdf holding spa,,,,,,,,,,,,"finance, insurance, and real estate",,,,,,,,"via xx settembre 58/c, bergamo, 24122, bergamo, italy",corporation
compagnia siderurgica italiana srl,,,,,,,,,,,,"finance, insurance, and real estate",,,,,,,,"zona industriale, osoppo, 33010, udine, italy",corporation
finfer spa,,,,,,,,,,,,"finance, insurance, and real estate",,,,,,,,"zona industriale snc, osoppo, 33010, udine, italy",corporation
credemvita spa,,,,,,,,,,,,"finance, insurance, and real estate",,,,,,,,"via luigi sani 1, reggio emilia, 42121, reggio emilia, italy",corporation
ge italia holding srl,,,,,,,,,,,,"finance, insurance, and real estate",,,,,,,,"via i maggio 99, rivalta di torino, 10040, torino, italy",corporation
alperia smart services srl,,,,,,,,,,,,"transportation, communications, electric, gas, and sanitary services",,,,,,,,"via dodiciville 8, bolzano, 39100, bolzano, italy",corporation
ovs spa,,,,,,,,,,,,retail trade,,,,,,,,"via terraglio 17, venezia, 30174, venezia, italy",corporation
candy hoover group srl,,,,,,,,,,,,manufacturing,,,,,,,,"via eden fumagalli, brugherio, 20861, monza e brianza, italy",corporation
francesco spa,,,,,,,,,,,,"finance, insurance, and real estate",,,,,,,,"via del rio 400, cesena, 47522, forli'-cesena, italy",corporation
amadori spa,,,,,,,,,,,,"finance, insurance, and real estate",,,,,,,,"piazza borromeo 14, milano, 20123, milano, italy",corporation
cooperativa esercenti farmacia soc coop a rl,,,,,,,,,,,,wholesale trade,,,,,,,,"via achille grandi 18, brescia, 25125, brescia, italy",cooperative
centauro srl,,,,,,,,,,,,"finance, insurance, and real estate",,,,,,,,"via agostino bertani 2, milano, 20154, milano, italy",corporation
tesya spa,,,,,,,,,,,,"finance, insurance, and real estate",,,,,,,,"via padana superiore 19, vimodrone, 20055, milano, italy",corporation
alpiq energia italia spa,,,,,,,,,,,,"transportation, communications, electric, gas, and sanitary services",,,,,,,,"via marostica 1, milano, 20146, milano, italy",corporation
alpiq italia srl,,,,,,,,,,,,"transportation, communications, electric, gas, and sanitary services",,,,,,,,"via marostica 1, milano, 20146, milano, italy",corporation
impresa pizzarotti & c spa,,,,,,,,,,,,construction,,,,,,,,"via madre anna maria adorni 1, parma, 43121, parma, italy",corporation
autotorino spa,,,,,,,,,,,,retail trade,,,,,,,,"via stazione 4, cosio valtellino, 23013, sondrio, italy",corporation
philip morris manufacturing & technology bologna spa,,,,,,,,,,,,manufacturing,,,,,,,,"via giacomo venturi 1-2, valsamoggia, 40053, bologna, italy",corporation
sanofi srl,,,,,,,,,,,,manufacturing,,,,,,,,"viale luigi bodio 37/b, milano, 20158, milano, italy",corporation
leasys spa,,,,,,,,,,,,services,,,,,,,,"corso orbassano 367, torino, 10137, torino, italy",corporation
unilever italia mkt operations srl,,,,,,,,,,,,wholesale trade,,,,,,,,"via paolo di dono 3/a, roma, 00142, roma, italy",corporation
decathlon italia srl,,,,,,,,,,,,retail trade,,,,,,,,"via lavoratori autobianchi 1, desio, 20832, monza e brianza, italy",corporation
hb trading spa,,,,,,,,,,,,"transportation, communications, electric, gas, and sanitary services",,,,,,,,"piazza giuseppe garibaldi 4, sarzana, 19038, la spezia, italy",corporation
eurospin lazio spa,,,,,,,,,,,,retail trade,,,,,,,,"via francesco baracca 2/4 6, aprilia, 04011, latina, italy",corporation
megamark srl,,,,,,,,,,,,wholesale trade,,,,,,,,"strada provinciale 130 andria-trani, trani, 76125, barletta andria trani, italy",corporation
acciaierie venete spa,,,,,,,,,,,,manufacturing,,,,,,,,"riviera francia 9/11, padova, 35127, padova, italy",corporation
parsid spa,,,,,,,,,,,,"finance, insurance, and real estate",,,,,,,,"riviera francia 9/11, padova, 35127, padova, italy",corporation
cnh industrial nv,,,,,,,,,,,,"finance, insurance, and real estate",,,,,,,,"lungostura lazio 3a, torino, 10100, torino, italy",foreign company
nestle' italiana spa,,,,,,,,,,,,manufacturing,,,,,,,,"via del mulino 6, assago, 20057, milano, italy",corporation
granarolo spa,,,,,,,,,,,,manufacturing,,,,,,,,"via cadriano 27/2, bologna, 40127, bologna, italy",corporation
fideuram intesa sanpaolo private banking spa,,,,,,,,,,,,"finance, insurance, and real estate",,,,,,,,"piazzale giulio douhet 31, roma, 00143, roma, italy",corporation
cln coils lamiere nastri spa,,,,,,,,,,,,manufacturing,,,,,,,,"corso susa 13/15, caselette, 10040, torino, italy",corporation
ferfina spa,,,,,,,,,,,,"finance, insurance, and real estate",,,,,,,,"via salaria 1039, roma, 00138, roma, italy",corporation
finanziaria dei dogi srl,,,,,,,,,,,,"finance, insurance, and real estate",,,,,,,,"via salaria 1039, roma, 00138, roma, italy",corporation
engineering - ingegneria informatica spa,,,,,,,,,,,,services,,,,,,,,"piazzale dell'agricoltura 24, roma, 00144, roma, italy",corporation
granlatte soc coop agricola a rl,,,,,,,,,,,,"agriculture, forestry, and fishing",,,,,,,,"via cadriano 36, bologna, 40127, bologna, italy",corporation
eon energia spa,,,,,,,,,,,,"transportation, communications, electric, gas, and sanitary services",,,,,,,,"via dell'unione 1, milano, 20122, milano, italy",corporation
metro italia cash and carry spa,,,,,,,,,,,,wholesale trade,,,,,,,,"via xxv aprile 23, san donato milanese, 20097, milano, italy",corporation
grimaldi euromed spa,,,,,,,,,,,,"transportation, communications, electric, gas, and sanitary services",,,,,,,,"via marchese campodisola 13, napoli, 80133, napoli, italy",corporation
procter & gamble holding srl,,,,,,,,,,,,services,,,,,,,,"viale giorgio ribotta 11, roma, 00144, roma, italy",corporation
cassa di compensazione e garanzia spa,,,,,,,,,,,,"finance, insurance, and real estate",,,,,,,,"via tomacelli 146, roma, 00186, roma, italy",corporation
tech data italia srl,,,,,,,,,,,,manufacturing,,,,,,,,"viale leone tolstoj 65, san giuliano milanese, 20098, milano, italy",corporation
waterfall italia spa,,,,,,,,,,,,"finance, insurance, and real estate",,,,,,,,"viale giosue' carducci 48, bologna, 40125, bologna, italy",corporation
id 4 italia srl,,,,,,,,,,,,"finance, insurance, and real estate",,,,,,,,"viale giosue' carducci 48, bologna, 40125, bologna, italy",corporation
alperia trading srl,,,,,,,,,,,,"transportation, communications, electric, gas, and sanitary services",,,,,,,,"via dodiciville 8, bolzano, 39100, bolzano, italy",corporation
sogefi spa,,,,,,,,,,,,"finance, insurance, and real estate",,,,,,,,"via ciovassino 1/a, milano, 20121, milano, italy",corporation
conad centro nord soc coop,,,,,,,,,,,,wholesale trade,,,,,,,,"via john fitzgerald kennedy 5, campegine, 42040, reggio emilia, italy",corporation
societa' agricola la pellegrina spa,,,,,,,,,,,,"agriculture, forestry, and fishing",,,,,,,,"via valpantena 18/g, verona, 37142, verona, italy",corporation
siderurgica investimenti srl,,,,,,,,,,,,"finance, insurance, and real estate",,,,,,,,"via giuseppe verdi 8, bedizzole, 25081, brescia, italy",corporation
zucchetti group spa,,,,,,,,,,,,"finance, insurance, and real estate",,,,,,,,"via solferino 1, lodi, 26900, lodi, italy",corporation
finde spa,,,,,,,,,,,,"finance, insurance, and real estate",,,,,,,,"corso giovanni lanza 101, torino, 10133, torino, italy",corporation
shell italia holding spa,,,,,,,,,,,,"finance, insurance, and real estate",,,,,,,,"viale thomas alva edison 110, sesto san giovanni, 20099, milano, italy",corporation
marseglia group spa,,,,,,,,,,,,"finance, insurance, and real estate",,,,,,,,"via baione 200, monopoli, 70043, bari, italy",corporation
bricoman italia srl,,,,,,,,,,,,retail trade,,,,,,,,"via guglielmo marconi 24, rozzano, 20089, milano, italy",corporation
centurion newco spa,,,,,,,,,,,,"finance, insurance, and real estate",,,,,,,,"viale bianca maria 25, milano, 20122, milano, italy",corporation
egea commerciale,,,,,,,,,,,,"transportation, communications, electric, gas, and sanitary services",,,,,,,,"corso nino bixio 8, alba, 12051, cuneo, italy",corporation
basell poliolefine italia srl,,,,,,,,,,,,manufacturing,,,,,,,,"piazzale guido donegani 12, ferrara, 44122, ferrara, italy",corporation
luxottica srl,,,,,,,,,,,,manufacturing,,,,,,,,"frazione valcozzena 10, agordo, 32021, belluno, italy",corporation
fater spa,,,,,,,,,,,,manufacturing,,,,,,,,"via mare adriatico 122, spoltore, 65010, pescara, italy",corporation
ut communications spa,,,,,,,,,,,,"finance, insurance, and real estate",,,,,,,,"via monte napoleone 8, milano, 20121, milano, italy",corporation
ali' spa,,,,,,,,,,,,retail trade,,,,,,,,"via olanda 2, padova, 35127, padova, italy",corporation
lukoil italia srl,,,,,,,,,,,,wholesale trade,,,,,,,,"via leonida bissolati 20, roma, 00187, roma, italy",corporation
bitron industrie spa,,,,,,,,,,,,"finance, insurance, and real estate",,,,,,,,"strada del portone 95, grugliasco, 10095, torino, italy",corporation
ali' group srl,,,,,,,,,,,,"finance, insurance, and real estate",,,,,,,,"via olanda 2, padova, 35127, padova, italy",corporation
epta spa,,,,,,,,,,,,manufacturing,,,,,,,,"via mecenate 86, milano, 20138, milano, italy",corporation
epta hdp spa,,,,,,,,,,,,"finance, insurance, and real estate",,,,,,,,"via mecenate 86, milano, 20138, milano, italy",corporation
postepay spa,,,,,,,,,,,,"finance, insurance, and real estate",,,,,,,,"viale europa 190, roma, 00144, roma, italy",corporation
pini holding srl,,,,,,,,,,,,"finance, insurance, and real estate",,,,,,,,"via ruggero boscovich 27, milano, 20124, milano, italy",corporation
itinera spa,,,,,,,,,,,,construction,,,,,,,,"strada statale per alessandria 6/a, tortona, 15057, alessandria, italy",corporation
acciaierie valbruna spa,,,,,,,,,,,,manufacturing,,,,,,,,"viale della scienza 25, vicenza, 36100, vicenza, italy",corporation
penny market srl,,,,,,,,,,,,retail trade,,,,,,,,"strada provinciale 11 padana superiore 2/b, cernusco sul naviglio, 20063, milano, italy",corporation
valentino spa,,,,,,,,,,,,services,,,,,,,,"viale dei lanifici 1, valdagno, 36078, vicenza, italy",corporation
dana graziano srl,,,,,,,,,,,,manufacturing,,,,,,,,"via cumiana 14, rivoli, 10098, torino, italy",corporation
iris mobili srl,,,,,,,,,,,,retail trade,,,,,,,,"via carlo poma 11, pomezia, 00071, roma, italy",corporation
padana tubi e profilati acciaio spa,,,,,,,,,,,,manufacturing,,,,,,,,"via portamurata 8/a, guastalla, 42016, reggio emilia, italy",corporation
adler plastic spa,,,,,,,,,,,,manufacturing,,,,,,,,"via mozzoni localita' s.domenico, ottaviano, 80044, napoli, italy",corporation
cofco international italy srl,,,,,,,,,,,,wholesale trade,,,,,,,,"piazza john fitzgerald kennedy 3, ravenna, 48121, ravenna, italy",corporation
diasorin spa,,,,,,,,,,,,"finance, insurance, and real estate",,,,,,,,"via crescentino, saluggia, 13040, vercelli, italy",corporation
tca trattamenti ceneri auroargentifere spa,,,,,,,,,,,,manufacturing,,,,,,,,"localita' castelluccio 11, capolona, 52010, arezzo, italy",corporation
groupama assicurazioni spa,,,,,,,,,,,,"finance, insurance, and real estate",,,,,,,,"viale cesare pavese 385, roma, 00144, roma, italy",corporation
electrolux italia spa,,,,,,,,,,,,manufacturing,,,,,,,,"corso lino zanussi 24, porcia, 33080, porde , italy",corporation
societa' di partecipazione tra lavoratori spa,,,,,,,,,,,,"finance, insurance, and real estate",,,,,,,,"via ubaldo poli 4, zola predosa, 40069, bologna, italy",corporation
dimar spa,,,,,,,,,,,,wholesale trade,,,,,,,,"via cuneo 34, cherasco, 12062, cuneo, italy",corporation
tnt global express srl,,,,,,,,,,,,"transportation, communications, electric, gas, and sanitary services",,,,,,,,"corso giulio cesare 268, torino, 10154, torino, italy",corporation
unico la farmacia dei farmacisti spa,,,,,,,,,,,,wholesale trade,,,,,,,,"via garbagnate 63, lainate, 20045, milano, italy",corporation
engycalor energia calore srl,,,,,,,,,,,,wholesale trade,,,,,,,,"via aurelia 915, roma, 00165, roma, italy",corporation
comet spa,,,,,,,,,,,,wholesale trade,,,,,,,,"via michelino 105, bologna, 40127, bologna, italy",corporation
comet holding spa,,,,,,,,,,,,"finance, insurance, and real estate",,,,,,,,"via michelino 105, bologna, 40127, bologna, italy",corporation
unione farmaceutica novarese,,,,,,,,,,,,"finance, insurance, and real estate",,,,,,,,"corso vercelli 120/c, novara, 28100, novara, italy",corporation
ferragamo finanziaria spa,,,,,,,,,,,,"finance, insurance, and real estate",,,,,,,,"via dei tornabuoni 2, firenze, 50123, firenze, italy",corporation
ge avio srl,,,,,,,,,,,,manufacturing,,,,,,,,"via i maggio 99, rivalta di torino, 10040, torino, italy",corporation
alrescha investimenti srl,,,,,,,,,,,,"finance, insurance, and real estate",,,,,,,,"corso europa 2, milano, 20122, milano, italy",corporation
same deutz fahr italia spa,,,,,,,,,,,,manufacturing,,,,,,,,"viale francesco cassani 15, treviglio, 24047, bergamo, italy",corporation
agora' network soc consrl,,,,,,,,,,,,wholesale trade,,,,,,,,"via giovanni battista pergolesi 25, milano, 20124, milano, italy",corporation
erg spa,,,,,,,,,,,,"finance, insurance, and real estate",,,,,,,,"via de marini 1, genova, 16149, genova, italy",corporation
erg power generation spa,,,,,,,,,,,,"transportation, communications, electric, gas, and sanitary services",,,,,,,,"via de marini 1, genova, 16149, genova, italy",corporation
san quirico spa,,,,,,,,,,,,"finance, insurance, and real estate",,,,,,,,"via martin piaggio 17/4, genova, 16122, genova, italy",corporation
unes maxi spa,,,,,,,,,,,,retail trade,,,,,,,,"viale delle industrie snc, vimodrone, 20055, milano, italy",corporation
iperal supermercati spa,,,,,,,,,,,,retail trade,,,,,,,,"via bolladore 64, sondalo, 23035, sondrio, italy",corporation
rosenbauer international ag,,,,,,,,,,,,wholesale trade,,,,,,,,"via dei campi della rienza 30, brunico, 39031, bolzano, italy",foreign company
turytes spa,,,,,,,,,,,,"finance, insurance, and real estate",,,,,,,,"galleria camillo benso conte di cavour 4, bologna, 40124, bologna, italy",corporation
alliancebernstein luxembourg sa' rl,,,,,,,,,,,,"finance, insurance, and real estate",,,,,,,,"piazza iv novembre 7, milano, 20124, milano, italy",foreign company
denso thermal systespa,,,,,,,,,,,,manufacturing,,,,,,,,"frazione masio 24, poirino, 10046, torino, italy",corporation
nova coop soc coop,,,,,,,,,,,,retail trade,,,,,,,,"via nelson mandela 4, vercelli, 13100, vercelli, italy",corporation
green network spa,,,,,,,,,,,,"transportation, communications, electric, gas, and sanitary services",,,,,,,,"via giulio vincenzo bona 101, roma, 00156, roma, italy",corporation
amazon italia transport srl,,,,,,,,,,,,"transportation, communications, electric, gas, and sanitary services",,,,,,,,"viale monte grappa 3/5, milano, 20124, milano, italy",corporation
findomestic banca spa,,,,,,,,,,,,"finance, insurance, and real estate",,,,,,,,"via jacopo da diacceto 48, firenze, 50123, firenze, italy",corporation
prenatal retail group spa ovvero in abbreviato pnt retail gr oup spa o prg spa,,,,,,,,,,,,retail trade,,,,,,,,"via delle primule 5, cogliate, 20815, monza e brianza, italy",corporation
azimut - benetti spa,,,,,,,,,,,,manufacturing,,,,,,,,"via michele coppino 104, viareggio, 55049, lucca, italy",corporation
agsm aim energia spa,,,,,,,,,,,,"transportation, communications, electric, gas, and sanitary services",,,,,,,,"lungadige galtarossa 8, verona, 37133, verona, italy",corporation
fif holding spa,,,,,,,,,,,,"finance, insurance, and real estate",,,,,,,,"via vezza d'oglio 7, milano, 20139, milano, italy",corporation
coopservice societa' cooperativa per azioni,,,,,,,,,,,,services,,,,,,,,"via rochdale 5, reggio emilia, 42122, reggio emilia, italy",corporation
servizi energia italia spa,,,,,,,,,,,,services,,,,,,,,"via martiri di cefalonia 67, san donato milanese, 20097, milano, italy",corporation
bonfi srl,,,,,,,,,,,,"finance, insurance, and real estate",,,,,,,,"galleria guglielmo marconi 1, bologna, 40122, bologna, italy",corporation
bonfiglioli spa,,,,,,,,,,,,"finance, insurance, and real estate",,,,,,,,"via clementino bonfiglioli 1, calderara di reno, 40012, bologna, italy",corporation
elecnor sa,,,,,,,,,,,,services,,,,,,,,"via giuseppe verdi 6, san pietro mosezzo, 28060, novara, italy",foreign company
rialto spa,,,,,,,,,,,,retail trade,,,,,,,,"via gian carlo clerici 342, bresso, 20091, milano, italy",corporation
industries spa,,,,,,,,,,,,retail trade,,,,,,,,"via venezia 1, trebaseleghe, 35010, padova, italy",corporation
riva azzurra spa,,,,,,,,,,,,retail trade,,,,,,,,"via pantano 28, milano, 20122, milano, italy",corporation
casillo commodities italia spa,,,,,,,,,,,,wholesale trade,,,,,,,,"via antonio sant'elia zona industriale snc, corato, 70033, bari, italy",corporation
ludoil energy spa,,,,,,,,,,,,"finance, insurance, and real estate",,,,,,,,"via taranto 40, nola, 80035, napoli, italy",corporation
supermercati tosano cerea srl,,,,,,,,,,,,retail trade,,,,,,,,"via palesella 1, cerea, 37053, verona, italy",corporation
skf industrie spa,,,,,,,,,,,,manufacturing,,,,,,,,"via pinerolo 44, airasca, 10060, torino, italy",corporation
hp italy srl,,,,,,,,,,,,wholesale trade,,,,,,,,"via carlo donat cattin 5, cernusco sul naviglio, 20063, milano, italy",corporation
gottardo spa,,,,,,,,,,,,retail trade,,,,,,,,"galleria spagna 9, padova, 35127, padova, italy",corporation
maior srl,,,,,,,,,,,,"finance, insurance, and real estate",,,,,,,,"galleria spagna 9, padova, 35127, padova, italy",corporation
policlinico san donato spa,,,,,,,,,,,,services,,,,,,,,"via rodolfo morandi 30, san donato milanese, 20097, milano, italy",corporation
vender spa,,,,,,,,,,,,"finance, insurance, and real estate",,,,,,,,"via alfred bernhard nobel 4/a, parma, 43122, parma, italy",corporation
ludoil energia srl,,,,,,,,,,,,wholesale trade,,,,,,,,"via taranto 40, nola, 80035, napoli, italy",corporation
in's mercato spa,,,,,,,,,,,,retail trade,,,,,,,,"via istituto santa maria della pieta' 6, venezia, 30173, venezia, italy",corporation
sorgenia power spa,,,,,,,,,,,,"transportation, communications, electric, gas, and sanitary services",,,,,,,,"via adriano olivetti snc, termoli, 86039, campobasso, italy",corporation
ald automotive italia srl,,,,,,,,,,,,services,,,,,,,,"viale luca gaurico 187, roma, 00143, roma, italy",corporation
alliance healthcare italia spa,,,,,,,,,,,,"finance, insurance, and real estate",,,,,,,,"via moggia 75/a, lavagna, 16033, genova, italy",corporation
estra energie srl,,,,,,,,,,,,"transportation, communications, electric, gas, and sanitary services",,,,,,,,"via ugo panziera 16, prato, 59100, prato, italy",corporation
fibercop spa,,,,,,,,,,,,"transportation, communications, electric, gas, and sanitary services",,,,,,,,"via gaetano negri 1, milano, 20123, milano, italy",corporation
d & g srl,,,,,,,,,,,,services,,,,,,,,"via carlo goldoni 10, milano, 20129, milano, italy",corporation
dolce & gabbana holding srl,,,,,,,,,,,,"finance, insurance, and real estate",,,,,,,,"via carlo goldoni 10, milano, 20129, milano, italy",corporation
ccs jv scarl,,,,,,,,,,,,services,,,,,,,,"via milano 10, san donato milanese, 20097, milano, italy",corporation
vandemoortele europe nv,,,,,,,,,,,,wholesale trade,,,,,,,,"via fiorenzo semini 12, genova, 16163, genova, italy",foreign company
pastificio rana spa,,,,,,,,,,,,manufacturing,,,,,,,,"via antonio pacinotti 25, san giovanni lupatoto, 37057, verona, italy",corporation
coim spa - chimica organica industriale milanese,,,,,,,,,,,,manufacturing,,,,,,,,"via delle azalee 19, buccinasco, 20090, milano, italy",corporation
astaris spa,,,,,,,,,,,,construction,,,,,,,,"via giulio vincenzo bona 65, roma, 00156, roma, italy",corporation
tirreno power spa,,,,,,,,,,,,"transportation, communications, electric, gas, and sanitary services",,,,,,,,"stradone vigliena 39, napoli, 80146, napoli, italy",corporation
eurospin tirrenica spa,,,,,,,,,,,,retail trade,,,,,,,,"via della chiocana 3, magione, 06063, perugia, italy",corporation
angelini pharma italia aziende chimiche riunite angelini francesco acraf spa,,,,,,,,,,,,manufacturing,,,,,,,,"viale amelia 70, roma, 00181, roma, italy",corporation
electrade spa,,,,,,,,,,,,"transportation, communications, electric, gas, and sanitary services",,,,,,,,"via aristide nonis 68/a, marostica, 36063, vicenza, italy",corporation
cereal docks spa,,,,,,,,,,,,manufacturing,,,,,,,,"via dell'innovazione 1, camisano vicentino, 36043, vicenza, italy",corporation
telecom italia sparkle spa,,,,,,,,,,,,"transportation, communications, electric, gas, and sanitary services",,,,,,,,"via di macchia palocco 223, roma, 00125, roma, italy",corporation
agos-ducato spa,,,,,,,,,,,,"finance, insurance, and real estate",,,,,,,,"viale fulvio testi 280, milano, 20126, milano, italy",corporation
fercam holding srl,,,,,,,,,,,,"finance, insurance, and real estate",,,,,,,,"via marie curie 2, bolzano, 39100, bolzano, italy",corporation
prexta spa in forma abbreviata prexta spa,,,,,,,,,,,,"finance, insurance, and real estate",,,,,,,,"palazzo meucci via francesco sforza, basiglio, 20079, milano, italy",corporation
marelli europe spa,,,,,,,,,,,,manufacturing,,,,,,,,"viale aldo borletti 61/63, corbetta, 20011, milano, italy",corporation
coca-cola hbc italia srl,,,,,,,,,,,,manufacturing,,,,,,,,"piazza indro montanelli 30, sesto san giovanni, 20099, milano, italy",corporation
sonepar italia spa,,,,,,,,,,,,wholesale trade,,,,,,,,"riviera maestri del lavoro 24, padova, 35127, padova, italy",corporation
merck serono spa,,,,,,,,,,,,manufacturing,,,,,,,,"via casilina 125, roma, 00176, roma, italy",corporation
lottomatica spa,,,,,,,,,,,,"finance, insurance, and real estate",,,,,,,,"via degli aldobrandeschi 300, roma, 00163, roma, italy",corporation
fratelli arena srl,,,,,,,,,,,,retail trade,,,,,,,,"contrada milocca snc, assoro, 94010, enna, italy",corporation
yoox net-a-porter group spa,,,,,,,,,,,,retail trade,,,,,,,,"via nerio nannetti 1, zola predosa, 40069, bologna, italy",corporation
almaviva - the italian innovation company spa,,,,,,,,,,,,services,,,,,,,,"via di casal boccone 188/190, roma, 00137, roma, italy",corporation
almaviva technologies srl,,,,,,,,,,,,"finance, insurance, and real estate",,,,,,,,"piazza dei santi apostoli 66, roma, 00187, roma, italy",corporation
petronas lubricants italy spa,,,,,,,,,,,,manufacturing,,,,,,,,"via santena 1, villastellone, 10029, torino, italy",corporation
adi energia srl,,,,,,,,,,,,"transportation, communications, electric, gas, and sanitary services",,,,,,,,"viale certosa 239, milano, 20151, milano, italy",corporation
amazon italia logistica srl,,,,,,,,,,,,"transportation, communications, electric, gas, and sanitary services",,,,,,,,"viale monte grappa 3/5, milano, 20124, milano, italy",corporation
credito emiliano spa,,,,,,,,,,,,"finance, insurance, and real estate",,,,,,,,"via emilia san pietro 4, reggio emilia, 42121, reggio emilia, italy",corporation
deutsche bank spa,,,,,,,,,,,,"finance, insurance, and real estate",,,,,,,,"piazza del calendario 3, milano, 20126, milano, italy",corporation
bunge italia spa,,,,,,,,,,,,manufacturing,,,,,,,,"via baiona 203, ravenna, 48123, ravenna, italy",corporation
enel global services srl,,,,,,,,,,,,services,,,,,,,,"viale regina margherita 125, roma, 00198, roma, italy",corporation
farvima holding srl,,,,,,,,,,,,"finance, insurance, and real estate",,,,,,,,"via napoli 220, casandrino, 80025, napoli, italy",corporation
sogegross spa,,,,,,,,,,,,wholesale trade,,,,,,,,"lungotorrente secca 3/a, genova, 16163, genova, italy",corporation
gruppo arena spa,,,,,,,,,,,,"finance, insurance, and real estate",,,,,,,,"via giuseppe mazzini 36, valguarnera caropepe, 94019, enna, italy",corporation
eni angola spa,,,,,,,,,,,,mining,,,,,,,,"via emilia 1, san donato milanese, 20097, milano, italy",corporation
ferrovial construccion sa,,,,,,,,,,,,construction,,,,,,,,"foro buonaparte 67, milano, 20121, milano, italy",foreign company
alfa acciai spa,,,,,,,,,,,,manufacturing,,,,,,,,"via san polo 152, brescia, 25134, brescia, italy",corporation
cambielli edilfriuli spa,,,,,,,,,,,,wholesale trade,,,,,,,,"via assano 1791, cesena, 47521, forli'-cesena, italy",corporation
comdata spa,,,,,,,,,,,,services,,,,,,,,"via sebastiano caboto 1, corsico, 20094, milano, italy",corporation
shell energy italia srl,,,,,,,,,,,,"transportation, communications, electric, gas, and sanitary services",,,,,,,,"viale thomas alva edison 110, sesto san giovanni, 20099, milano, italy",corporation
fattoria san michele a torri srl,,,,,,,,,,,,"finance, insurance, and real estate",,,,,,,,"via san michele 36, scandicci, 50018, firenze, italy",corporation
bottega veneta srl,,,,,,,,,,,,manufacturing,,,,,,,,"localita' conti maltraverso 1, montebello vicentino, 36054, vicenza, italy",corporation
bolton food spa,,,,,,,,,,,,manufacturing,,,,,,,,"via einaudi 18/22, cermenate, 22072, como, italy",corporation
silmar group spa,,,,,,,,,,,,"finance, insurance, and real estate",,,,,,,,"localita' merlaro 2, vestone, 25078, brescia, italy",corporation
ferretti spa,,,,,,,,,,,,manufacturing,,,,,,,,"via giovanni ansaldo 7, forli', 47122, forli'-cesena, italy",corporation
ferretti international holding spa,,,,,,,,,,,,"finance, insurance, and real estate",,,,,,,,"via alessandro manzoni 41, milano, 20121, milano, italy",corporation
dalmine spa,,,,,,,,,,,,manufacturing,,,,,,,,"piazza caduti 6 luglio 1944 1, dalmine, 24044, bergamo, italy",corporation
banca popolare di sondrio spa,,,,,,,,,,,,"finance, insurance, and real estate",,,,,,,,"piazza giuseppe garibaldi 16, sondrio, 23100, sondrio, italy",corporation
general cavi spa,,,,,,,,,,,,manufacturing,,,,,,,,"via dell'industria 22, conselice, 48017, ravenna, italy",corporation
solvay specialty polymers italy spa,,,,,,,,,,,,manufacturing,,,,,,,,"viale lombardia 20, bollate, 20021, milano, italy",corporation
arcese holding sapa di eleuterio arcese e c,,,,,,,,,,,,"finance, insurance, and real estate",,,,,,,,"via aldo moro 95, arco, 38062, trento, italy",corporation
infineum italia srl,,,,,,,,,,,,manufacturing,,,,,,,,"strada di scorrimento 2, vado ligure, 17047, savona, italy",corporation
smeg spa,,,,,,,,,,,,manufacturing,,,,,,,,"via leonardo da vinci 4, guastalla, 42016, reggio emilia, italy",corporation
sasol italy spa,,,,,,,,,,,,manufacturing,,,,,,,,"viale enrico forlanini 23, milano, 20134, milano, italy",corporation
nordea investment funds sa,,,,,,,,,,,,"finance, insurance, and real estate",,,,,,,,"via tortona 9, milano, 20144, milano, italy",foreign company
sanpellegrino spa,,,,,,,,,,,,services,,,,,,,,"via del mulino 6, assago, 20057, milano, italy",corporation
retitalia spa,,,,,,,,,,,,wholesale trade,,,,,,,,"via gaspare gozzi 1/a, milano, 20129, milano, italy",corporation
unoenergy spa,,,,,,,,,,,,"transportation, communications, electric, gas, and sanitary services",,,,,,,,"corso felice cavallotti 30, sanremo, 18038, imperia, italy",corporation
united parcel service italia srl,,,,,,,,,,,,"transportation, communications, electric, gas, and sanitary services",,,,,,,,"via gaudenzio fantoli 15/2 15/8, milano, 20138, milano, italy",corporation
alstom ferroviaria spa,,,,,,,,,,,,manufacturing,,,,,,,,"via ottavio moreno 23, savigliano, 12038, cuneo, italy",corporation
elfin srl,,,,,,,,,,,,"finance, insurance, and real estate",,,,,,,,"corso felice cavallotti 30, sanremo, 18038, imperia, italy",corporation
uno holding srl,,,,,,,,,,,,"finance, insurance, and real estate",,,,,,,,"via caldera 21, milano, 20153, milano, italy",corporation
bticino spa,,,,,,,,,,,,manufacturing,,,,,,,,"viale luigi borri 231, varese, 21100, varese, italy",corporation
prysmian powerlink srl,,,,,,,,,,,,manufacturing,,,,,,,,"via chiese 6, milano, 20126, milano, italy",corporation
compass banca spa,,,,,,,,,,,,"finance, insurance, and real estate",,,,,,,,"foro buonaparte 10, milano, 20121, milano, italy",corporation
carlo colombo spa,,,,,,,,,,,,manufacturing,,,,,,,,"via regona 3, pizzighettone, 26026, cremona, italy",corporation
lb holding spa,,,,,,,,,,,,"finance, insurance, and real estate",,,,,,,,"via colombara 113, venezia, 30176, venezia, italy",corporation
verofin srl,,,,,,,,,,,,"finance, insurance, and real estate",,,,,,,,"piazza giovine italia 3, milano, 20123, milano, italy",corporation
umana spa,,,,,,,,,,,,services,,,,,,,,"via colombara 113, venezia, 30176, venezia, italy",corporation
gruppo ltc spa,,,,,,,,,,,,"finance, insurance, and real estate",,,,,,,,"via orna 35, brendola, 36040, vicenza, italy",corporation
alliance healthcare italia distribuzione spa,,,,,,,,,,,,wholesale trade,,,,,,,,"via moggia 75/a, lavagna, 16033, genova, italy",corporation
montanwerke brixlegg aktiengesellschaft,,,,,,,,,,,,wholesale trade,,,,,,,,"via bolzano 63, appiano sulla strada del vino, 39057, bolzano, italy",foreign company
societa' italiana per condotte d'acqua spa,,,,,,,,,,,,construction,,,,,,,,"via salaria 1039, roma, 00138, roma, italy",corporation
sacyr construccion sa,,,,,,,,,,,,construction,,,,,,,,"via invorio 24/a, torino, 10146, torino, italy",foreign company
arneg spa,,,,,,,,,,,,manufacturing,,,,,,,,"via venezia 58, campo san martino, 35010, padova, italy",corporation
general logistics systeitaly spa,,,,,,,,,,,,services,,,,,,,,"via basento 19, san giuliano milanese, 20098, milano, italy",corporation
rizzoli corriere della sera mediagroup spa,,,,,,,,,,,,manufacturing,,,,,,,,"via angelo rizzoli 8, milano, 20132, milano, italy",corporation
metinvest trametal spa,,,,,,,,,,,,manufacturing,,,,,,,,"via xii ottobre 1, genova, 16121, genova, italy",corporation
sarlux srl,,,,,,,,,,,,manufacturing,,,,,,,,"galleria passarella 2, milano, 20122, milano, italy",corporation
seetech global industries spa,,,,,,,,,,,,"finance, insurance, and real estate",,,,,,,,"via antonio pacinotti 3, bolzano, 39100, bolzano, italy",corporation
henkel italia srl,,,,,,,,,,,,wholesale trade,,,,,,,,"via carlo amoretti 78, milano, 20157, milano, italy",corporation
unicoop tirreno soc coop,,,,,,,,,,,,retail trade,,,,,,,,"strada statale s.s. aurelia km. 237 snc, piombino, 57025, livorno, italy",cooperative
banco bpm vita spa,,,,,,,,,,,,"finance, insurance, and real estate",,,,,,,,"via massaua 6, milano, 20146, milano, italy",corporation
tod's spa,,,,,,,,,,,,manufacturing,,,,,,,,"via filippo della valle 1, sant'elpidio a mare, 63811, fermo, italy",corporation
divi finanziaria di diego della valle & c srl,,,,,,,,,,,,"finance, insurance, and real estate",,,,,,,,"via settecamini 116, sant'elpidio a mare, 63811, fermo, italy",corporation
tigros spa,,,,,,,,,,,,retail trade,,,,,,,,"via del lavoro 45, solbiate arno, 21048, varese, italy",corporation
unigra' srl,,,,,,,,,,,,manufacturing,,,,,,,,"via gardizza 9/b, conselice, 48017, ravenna, italy",corporation
amissima vita spa,,,,,,,,,,,,"finance, insurance, and real estate",,,,,,,,"mura di santa chiara 1, genova, 16128, genova, italy",corporation
eli lilly italia spa,,,,,,,,,,,,manufacturing,,,,,,,,"via antonio gramsci 731/733, sesto fiorentino, 50019, firenze, italy",corporation
intesa sanpaolo assicura spa,,,,,,,,,,,,"finance, insurance, and real estate",,,,,,,,"corso inghilterra 3, torino, 10138, torino, italy",corporation
ferriera valsider spa,,,,,,,,,,,,manufacturing,,,,,,,,"via antonio salieri 36, oppeano, 37050, verona, italy",corporation
friul intagli industries spa,,,,,,,,,,,,manufacturing,,,,,,,,"via oderzo 68, prata di porde , 33080, porde , italy",corporation
costantin spa,,,,,,,,,,,,retail trade,,,,,,,,"via canareggio 1823/1, borgo veneto, 35046, padova, italy",corporation
eurovo srl,,,,,,,,,,,,manufacturing,,,,,,,,"via mensa 3, lugo, 48022, ravenna, italy",corporation
prima sole components spa,,,,,,,,,,,,manufacturing,,,,,,,,"via casilina sud snc km90,200, torrice, 03020, frosi , italy",corporation
biesse spa,,,,,,,,,,,,manufacturing,,,,,,,,"via della meccanica 16, pesaro, 61122, pesaro e urbino, italy",corporation
scm group spa,,,,,,,,,,,,manufacturing,,,,,,,,"via emilia 69/71/77, rimini, 47921, rimini, italy",corporation
agfa,,,,,,,,,,,,wholesale trade,,,,,,,,"via massimo gorki 69, cinisello balsamo, 20092, milano, italy",foreign company
bifin srl,,,,,,,,,,,,"finance, insurance, and real estate",,,,,,,,"viale fratelli rosselli 46, pesaro, 61121, pesaro e urbino, italy",corporation
dolce & gabbana srl,,,,,,,,,,,,manufacturing,,,,,,,,"via carlo goldoni 10, milano, 20129, milano, italy",corporation
dana italia srl,,,,,,,,,,,,manufacturing,,,,,,,,"localita' linfano, arco, 38062, trento, italy",corporation
flli martini & c spa,,,,,,,,,,,,"finance, insurance, and real estate",,,,,,,,"via emilia 2614, longiano, 47020, forli'-cesena, italy",corporation
dow italia divisione commerciale srl,,,,,,,,,,,,manufacturing,,,,,,,,"via francesco albani 65, milano, 20148, milano, italy",corporation
magna powertrain italia srl,,,,,,,,,,,,"finance, insurance, and real estate",,,,,,,,"via dei ciclamini 4, modugno, 70026, bari, italy",corporation
sicim spa,,,,,,,,,,,,construction,,,,,,,,"via consolatico superiore 96/98, busseto, 43011, parma, italy",corporation
jaguar land rover italia spa,,,,,,,,,,,,retail trade,,,,,,,,"viale alessandro marchetti 105, roma, 00148, roma, italy",corporation
nova aeg spa,,,,,,,,,,,,"transportation, communications, electric, gas, and sanitary services",,,,,,,,"via nelson mandela 4, vercelli, 13100, vercelli, italy",corporation
jas jet air service spa,,,,,,,,,,,,"transportation, communications, electric, gas, and sanitary services",,,,,,,,"viuzzo di porto 4/b, scandicci, 50018, firenze, italy",corporation
acegasapsamga spa,,,,,,,,,,,,"transportation, communications, electric, gas, and sanitary services",,,,,,,,"via del teatro 5, trieste, 34121, trieste, italy",corporation
siram spa,,,,,,,,,,,,construction,,,,,,,,"via anna maria mozzoni 12, milano, 20152, milano, italy",corporation
lenovo italy srl,,,,,,,,,,,,manufacturing,,,,,,,,"via san bovio 3, segrate, 20054, milano, italy",corporation
urbaser sa,,,,,,,,,,,,services,,,,,,,,"via consortile, avellino, 83100, avellino, italy",foreign company
huawei technologies italia srl,,,,,,,,,,,,wholesale trade,,,,,,,,"via lorenteggio 240, milano, 20147, milano, italy",corporation
sace spa,,,,,,,,,,,,"finance, insurance, and real estate",,,,,,,,"piazza poli 37/42, roma, 00187, roma, italy",corporation
ducati motor holding spa,,,,,,,,,,,,manufacturing,,,,,,,,"via antonio cavalieri ducati 3, bologna, 40132, bologna, italy",corporation
equensworldline se,,,,,,,,,,,,services,,,,,,,,"via enrico cialdini 16, milano, 20161, milano, italy",foreign company
itas istituto trentino alto adige per assicurazioni societa' mutua di assicurazioni,,,,,,,,,,,,"finance, insurance, and real estate",,,,,,,,"piazza delle donne lavoratrici 2, trento, 38121, trento, italy",cooperative
lvmh italia spa,,,,,,,,,,,,"finance, insurance, and real estate",,,,,,,,"largo augusto 8, milano, 20122, milano, italy",corporation
farvima medicinali spa,,,,,,,,,,,,wholesale trade,,,,,,,,"via napoli 220, casandrino, 80025, napoli, italy",corporation
smurfit kappa italia spa,,,,,,,,,,,,manufacturing,,,,,,,,"strada serravalle 65, novi ligure, 15067, alessandria, italy",corporation
blackrock netherlands bv,,,,,,,,,,,,"finance, insurance, and real estate",,,,,,,,"piazza san fedele 2, milano, 20121, milano, italy",foreign company
schneider electric spa,,,,,,,,,,,,manufacturing,,,,,,,,"via circonvallazione est 1, stezzano, 24040, bergamo, italy",corporation
omnicom media group srl,,,,,,,,,,,,services,,,,,,,,"via giovanni spadolini 5, milano, 20141, milano, italy",corporation
volvo group italia spa,,,,,,,,,,,,wholesale trade,,,,,,,,"corso europa 2, boltiere, 24040, bergamo, italy",corporation
italia srl,,,,,,,,,,,,manufacturing,,,,,,,,"via vitorchiano 151, roma, 00189, roma, italy",corporation
gnutti carlo spa,,,,,,,,,,,,manufacturing,,,,,,,,"via artigiani 2, maclodio, 25030, brescia, italy",corporation
l'oreal italia spa,,,,,,,,,,,,retail trade,,,,,,,,"via francesco primaticcio 155, milano, 20147, milano, italy",corporation
italia marittima spa,,,,,,,,,,,,"transportation, communications, electric, gas, and sanitary services",,,,,,,,"passeggio sant'andrea 4, trieste, 34123, trieste, italy",corporation
cura consorzio utilities ravenna soc cons arl,,,,,,,,,,,,"transportation, communications, electric, gas, and sanitary services",,,,,,,,"via granarolo 175/3, faenza, 48018, ravenna, italy",corporation
progefin spa,,,,,,,,,,,,construction,,,,,,,,"via bartolomeo zucchi 1, monza, 20900, monza e brianza, italy",corporation
glaxosmithkline spa,,,,,,,,,,,,wholesale trade,,,,,,,,"viale dell'agricoltura 7, verona, 37135, verona, italy",corporation
compagnia generale trattori spa,,,,,,,,,,,,wholesale trade,,,,,,,,"via padana superiore 19, vimodrone, 20055, milano, italy",corporation
stabilo international gmbh,,,,,,,,,,,,wholesale trade,,,,,,,,"via messina 38, milano, 20154, milano, italy",foreign company
ariston spa,,,,,,,,,,,,manufacturing,,,,,,,,"viale aristide merloni 45, fabriano, 60044, ancona, italy",corporation
saviola holding srl,,,,,,,,,,,,"finance, insurance, and real estate",,,,,,,,"viale lombardia 29, viadana, 46019, mantova, italy",corporation
google italy srl,,,,,,,,,,,,"transportation, communications, electric, gas, and sanitary services",,,,,,,,"via federico confalonieri 4, milano, 20124, milano, italy",corporation
sacchi giuseppe spa,,,,,,,,,,,,wholesale trade,,,,,,,,"via filippo da desio 60, desio, 20832, monza e brianza, italy",corporation
polynt spa,,,,,,,,,,,,manufacturing,,,,,,,,"via enrico fermi 51, scanzorosciate, 24020, bergamo, italy",corporation
brunello cucinelli spa,,,,,,,,,,,,manufacturing,,,,,,,,"viale parco dell'industria 5, corciano, 06073, perugia, italy",corporation
foro delle arti srl,,,,,,,,,,,,"finance, insurance, and real estate",,,,,,,,"piazzetta dei sapienti 1, corciano, 06073, perugia, italy",corporation
pro-gest spa,,,,,,,,,,,,manufacturing,,,,,,,,"via castellana 90, istrana, 31036, treviso, italy",corporation
zignago holding spa,,,,,,,,,,,,"finance, insurance, and real estate",,,,,,,,"viale ita marzotto 8, fossalta di portogruaro, 30025, venezia, italy",corporation
maiora srl,,,,,,,,,,,,wholesale trade,,,,,,,,"via san magno 31, corato, 70033, bari, italy",corporation
loro piana spa,,,,,,,,,,,,manufacturing,,,,,,,,"corso pietro rolandi 10, quarona, 13017, vercelli, italy",corporation
grandi salumifici italiani spa,,,,,,,,,,,,manufacturing,,,,,,,,"strada gherbella 320, modena, 41126, modena, italy",corporation
openjobmetis spa agenzia per il lavoro,,,,,,,,,,,,services,,,,,,,,"via bernardino telesio 18, milano, 20145, milano, italy",corporation
2i rete gas spa,,,,,,,,,,,,"transportation, communications, electric, gas, and sanitary services",,,,,,,,"via alberico albricci 10, milano, 20122, milano, italy",corporation
toshiba electronics europe gmbh,,,,,,,,,,,,wholesale trade,,,,,,,,"via torri bianche 3, vimercate, 20871, monza e brianza, italy",foreign company
sogei societa' generale d'informatica spa e in forma abbreviato sogei spa,,,,,,,,,,,,services,,,,,,,,"via mario carucci 131, roma, 00143, roma, italy",corporation
bayer spa,,,,,,,,,,,,wholesale trade,,,,,,,,"via delle groane 126, garbagnate milanese, 20024, milano, italy",corporation
comarco compagnia generale di commercio arbitraggio e coperture spa,,,,,,,,,,,,wholesale trade,,,,,,,,"piazza della vittoria 10, genova, 16121, genova, italy",corporation
vera vita spa,,,,,,,,,,,,"finance, insurance, and real estate",,,,,,,,"via carlo ederle 45, verona, 37126, verona, italy",corporation
bcc vita spa compagnia di assicurazioni vita in forma abbreviato bcc vita spa,,,,,,,,,,,,"finance, insurance, and real estate",,,,,,,,"via benigno crespi 19, milano, 20159, milano, italy",corporation
wuerth srl,,,,,,,,,,,,wholesale trade,,,,,,,,"via stazione 51, egna, 39044, bolzano, italy",corporation
abbvie srl,,,,,,,,,,,,manufacturing,,,,,,,,"strada regionale 148 pontina 0snc, aprilia, 04011, latina, italy",corporation
coop centro italia soc coop,,,,,,,,,,,,retail trade,,,,,,,,"via andrea doria 7, castiglione del lago, 06061, perugia, italy",cooperative
colorobbia holding spa,,,,,,,,,,,,"finance, insurance, and real estate",,,,,,,,"via pietramarina 53, vinci, 50059, firenze, italy",corporation
heineken italia spa,,,,,,,,,,,,manufacturing,,,,,,,,"localita' autoporto 11, pollein, 11020, aosta, italy",corporation
dedalus healthcare systegroup spa,,,,,,,,,,,,"finance, insurance, and real estate",,,,,,,,"via collodi 6/c, firenze, 50141, firenze, italy",corporation
sisal spa,,,,,,,,,,,,services,,,,,,,,"via ugo bassi 6, milano, 20159, milano, italy",corporation
medtronic italia spa,,,,,,,,,,,,wholesale trade,,,,,,,,"via varesina 162, milano, 20156, milano, italy",corporation
riva acciaio spa,,,,,,,,,,,,manufacturing,,,,,,,,"viale certosa 249, milano, 20151, milano, italy",corporation
uvet viaggi turismo spa,,,,,,,,,,,,"transportation, communications, electric, gas, and sanitary services",,,,,,,,"bastioni di porta volta 10, milano, 20121, milano, italy",corporation
veroniki holding spa,,,,,,,,,,,,"finance, insurance, and real estate",,,,,,,,"via larga 9/11, milano, 20122, milano, italy",corporation
mbda italia spa,,,,,,,,,,,,manufacturing,,,,,,,,"via monte flavio 45, roma, 00131, roma, italy",corporation
lg electronics italia spa,,,,,,,,,,,,manufacturing,,,,,,,,"via aldo rossi 4, milano, 20149, milano, italy",corporation
rai pubblicita' spa,,,,,,,,,,,,services,,,,,,,,"via giovanni carlo cavalli 6, torino, 10138, torino, italy",corporation
ngk spark plug europe gmbh,,,,,,,,,,,,services,,,,,,,,"via delle azalee 15, buccinasco, 20090, milano, italy",foreign company
stoccaggi gas italia spa,,,,,,,,,,,,"transportation, communications, electric, gas, and sanitary services",,,,,,,,"piazza santa barbara 7, san donato milanese, 20097, milano, italy",corporation
acea ato 2 gruppo acea spa,,,,,,,,,,,,"transportation, communications, electric, gas, and sanitary services",,,,,,,,"piazzale ostiense 2, roma, 00154, roma, italy",corporation
zambon company spa,,,,,,,,,,,,"finance, insurance, and real estate",,,,,,,,"via lillo del duca 10, bresso, 20091, milano, italy",corporation
banca generali spa,,,,,,,,,,,,"finance, insurance, and real estate",,,,,,,,"via niccolo' machiavelli 4, trieste, 34132, trieste, italy",corporation
ferrero industriale italia srl,,,,,,,,,,,,manufacturing,,,,,,,,"piazzale pietro ferrero 1, alba, 12051, cuneo, italy",corporation
design holding spa,,,,,,,,,,,,"finance, insurance, and real estate",,,,,,,,"via alessandro manzoni 38, milano, 20121, milano, italy",corporation
international design group spa,,,,,,,,,,,,"finance, insurance, and real estate",,,,,,,,"via alessandro manzoni 38, milano, 20121, milano, italy",corporation
flextronics italy spa,,,,,,,,,,,,"transportation, communications, electric, gas, and sanitary services",,,,,,,,"strada provinciale 234 1/3, somaglia, 26867, lodi, italy",corporation
2v energy srl,,,,,,,,,,,,"transportation, communications, electric, gas, and sanitary services",,,,,,,,"lungadige galtarossa 8, verona, 37133, verona, italy",corporation
intercos spa,,,,,,,,,,,,"finance, insurance, and real estate",,,,,,,,"via guglielmo marconi 84, agrate brianza, 20864, monza e brianza, italy",corporation
engie servizi spa,,,,,,,,,,,,construction,,,,,,,,"viale giorgio ribotta 31, roma, 00144, roma, italy",corporation
apulia distribuzione srl,,,,,,,,,,,,wholesale trade,,,,,,,,"strada provinciale 240 delle grotte orientali, rutigliano, 70018, bari, italy",corporation
ghella spa,,,,,,,,,,,,construction,,,,,,,,"via pietro borsieri 2/a, roma, 00195, roma, italy",corporation
synergie italia agenzia per il lavoro spa,,,,,,,,,,,,services,,,,,,,,"via pisa 29, torino, 10152, torino, italy",corporation
avicoop soc coop agricola,,,,,,,,,,,,manufacturing,,,,,,,,"via del rio 336, cesena, 47522, forli'-cesena, italy",corporation
berlin packaging europe spa,,,,,,,,,,,,"finance, insurance, and real estate",,,,,,,,"viale cristoforo colombo 12/14, trezzano sul naviglio, 20090, milano, italy",corporation
trenord srl,,,,,,,,,,,,"transportation, communications, electric, gas, and sanitary services",,,,,,,,"via roma 5, iseo, 25049, brescia, italy",corporation
technip energies italy spa,,,,,,,,,,,,services,,,,,,,,"viale castello della magliana 68, roma, 00148, roma, italy",corporation
metalmeccanica tiberina srl,,,,,,,,,,,,manufacturing,,,,,,,,"via zona industriale madonna del moro, umbertide, 06019, perugia, italy",corporation
attiva spa,,,,,,,,,,,,wholesale trade,,,,,,,,"via del progresso 1008, brendola, 36040, vicenza, italy",corporation
coeclerici spa,,,,,,,,,,,,"finance, insurance, and real estate",,,,,,,,"piazza generale armando diaz 7, milano, 20123, milano, italy",corporation
fila fabbrica italiana lapis ed affini spa,,,,,,,,,,,,manufacturing,,,,,,,,"via xxv aprile 5, pero, 20016, milano, italy",corporation
pencil srl,,,,,,,,,,,,"finance, insurance, and real estate",,,,,,,,"viale vittorio veneto 14, milano, 20124, milano, italy",corporation
if 65 spa,,,,,,,,,,,,"finance, insurance, and real estate",,,,,,,,"viale sant'eufemia 108/f, brescia, 25135, brescia, italy",corporation
coop italia soc coop,,,,,,,,,,,,wholesale trade,,,,,,,,"via del lavoro 6/8, casalecchio di reno, 40033, bologna, italy",cooperative
american express payments europe sl,,,,,,,,,,,,"finance, insurance, and real estate",,,,,,,,"viale alexandre gustave eiffel 15, roma, 00148, roma, italy",foreign company
kia italia srl,,,,,,,,,,,,retail trade,,,,,,,,"via gallarate 184, milano, 20151, milano, italy",corporation
shell italia e&p spa,,,,,,,,,,,,mining,,,,,,,,"piazza di san silvestro 8, roma, 00187, roma, italy",corporation
volvo car italia spa,,,,,,,,,,,,retail trade,,,,,,,,"via enrico mattei 66, bologna, 40138, bologna, italy",corporation
guala closures spa,,,,,,,,,,,,manufacturing,,,,,,,,"via rana 12, alessandria, 15122, alessandria, italy",corporation
kos spa,,,,,,,,,,,,"finance, insurance, and real estate",,,,,,,,"via ciovassino 1, milano, 20121, milano, italy",corporation
kedrion spa,,,,,,,,,,,,manufacturing,,,,,,,,"localita' ai conti, barga, 55051, lucca, italy",corporation
nippon express italia spa,,,,,,,,,,,,"transportation, communications, electric, gas, and sanitary services",,,,,,,,"via viii marzo 6, scandicci, 50018, firenze, italy",corporation
messaggerie italiane di giornali riviste e libri spa,,,,,,,,,,,,wholesale trade,,,,,,,,"corso sempione 4, milano, 20154, milano, italy",corporation
fercam spa,,,,,,,,,,,,"transportation, communications, electric, gas, and sanitary services",,,,,,,,"via marie curie 2, bolzano, 39100, bolzano, italy",corporation
compagnia valdostana delle acque - compagnie valdotaine des eaux spa,,,,,,,,,,,,"transportation, communications, electric, gas, and sanitary services",,,,,,,,"via stazione 31, chatillon, 11024, aosta, italy",corporation
autogrill italia spa,,,,,,,,,,,,retail trade,,,,,,,,"via mario greppi 2, novara, 28100, novara, italy",corporation
daikin air conditioning italy spa,,,,,,,,,,,,services,,,,,,,,"via giuseppe ripamonti 85, milano, 20141, milano, italy",corporation
ga operations spa,,,,,,,,,,,,manufacturing,,,,,,,,"via pietro giardini 1324, modena, 41126, modena, italy",corporation
fideuram intesa sanpaolo private banking asset management societa' di gestione del risparm,,,,,,,,,,,,"finance, insurance, and real estate",,,,,,,,"via montebello 18, milano, 20121, milano, italy",corporation
proma spa,,,,,,,,,,,,manufacturing,,,,,,,,"viale carlo iii trav. i via galvani snc, san nicola la strada, 81020, caserta, italy",corporation
dussmann service srl,,,,,,,,,,,,services,,,,,,,,"via papa giovanni xxiii 4, capriate san gervasio, 24042, bergamo, italy",corporation
assimoco vita spa compagnia di assicurazione sulla vita,,,,,,,,,,,,"finance, insurance, and real estate",,,,,,,,"via giovanni spadolini 7, milano, 20141, milano, italy",corporation
general logistics systeenterprise srl,,,,,,,,,,,,"transportation, communications, electric, gas, and sanitary services",,,,,,,,"via basento 19, san giuliano milanese, 20098, milano, italy",corporation
cargill eurit srl,,,,,,,,,,,,"finance, insurance, and real estate",,,,,,,,"via giuseppe ripamonti 89, milano, 20141, milano, italy",corporation
givi holding srl,,,,,,,,,,,,services,,,,,,,,"piazza luigi einaudi 4, milano, 20124, milano, italy",corporation
edge network services limited,,,,,,,,,,,,services,,,,,,,,"via corsica 10/12, brescia, 25125, brescia, italy",foreign company
molino casillo spa,,,,,,,,,,,,manufacturing,,,,,,,,"via antonio sant'elia zona industriale, corato, 70033, bari, italy",corporation
zambon spa,,,,,,,,,,,,manufacturing,,,,,,,,"via lillo del duca 10, bresso, 20091, milano, italy",corporation
bulgari gioielli spa,,,,,,,,,,,,manufacturing,,,,,,,,"circonvallazione ovest 3 a zona co.in.or., valenza, 15048, alessandria, italy",corporation
pellegrini spa,,,,,,,,,,,,retail trade,,,,,,,,"via lorenteggio 255, milano, 20152, milano, italy",corporation
csi - compagnia surgelati italiana spa,,,,,,,,,,,,manufacturing,,,,,,,,"via appia, cisterna di latina, 04012, latina, italy",corporation
ems euro management services spa,,,,,,,,,,,,"finance, insurance, and real estate",,,,,,,,"via stella rosa 48/50, baranzate, 20021, milano, italy",corporation
euro group spa,,,,,,,,,,,,"finance, insurance, and real estate",,,,,,,,"via stella rosa 48/50, baranzate, 20021, milano, italy",corporation
cogne acciai speciali spa,,,,,,,,,,,,manufacturing,,,,,,,,"strada paravera 16, aosta, 11100, aosta, italy",corporation
ghella group srl,,,,,,,,,,,,"finance, insurance, and real estate",,,,,,,,"via pietro borsieri 2/a, roma, 00195, roma, italy",corporation
industrie de nora spa,,,,,,,,,,,,"finance, insurance, and real estate",,,,,,,,"via leonardo bistolfi 35, milano, 20134, milano, italy",corporation
federico de nora spa,,,,,,,,,,,,"finance, insurance, and real estate",,,,,,,,"via leonardo bistolfi 35, milano, 20134, milano, italy",corporation
euricom spa,,,,,,,,,,,,wholesale trade,,,,,,,,"via stazione 119, valle lomellina, 27020, pavia, italy",corporation
pag italy srl,,,,,,,,,,,,"finance, insurance, and real estate",,,,,,,,"via del lavoro 10, granarolo dell'emilia, 40057, bologna, italy",corporation
comer industries spa,,,,,,,,,,,,manufacturing,,,,,,,,"via ferdinando magellano 27, reggiolo, 42046, reggio emilia, italy",corporation
eagles oak srl,,,,,,,,,,,,"finance, insurance, and real estate",,,,,,,,"viale del sagittario 5, modena, 41126, modena, italy",corporation
yara italia spa,,,,,,,,,,,,wholesale trade,,,,,,,,"via benigno crespi 57, milano, 20159, milano, italy",corporation
geox spa,,,,,,,,,,,,manufacturing,,,,,,,,"via feltrina centro 16, montebelluna, 31044, treviso, italy",corporation
technogym spa,,,,,,,,,,,,manufacturing,,,,,,,,"via calcinaro 2861, cesena, 47521, forli'-cesena, italy",corporation
cargill srl,,,,,,,,,,,,manufacturing,,,,,,,,"via giuseppe ripamonti 89, milano, 20141, milano, italy",corporation
caseifici granterre spa,,,,,,,,,,,,wholesale trade,,,,,,,,"via polonia 30/33, modena, 41122, modena, italy",corporation
d'amico societa' di navigazione spa,,,,,,,,,,,,"transportation, communications, electric, gas, and sanitary services",,,,,,,,"corso d'italia 35/b, roma, 00198, roma, italy",corporation
benetton group srl,,,,,,,,,,,,wholesale trade,,,,,,,,"via villa minelli 1, ponzano veneto, 31050, treviso, italy",corporation
bonfiglioli riduttori spa,,,,,,,,,,,,manufacturing,,,,,,,,"via clementino bonfiglioli 1, calderara di reno, 40012, bologna, italy",corporation
duferco travi e profilati spa,,,,,,,,,,,,manufacturing,,,,,,,,"via armando diaz 248, san zeno naviglio, 25010, brescia, italy",corporation
bnp paribas 3 step it,,,,,,,,,,,,services,,,,,,,,"piazza lina bo bardi 3, milano, 20124, milano, italy",foreign company
yama spa,,,,,,,,,,,,"finance, insurance, and real estate",,,,,,,,"via meuccio ruini 74/l, reggio emilia, 42124, reggio emilia, italy",corporation
sap italia sistemi applicazioni prodotti in data processing spa,,,,,,,,,,,,services,,,,,,,,"via monza 7/a, vimercate, 20871, monza e brianza, italy",corporation
cura gas & power spa,,,,,,,,,,,,"transportation, communications, electric, gas, and sanitary services",,,,,,,,"via granarolo 175/2, faenza, 48018, ravenna, italy",corporation
fai service soc coop,,,,,,,,,,,,services,,,,,,,,"via renzo gandolfo 1, cuneo, 12100, cuneo, italy",corporation
emak spa,,,,,,,,,,,,manufacturing,,,,,,,,"via enrico fermi 4, bagnolo in piano, 42011, reggio emilia, italy",corporation
havi logistics srl,,,,,,,,,,,,wholesale trade,,,,,,,,"via aldo moro 31, bomporto, 41030, modena, italy",corporation
flli lando spa,,,,,,,,,,,,retail trade,,,,,,,,"via pionca 13, pianiga, 30030, venezia, italy",corporation
ep produzione centrale livorno ferraris spa,,,,,,,,,,,,"transportation, communications, electric, gas, and sanitary services",,,,,,,,"via vittorio veneto 74, roma, 00187, roma, italy",corporation
gruppo illy spa,,,,,,,,,,,,"finance, insurance, and real estate",,,,,,,,"via della mercede 11, roma, 00187, roma, italy",corporation
ori martin holding srl,,,,,,,,,,,,"finance, insurance, and real estate",,,,,,,,"via cosimo canovetti 13, brescia, 25128, brescia, italy",corporation
ori martin acciaieria e ferriera di brescia spa,,,,,,,,,,,,manufacturing,,,,,,,,"via cosimo canovetti 13, brescia, 25128, brescia, italy",corporation
gecol cables srl,,,,,,,,,,,,manufacturing,,,,,,,,"via giuseppe bovini 43, ravenna, 48123, ravenna, italy",corporation
eq cables spa,,,,,,,,,,,,services,,,,,,,,"via dell'industria 22, conselice, 48017, ravenna, italy",corporation
duferco commerciale spa,,,,,,,,,,,,wholesale trade,,,,,,,,"via di sottoripa 7/13, genova, 16124, genova, italy",corporation
sg spa,,,,,,,,,,,,wholesale trade,,,,,,,,"contrada parasacchiello snc, melfi, 85025, potenza, italy",corporation
covestro srl,,,,,,,,,,,,manufacturing,,,,,,,,"via delle industrie 9, filago, 24040, bergamo, italy",corporation
vim srl vendita ingrosso medicinali,,,,,,,,,,,,wholesale trade,,,,,,,,"via delle fiere snc, matera, 75100, matera, italy",corporation
ospedale san raffaele srl,,,,,,,,,,,,services,,,,,,,,"via olgettina 60, milano, 20132, milano, italy",corporation
lorenzo ceccato spa,,,,,,,,,,,,retail trade,,,,,,,,"via veneto 3/5, schio, 36015, vicenza, italy",corporation
tenova spa,,,,,,,,,,,,manufacturing,,,,,,,,"via gerenzano 58, castellanza, 21053, varese, italy",corporation
balenciaga logistica srl,,,,,,,,,,,,manufacturing,,,,,,,,"via pisana 336, scandicci, 50018, firenze, italy",corporation
unifarm spa unione farmacisti trentino alto adige,,,,,,,,,,,,wholesale trade,,,,,,,,"via provina 3, trento, 38123, trento, italy",corporation
pluto italia spa,,,,,,,,,,,,"finance, insurance, and real estate",,,,,,,,"piazza della repubblica 32, milano, 20124, milano, italy",corporation
eg holding spa,,,,,,,,,,,,"finance, insurance, and real estate",,,,,,,,"via del perlar 2, verona, 37135, verona, italy",corporation
sofid spa,,,,,,,,,,,,"finance, insurance, and real estate",,,,,,,,"via uberto visconti di modrone 2, milano, 20122, milano, italy",corporation
verallia italia spa,,,,,,,,,,,,manufacturing,,,,,,,,"strada statale 29, dego, 17058, savona, italy",corporation
clerici spa,,,,,,,,,,,,wholesale trade,,,,,,,,"via lodi 11, arzago d'adda, 24040, bergamo, italy",corporation
fintrade holding spa,,,,,,,,,,,,"finance, insurance, and real estate",,,,,,,,"via vicenza 3, brescia, 25125, brescia, italy",corporation
areti spa,,,,,,,,,,,,"transportation, communications, electric, gas, and sanitary services",,,,,,,,"piazzale ostiense 2, roma, 00154, roma, italy",corporation
liquigas spa,,,,,,,,,,,,manufacturing,,,,,,,,"via gian antonio amadeo 59, milano, 20134, milano, italy",corporation
faac spa,,,,,,,,,,,,manufacturing,,,,,,,,"via monaldo calari 10, zola predosa, 40069, bologna, italy",corporation
faac partecipazioni industriali srl,,,,,,,,,,,,"finance, insurance, and real estate",,,,,,,,"via monaldo calari 10, zola predosa, 40069, bologna, italy",corporation
agn energia spa,,,,,,,,,,,,manufacturing,,,,,,,,"via amalfi 6, volpiano, 10088, torino, italy",corporation
lindt & sprungli spa,,,,,,,,,,,,manufacturing,,,,,,,,"largo edoardo bulgheroni 1, induno olona, 21056, varese, italy",corporation
fca bank spa,,,,,,,,,,,,"finance, insurance, and real estate",,,,,,,,"corso orbassano 367, torino, 10137, torino, italy",corporation
salvatore ferragamo spa,,,,,,,,,,,,manufacturing,,,,,,,,"via dei tornabuoni 2, firenze, 50123, firenze, italy",corporation
zanetti spa,,,,,,,,,,,,wholesale trade,,,,,,,,"via della madonna 1, lallio, 24040, bergamo, italy",corporation
fnm spa,,,,,,,,,,,,"transportation, communications, electric, gas, and sanitary services",,,,,,,,"piazzale luigi cadorna 14, milano, 20123, milano, italy",corporation
crif spa,,,,,,,,,,,,services,,,,,,,,"via mario fantin 1/3, bologna, 40131, bologna, italy",corporation
guacci spa,,,,,,,,,,,,wholesale trade,,,,,,,,"cis 8, nola, 80035, napoli, italy",corporation
falck renewables spa,,,,,,,,,,,,"finance, insurance, and real estate",,,,,,,,"via alberto falck 4/16, sesto san giovanni, 20099, milano, italy",corporation
aquafil spa,,,,,,,,,,,,manufacturing,,,,,,,,"via linfano 9, arco, 38062, trento, italy",corporation
nine trees group spa,,,,,,,,,,,,"finance, insurance, and real estate",,,,,,,,"viale milano 26, montecchio maggiore, 36075, vicenza, italy",corporation
dompe' holdings srl,,,,,,,,,,,,"finance, insurance, and real estate",,,,,,,,"via santa lucia 6, milano, 20122, milano, italy",corporation
elen spa,,,,,,,,,,,,manufacturing,,,,,,,,"via baldanzese 17, calenzano, 50041, firenze, italy",corporation
snaitech spa,,,,,,,,,,,,services,,,,,,,,"piazza della repubblica 32, milano, 20124, milano, italy",corporation
gb&p srl,,,,,,,,,,,,"finance, insurance, and real estate",,,,,,,,"via leone xiii 14, milano, 20145, milano, italy",corporation
gsgr srl,,,,,,,,,,,,"finance, insurance, and real estate",,,,,,,,"via padre vicinio da sarsina 42, cesena, 47521, forli'-cesena, italy",corporation
gruppo societa' gas rimini spa,,,,,,,,,,,,"transportation, communications, electric, gas, and sanitary services",,,,,,,,"via gabriello chiabrera 34/d, rimini, 47924, rimini, italy",corporation
pavimental spa,,,,,,,,,,,,construction,,,,,,,,"via giulio vincenzo bona 95/101, roma, 00156, roma, italy",corporation
argo tractors spa,,,,,,,,,,,,manufacturing,,,,,,,,"via giacomo matteotti 7, fabbrico, 42042, reggio emilia, italy",corporation
argo spa,,,,,,,,,,,,"finance, insurance, and real estate",,,,,,,,"via lemizzone 1, san martino in rio, 42018, reggio emilia, italy",corporation
cefla soc coop,,,,,,,,,,,,construction,,,,,,,,"via provinciale selice 23/a, imola, 40026, bologna, italy",corporation
solvay chimica italia spa,,,,,,,,,,,,manufacturing,,,,,,,,"via piave 6, rosignano marittimo, 57016, livorno, italy",corporation
family business poli di marco poli e c sapa in sigla fb poli di marco poli e c sapa,,,,,,,,,,,,"finance, insurance, and real estate",,,,,,,,"via san martino 4, trento, 38122, trento, italy",corporation
rossetto trade spa,,,,,,,,,,,,retail trade,,,,,,,,"via friuli 5 interno 9, sona, 37060, verona, italy",corporation
gruppo rossetto spa,,,,,,,,,,,,"finance, insurance, and real estate",,,,,,,,"via friuli 5, sona, 37060, verona, italy",corporation
legacy srl,,,,,,,,,,,,"finance, insurance, and real estate",,,,,,,,"via della zecca 2, bologna, 40121, bologna, italy",corporation
cribis holding srl,,,,,,,,,,,,"finance, insurance, and real estate",,,,,,,,"via della zecca 2, bologna, 40121, bologna, italy",corporation
porsche italia spa,,,,,,,,,,,,retail trade,,,,,,,,"corso stati uniti 35, padova, 35127, padova, italy",corporation
intesa sanpaolo rbm salute spa,,,,,,,,,,,,"finance, insurance, and real estate",,,,,,,,"viale stelvio 55/57, milano, 20159, milano, italy",corporation
brenntag spa,,,,,,,,,,,,wholesale trade,,,,,,,,"strada 6 palazzo a 13 milanofiori 0snc, assago, 20057, milano, italy",corporation
