name,headquarters,country,continent,region,founded,employees,ceo,market_cap,categories,sector,revenue,link,share_price,founders,address,type
enel spa,,,,,,,,,,,,,,,"viale regina margherita 137, roma, 00198, roma, italy",corporation
esselunga spa,,,,,,,,,,,,,,,"via giambologna 1, pioltello, 20096, milano, italy",corporation
superit srl,,,,,,,,,,,,,,,"via vittor pisani 20, milano, 20124, milano, italy",corporation
saras spa,,,,,,,,,,,,,,,"galleria passarella 2, milano, 20122, milano, italy",corporation
unicredit spa,,,,,,,,,,,,,,,"piazza gae aulenti 3 tower a, milano, 20154, milano, italy",corporation
send to me srl,,,,,,,,,,,,,,,"viale ungheria 46, milano, 20138, milano, italy",corporation
intesa sanpaolo vita spa,,,,,,,,,,,,,,,"corso inghilterra 3, torino, 10138, torino, italy",corporation
unipolsai assicurazioni spa,,,,,,,,,,,,,,,"via stalingrado 45, bologna, 40128, bologna, italy",corporation
totalenergies petrochemicals & refining sa nv,,,,,,,,,,,,,,,"via rombon 11, milano, 20134, milano, italy",foreign company
sanastera spa,,,,,,,,,,,,,,,"piazza minghetti 4/d, bologna, 40124, bologna, italy",corporation
hera spa,,,,,,,,,,,,,,,"viale carlo berti pichat 2/4, bologna, 40127, bologna, italy",corporation
esso italiana srl,,,,,,,,,,,,,,,"viale cassala 57, milano, 20143, milano, italy",corporation
poste italiane spa,,,,,,,,,,,,,,,"viale europa 190, roma, 00144, roma, italy",corporation
a2a spa,,,,,,,,,,,,,,,"corso di porta vittoria 4, milano, 20122, milano, italy",corporation
arrow electronics emeasa srl,,,,,,,,,,,,,,,"viale dell'innovazione 3, milano, 20126, milano, italy",corporation
edison spa,,,,,,,,,,,,,,,"foro buonaparte 31, milano, 20121, milano, italy",corporation
ferrovie dello stato italiane spa,,,,,,,,,,,,,,,"piazza della croce rossa 1, roma, 00161, roma, italy",corporation
prysmian spa,,,,,,,,,,,,,,,"via chiese 6, milano, 20126, milano, italy",corporation
leonardo spa,,,,,,,,,,,,,,,"piazza monte grappa 4, roma, 00195, roma, italy",corporation
generali italia spa,,,,,,,,,,,,,,,"via marocchesa 14, mogliano veneto, 31021, treviso, italy",corporation
enel energia spa,,,,,,,,,,,,,,,"via san giovanni sul muro 9, milano, 20121, milano, italy",corporation
intesa sanpaolo spa,,,,,,,,,,,,,,,"via monte di pieta' 8, milano, 20121, milano, italy",corporation
telecom italia spa,,,,,,,,,,,,,,,"via gaetano negri 1, milano, 20123, milano, italy",corporation
poste vita spa,,,,,,,,,,,,,,,"viale europa 190, roma, 00144, roma, italy",corporation
fca italy spa in forma fiat chrysler automobiles e in forma abbreviato fiat group autom,,,,,,,,,,,,,,,"corso giovanni agnelli 200, torino, 10135, torino, italy",corporation
enel italia spa,,,,,,,,,,,,,,,"viale regina margherita 125, roma, 00198, roma, italy",corporation
gestore dei mercati energetici spa,,,,,,,,,,,,,,,"viale maresciallo pilsudski 122/124, roma, 00197, roma, italy",corporation
amazon eu sa rl,,,,,,,,,,,,,,,"viale monte grappa 3/5, milano, 20124, milano, italy",foreign company
gestore dei servizi energetici - gse spa,,,,,,,,,,,,,,,"viale maresciallo pilsudski 92, roma, 00197, roma, italy",corporation
eni spa,,,,,,,,,,,,,,,"piazzale enrico mattei 1, roma, 00144, roma, italy",corporation
iveco spa,,,,,,,,,,,,,,,"via puglia 35, torino, 10156, torino, italy",corporation
lidl italia srl,,,,,,,,,,,,,,,"via augusto ruffo 36, arcole, 37040, verona, italy",corporation
webuild spa,,,,,,,,,,,,,,,"centro direzionale milanofiori snc, rozzano, 20089, milano, italy",corporation
atlantia spa,,,,,,,,,,,,,,,"piazza di san silvestro 8, roma, 00187, roma, italy",corporation
salini costruttori spa,,,,,,,,,,,,,,,"via del lauro 3, milano, 20121, milano, italy",corporation
amazon web services emea sarl,,,,,,,,,,,,,,,"viale monte grappa 3/5, milano, 20124, milano, italy",foreign company
allianz spa,,,,,,,,,,,,,,,"piazza tre torri 3, milano, 20145, milano, italy",corporation
mediolanum vita spa,,,,,,,,,,,,,,,"via francesco sforza, basiglio, 20079, milano, italy",corporation
engie italia spa,,,,,,,,,,,,,,,"viale fulvio testi 280, milano, 20126, milano, italy",corporation
enel global trading spa,,,,,,,,,,,,,,,"viale regina margherita 125, roma, 00198, roma, italy",corporation
hera trading srl,,,,,,,,,,,,,,,"via molino rosso 8, imola, 40026, bologna, italy",corporation
alleanza assicurazioni spa,,,,,,,,,,,,,,,"piazza fidia 1, milano, 20159, milano, italy",corporation
marco polo international italy srl,,,,,,,,,,,,,,,"via san primo 4, milano, 20121, milano, italy",corporation
fincantieri spa,,,,,,,,,,,,,,,"via genova 1, trieste, 34121, trieste, italy",corporation
eurospin italia spa,,,,,,,,,,,,,,,"via campalto 3/d, san martino buon albergo, 37036, verona, italy",corporation
e-distribuzione spa,,,,,,,,,,,,,,,"via carlo felice 35, sassari, 07100, sassari, italy",corporation
saipem spa,,,,,,,,,,,,,,,"via martiri di cefalonia 67, san donato milanese, 20097, milano, italy",corporation
enel produzione spa,,,,,,,,,,,,,,,"viale regina margherita 125, roma, 00198, roma, italy",corporation
guccio gucci spa,,,,,,,,,,,,,,,"via don lorenzo perosi 6, scandicci, 50018, firenze, italy",corporation
pirelli & c spa,,,,,,,,,,,,,,,"viale piero e alberto pirelli 25, milano, 20126, milano, italy",corporation
unicredit allianz vita spa,,,,,,,,,,,,,,,"piazza tre torri 3, milano, 20145, milano, italy",corporation
acquirente unico spa,,,,,,,,,,,,,,,"via guidubaldo del monte 45, roma, 00197, roma, italy",corporation
volkswagen group italia spa,,,,,,,,,,,,,,,"viale gerard richard gumpert 1, verona, 37137, verona, italy",corporation
versalis spa,,,,,,,,,,,,,,,"piazza marcello boldrini 1, san donato milanese, 20097, milano, italy",corporation
a menarini industrie farmaceutiche riunite srl,,,,,,,,,,,,,,,"via dei sette santi 3, firenze, 50131, firenze, italy",corporation
barilla holding srl,,,,,,,,,,,,,,,"via mantova 166, parma, 43122, parma, italy",corporation
guido m barilla e flli sapa,,,,,,,,,,,,,,,"via mantova 166, parma, 43122, parma, italy",corporation
cremonini spa,,,,,,,,,,,,,,,"via modena 53, castelvetro di modena, 41014, modena, italy",corporation
cremofin srl,,,,,,,,,,,,,,,"via modena 53, castelvetro di modena, 41014, modena, italy",corporation
societa' europea veicoli leggeri sevel spa,,,,,,,,,,,,,,,"viale avvocato giovanni agnelli 10, atessa, 66041, chieti, italy",corporation
ferrari - societa'per azioni esercizio fabbriche automobili e corse,,,,,,,,,,,,,,,"via abetone inferiore 2, maranello, 41053, modena, italy",corporation
credit agricole vita spa,,,,,,,,,,,,,,,"strada dell'universita' 1, parma, 43121, parma, italy",corporation
sonatrach raffineria italiana srl,,,,,,,,,,,,,,,"contrada marcellino c.p. 88 snc, augusta, 96011, siracusa, italy",corporation
coop alleanza 30 soc coop,,,,,,,,,,,,,,,"via villanova 29/7, castenaso, 40055, bologna, italy",corporation
chimet spa,,,,,,,,,,,,,,,"via dei laghi 31/33, civitella in val di chiana, 52041, arezzo, italy",corporation
riva forni elettrici spa,,,,,,,,,,,,,,,"viale certosa 249, milano, 20151, milano, italy",corporation
nuovo pig holding spa,,,,,,,,,,,,,,,"via felice matteucci 2, firenze, 50127, firenze, italy",corporation
zeor finanziaria spa,,,,,,,,,,,,,,,"via di porta pinciana 4, roma, 00187, roma, italy",corporation
autostrade per l'italia spa,,,,,,,,,,,,,,,"via alberto bergamini 50, roma, 00159, roma, italy",corporation
trenitalia spa,,,,,,,,,,,,,,,"piazza della croce rossa 1, roma, 00161, roma, italy",corporation
fideuram vita spa,,,,,,,,,,,,,,,"via ennio quirino visconti 80, roma, 00193, roma, italy",corporation
marcegaglia holding srl,,,,,,,,,,,,,,,"via bresciani 16, gazoldo degli ippoliti, 46040, mantova, italy",corporation
vodafone italia spa,,,,,,,,,,,,,,,"via guglielmo jervis 13, ivrea, 10015, torino, italy",corporation
edison energia spa,,,,,,,,,,,,,,,"foro buonaparte 31, milano, 20121, milano, italy",corporation
italpreziosi spa,,,,,,,,,,,,,,,"localita' san zeno zona industriale strada a 32, arezzo, 52100, arezzo, italy",corporation
assicurazioni generali spa,,,,,,,,,,,,,,,"piazza luigi amedeo duca degli abruzzi 2, trieste, 34132, trieste, italy",corporation
groupe psa italia spa,,,,,,,,,,,,,,,"via plava 80, torino, 10135, torino, italy",corporation
finanziaria d'investimento fininvest spa,,,,,,,,,,,,,,,"via pietro paleocapa 3, milano, 20121, milano, italy",corporation
cassa depositi e prestiti spa,,,,,,,,,,,,,,,"via goito 4, roma, 00185, roma, italy",corporation
aurelia srl,,,,,,,,,,,,,,,"strada statale per novi ligure 3/13, tortona, 15057, alessandria, italy",corporation
aia agricola italiana alimentare spa,,,,,,,,,,,,,,,"via valpantena 18/g, verona, 37142, verona, italy",corporation
banco bpm spa,,,,,,,,,,,,,,,"piazza nogara 2, verona, 37121, verona, italy",corporation
acea spa,,,,,,,,,,,,,,,"piazzale ostiense 2, roma, 00154, roma, italy",corporation
b&d holding spa,,,,,,,,,,,,,,,"via giovanni da verrazzano 15, novara, 28100, novara, italy",corporation
de agostini spa,,,,,,,,,,,,,,,"via giovanni da verrazzano 15, novara, 28100, novara, italy",corporation
gs spa,,,,,,,,,,,,,,,"via caldera 21, milano, 20153, milano, italy",corporation
cnp vita assicurazione spa,,,,,,,,,,,,,,,"via angelo scarsellini 14, milano, 20161, milano, italy",corporation
cnp vita assicura spa,,,,,,,,,,,,,,,"via angelo scarsellini 14, milano, 20161, milano, italy",corporation
pac 2000 a soc coop,,,,,,,,,,,,,,,"via del rame snc, perugia, 06134, perugia, italy",cooperative
ludo spa,,,,,,,,,,,,,,,"via antonio fogazzaro 28, milano, 20135, milano, italy",corporation
prada spa,,,,,,,,,,,,,,,"via lungarno 1213-61, terranuova bracciolini, 52028, arezzo, italy",corporation
acciaierie d'italia spa,,,,,,,,,,,,,,,"viale certosa 239, milano, 20151, milano, italy",corporation
acciaierie d'italia holding spa,,,,,,,,,,,,,,,"viale certosa 239, milano, 20151, milano, italy",corporation
allianz global investors gmbh,,,,,,,,,,,,,,,"via durini 1, milano, 20122, milano, italy",foreign company
sony europe bv,,,,,,,,,,,,,,,"via angelo rizzoli 4, milano, 20132, milano, italy",foreign company
sorgenia spa,,,,,,,,,,,,,,,"via alessandro algardi 4, milano, 20148, milano, italy",corporation
f2i er 1 spa,,,,,,,,,,,,,,,"via san protaso 5, milano, 20121, milano, italy",corporation
fimedi spa,,,,,,,,,,,,,,,"corso re umberto 10, torino, 10121, torino, italy",corporation
buzzi unicem spa,,,,,,,,,,,,,,,"via luigi buzzi 6, casale monferrato, 15033, alessandria, italy",corporation
genertellife spa,,,,,,,,,,,,,,,"via marocchesa 14, mogliano veneto, 31021, treviso, italy",corporation
logista italia spa,,,,,,,,,,,,,,,"via valadier 37, roma, 00193, roma, italy",corporation
pirelli tyre spa,,,,,,,,,,,,,,,"viale piero e alberto pirelli 25, milano, 20126, milano, italy",corporation
hera comm spa,,,,,,,,,,,,,,,"via molino rosso 8, imola, 40026, bologna, italy",corporation
autogrill spa,,,,,,,,,,,,,,,"galleria san babila 4/a, milano, 20122, milano, italy",corporation
rete ferroviaria italiana spa,,,,,,,,,,,,,,,"piazza della croce rossa 1, roma, 00161, roma, italy",corporation
swietelsky baugesellschaft mbh,,,,,,,,,,,,,,,"via del sole 34, andriano, 39010, bolzano, italy",foreign company
cnh industrial italia spa,,,,,,,,,,,,,,,"viale delle nazioni 55, modena, 41122, modena, italy",corporation
iren mercato spa,,,,,,,,,,,,,,,"via dei santi giacomo e filippo 7, genova, 16122, genova, italy",corporation
duferco italia holding spa,,,,,,,,,,,,,,,"via armando diaz 248, san zeno naviglio, 25010, brescia, italy",corporation
trasporti internazionali agenzia marittima savino del bene spa,,,,,,,,,,,,,,,"via del botteghino 24/26, scandicci, 50018, firenze, italy",corporation
unieuro spa,,,,,,,,,,,,,,,"via piero maroncelli 10, forli', 47121, forli'-cesena, italy",corporation
axpo italia spa,,,,,,,,,,,,,,,"via xii ottobre 1, genova, 16121, genova, italy",corporation
sind international srl,,,,,,,,,,,,,,,"via bigli 21, milano, 20121, milano, italy",corporation
danieli & c officine meccaniche spa,,,,,,,,,,,,,,,"via nazionale 41, buttrio, 33042, udine, italy",corporation
md spa,,,,,,,,,,,,,,,"zona a.s.i.capan  18, gricignano di aversa, 81030, caserta, italy",corporation
isab srl,,,,,,,,,,,,,,,"ex s.s. 114 km 146 snc, priolo gargallo, 96010, siracusa, italy",corporation
astm spa,,,,,,,,,,,,,,,"corso regina margherita 165, torino, 10144, torino, italy",corporation
alessanpatane' srl,,,,,,,,,,,,,,,"via amaseno 24, latina, 04100, latina, italy",corporation
fpt industrial spa,,,,,,,,,,,,,,,"via puglia 15, torino, 10156, torino, italy",corporation
luxottica group spa,,,,,,,,,,,,,,,"piazzale luigi cadorna 3, milano, 20123, milano, italy",corporation
de' longhi spa,,,,,,,,,,,,,,,"via lodovico seitz 47, treviso, 31100, treviso, italy",corporation
bridgestone europe nv sa,,,,,,,,,,,,,,,"via energy park 14, vimercate, 20871, monza e brianza, italy",foreign company
gi group spa,,,,,,,,,,,,,,,"piazza iv novembre 5, milano, 20124, milano, italy",corporation
cnp unicredit vita spa,,,,,,,,,,,,,,,"via emilio cornalia 30, milano, 20124, milano, italy",corporation
mapei spa,,,,,,,,,,,,,,,"viale edoardo jenner 4, milano, 20159, milano, italy",corporation
emme esse vi srl,,,,,,,,,,,,,,,"via sassoferrato 1, milano, 20135, milano, italy",corporation
nintendo of europe gmbh,,,,,,,,,,,,,,,"via torri bianche 6, vimercate, 20871, monza e brianza, italy",foreign company
snam spa,,,,,,,,,,,,,,,"piazza santa barbara 7, san donato milanese, 20097, milano, italy",corporation
a2a energia spa,,,,,,,,,,,,,,,"corso di porta vittoria 4, milano, 20122, milano, italy",corporation
grimaldi group spa,,,,,,,,,,,,,,,"via marchese campodisola 13, napoli, 80133, napoli, italy",corporation
veronesi holding spa,,,,,,,,,,,,,,,"via valpantena 18/g, verona, 37142, verona, italy",corporation
nuovo pig international srl,,,,,,,,,,,,,,,"via felice matteucci 2, firenze, 50127, firenze, italy",corporation
gruppo unicomm spa,,,,,,,,,,,,,,,"via enrico mattei 50, dueville, 36031, vicenza, italy",corporation
chiesi farmaceutici spa,,,,,,,,,,,,,,,"via palermo 26/a, parma, 43122, parma, italy",corporation
valline srl,,,,,,,,,,,,,,,"stradello marche 6, parma, 43121, parma, italy",corporation
eni fuel spa,,,,,,,,,,,,,,,"viale giorgio ribotta 51, roma, 00144, roma, italy",corporation
comifar spa,,,,,,,,,,,,,,,"via fratelli di dio 2, novate milanese, 20026, milano, italy",corporation
whirlpool emea spa,,,,,,,,,,,,,,,"strada provinciale arceviese 139/a, fabriano, 60044, ancona, italy",corporation
bmw italia spa,,,,,,,,,,,,,,,"via dell'unione europea 1, san donato milanese, 20097, milano, italy",corporation
conad nord ovest societa' cooperativa a rl,,,,,,,,,,,,,,,"via bure vecchia nord 10, pistoia, 51100, pistoia, italy",corporation
unicoop firenze soc coop,,,,,,,,,,,,,,,"via santa reparata 43, firenze, 50129, firenze, italy",corporation
spesa intelligente spa,,,,,,,,,,,,,,,"via campalto 3/d, san martino buon albergo, 37036, verona, italy",corporation
banca monte dei paschi di siena spa,,,,,,,,,,,,,,,"piazza salimbeni 3, siena, 53100, siena, italy",corporation
rai radiotelevisione italiana spa,,,,,,,,,,,,,,,"viale giuseppe mazzini 14, roma, 00195, roma, italy",corporation
de la costa srl,,,,,,,,,,,,,,,"via portici umberto i 5/3, malcesine, 37018, verona, italy",corporation
calzedonia holding spa,,,,,,,,,,,,,,,"via monte baldo 20, villafranca di verona, 37062, verona, italy",corporation
eurizon capital sgr spa,,,,,,,,,,,,,,,"piazzetta giordano dell'amore 3, milano, 20121, milano, italy",corporation
finiper canova group spa,,,,,,,,,,,,,,,"via amilcare ponchielli 7, milano, 20129, milano, italy",corporation
bper banca spa,,,,,,,,,,,,,,,"via san carlo 8/20, modena, 41121, modena, italy",corporation
gecos - generale di commercio e servizi spa,,,,,,,,,,,,,,,"via delle industrie 8, spinea, 30038, venezia, italy",corporation
gruppo pam spa,,,,,,,,,,,,,,,"via delle industrie 8, spinea, 30038, venezia, italy",corporation
ibm italia spa,,,,,,,,,,,,,,,"circonvallazione idroscalo snc, segrate, 20054, milano, italy",corporation
brembo spa,,,,,,,,,,,,,,,"viale europa 2, stezzano, 24040, bergamo, italy",corporation
nuova fourb srl,,,,,,,,,,,,,,,"via monte ortigara 5, bergamo, 24121, bergamo, italy",corporation
sky italia srl,,,,,,,,,,,,,,,"via monte penice 7, milano, 20138, milano, italy",corporation
barilla g e r fratelli spa,,,,,,,,,,,,,,,"via mantova 166, parma, 43122, parma, italy",corporation
alitalia societa' aerea italiana spa,,,,,,,,,,,,,,,"via alberto nassetti pal.alfa snc, fiumicino, 00054, roma, italy",corporation
bolton group srl,,,,,,,,,,,,,,,"via giovanni battista pirelli 19, milano, 20124, milano, italy",corporation
factor holding srl,,,,,,,,,,,,,,,"via giovanni battista pirelli 19, milano, 20124, milano, italy",corporation
anas spa,,,,,,,,,,,,,,,"via monzambano 10, roma, 00185, roma, italy",corporation
maire tecnimont spa,,,,,,,,,,,,,,,"via gaetano de castillia 6/a, milano, 20124, milano, italy",corporation
samsung electronics italia spa,,,,,,,,,,,,,,,"via mike bongiorno 9, milano, 20124, milano, italy",corporation
renault italia spa,,,,,,,,,,,,,,,"via tiburtina 1159, roma, 00156, roma, italy",corporation
axa assicurazioni spa,,,,,,,,,,,,,,,"corso como 17, milano, 20154, milano, italy",corporation
mediamarket spa,,,,,,,,,,,,,,,"via furlanelli 69, verano brianza, 20843, monza e brianza, italy",corporation
finarvedi spa,,,,,,,,,,,,,,,"piazza lodi 7, cremona, 26100, cremona, italy",corporation
inalca spa,,,,,,,,,,,,,,,"via spilamberto 30/c, castelvetro di modena, 41014, modena, italy",corporation
banca nazionale del lavoro spa,,,,,,,,,,,,,,,"viale altiero spinelli 30, roma, 00157, roma, italy",corporation
fastweb spa,,,,,,,,,,,,,,,"via francesco caracciolo 51, milano, 20155, milano, italy",corporation
finbre spa,,,,,,,,,,,,,,,"viale del lavoro 20, belfiore, 37050, verona, italy",corporation
maxi di srl,,,,,,,,,,,,,,,"viale del lavoro 20, belfiore, 37050, verona, italy",corporation
swisscom italia srl,,,,,,,,,,,,,,,"piazza adriano olivetti 1, milano, 20139, milano, italy",corporation
zurich investments life spa,,,,,,,,,,,,,,,"via benigno crespi 23, milano, 20159, milano, italy",corporation
arca vita spa,,,,,,,,,,,,,,,"via del fante 21, verona, 37122, verona, italy",corporation
agricola tre valli societa' cooperativa,,,,,,,,,,,,,,,"via valpantena 18/g, verona, 37142, verona, italy",corporation
conad consorzio nazionale dettaglianti soc coop,,,,,,,,,,,,,,,"via michelino 59, bologna, 40127, bologna, italy",corporation
sesa spa,,,,,,,,,,,,,,,"via della piovola 138, empoli, 50053, firenze, italy",corporation
terna rete elettrica nazionale spa,,,,,,,,,,,,,,,"viale egidio galbani 70, roma, 00156, roma, italy",corporation
moncler spa,,,,,,,,,,,,,,,"via enrico stendhal 47, milano, 20144, milano, italy",corporation
michelin italiana sami spa,,,,,,,,,,,,,,,"corso giulio cesare 424/95/c, torino, 10156, torino, italy",corporation
brt spa,,,,,,,,,,,,,,,"via enrico mattei 42, bologna, 40138, bologna, italy",corporation
de' longhi appliances srl,,,,,,,,,,,,,,,"via lodovico seitz 47, treviso, 31100, treviso, italy",corporation
ford italia spa,,,,,,,,,,,,,,,"via del serafico 89, roma, 00142, roma, italy",corporation
sofida spa,,,,,,,,,,,,,,,"contrada della misericordia 14, vicenza, 36100, vicenza, italy",corporation
arianna 2001 spa,,,,,,,,,,,,,,,"via leopoldo serra 32, roma, 00153, roma, italy",corporation
recordati industria chimica e farmaceutica spa,,,,,,,,,,,,,,,"via matteo civitali 1, milano, 20148, milano, italy",corporation
leroy merlin italia srl,,,,,,,,,,,,,,,"strada 8 palazzo n milanofiori, rozzano, 20089, milano, italy",corporation
vittoria assicurazioni spa,,,,,,,,,,,,,,,"via ignazio gardella 2, milano, 20149, milano, italy",corporation
vanini holding srl,,,,,,,,,,,,,,,"via ansperto 7, milano, 20123, milano, italy",corporation
fedrigoni spa,,,,,,,,,,,,,,,"via enrico fermi 13/f, verona, 37135, verona, italy",corporation
gruppo ipg holding spa,,,,,,,,,,,,,,,"viale bianca maria 24, milano, 20129, milano, italy",corporation
bg holding srl,,,,,,,,,,,,,,,"via borgonuovo 14, milano, 20121, milano, italy",corporation
burgo group spa,,,,,,,,,,,,,,,"via piave 1, altavilla vicentina, 36077, vicenza, italy",corporation
gruppo lactalis italia srl,,,,,,,,,,,,,,,"via flavio gioia 8, milano, 20149, milano, italy",corporation
megaholding srl,,,,,,,,,,,,,,,"strada provinciale 130 andria-trani, trani, 76125, barletta andria trani, italy",corporation
betflag spa,,,,,,,,,,,,,,,"zona industriale di baragiano snc, balvano, 85050, potenza, italy",corporation
computer gross spa,,,,,,,,,,,,,,,"via del pino 1, empoli, 50053, firenze, italy",corporation
publitalia 80 concessionaria pubblicita' spa,,,,,,,,,,,,,,,"viale europa 46, cologno monzese, 20093, milano, italy",corporation
papiniano spa,,,,,,,,,,,,,,,"via guglielmo marconi 36, bologna, 40122, bologna, italy",corporation
ies italiana energia e servizi spa,,,,,,,,,,,,,,,"strada cipata 79, mantova, 46100, mantova, italy",corporation
commercianti indipendenti associati soc coop,,,,,,,,,,,,,,,"via dei mercanti 3, forli', 47122, forli'-cesena, italy",corporation
casillo partecipazioni spa,,,,,,,,,,,,,,,"via antonio sant'elia, corato, 70033, bari, italy",corporation
otb spa,,,,,,,,,,,,,,,"via dell'industria 2, breganze, 36042, vicenza, italy",corporation
ansaldo energia spa,,,,,,,,,,,,,,,"via nicola lorenzi 8, genova, 16152, genova, italy",corporation
romeo gas spa,,,,,,,,,,,,,,,"via verizzo 1030, pieve di soligo, 31053, treviso, italy",corporation
sg distribuzione srl,,,,,,,,,,,,,,,"via giorgio perlasca 20/c, fidenza, 43036, parma, italy",corporation
radicifin sapa,,,,,,,,,,,,,,,"via giuseppe verdi 11, bergamo, 24121, bergamo, italy",corporation
alpha trading spa,,,,,,,,,,,,,,,"via brigata liguria 3/19, genova, 16121, genova, italy",corporation
credit agricole italia spa,,,,,,,,,,,,,,,"strada dell'universita' 1, parma, 43121, parma, italy",corporation
manpower srl,,,,,,,,,,,,,,,"via gioacchino rossini 6/8, milano, 20122, milano, italy",corporation
bennet holding spa,,,,,,,,,,,,,,,"piazza della repubblica 28, milano, 20124, milano, italy",corporation
finmeg srl,,,,,,,,,,,,,,,"piazza della repubblica 28, milano, 20124, milano, italy",corporation
bennet spa,,,,,,,,,,,,,,,"via enzo ratti 2, montano lucino, 22070, como, italy",corporation
servizi in rete 2001 srl,,,,,,,,,,,,,,,"via leopoldo serra 32, roma, 00153, roma, italy",corporation
cosulich international srl,,,,,,,,,,,,,,,"ponte francesco morosini 41, genova, 16126, genova, italy",corporation
fratelli cosulich spa,,,,,,,,,,,,,,,"via dante alighieri 5, trieste, 34122, trieste, italy",corporation
dolomiti energia trading spa,,,,,,,,,,,,,,,"via fersina 23, trento, 38123, trento, italy",corporation
ferrero commerciale italia srl,,,,,,,,,,,,,,,"piazzale pietro ferrero 1, alba, 12051, cuneo, italy",corporation
arcelormittal commercial italy srl,,,,,,,,,,,,,,,"zona industriale snc, luogosano, 83040, avellino, italy",corporation
arval service lease italia spa,,,,,,,,,,,,,,,"via delle sette regole 21, scandicci, 50018, firenze, italy",corporation
reti televisive italiane spa,,,,,,,,,,,,,,,"viale europa 44/46 48, cologno monzese, 20093, milano, italy",corporation
caltagirone spa,,,,,,,,,,,,,,,"via barberini 28, roma, 00187, roma, italy",corporation
nexi payments spa,,,,,,,,,,,,,,,"corso sempione 55, milano, 20149, milano, italy",corporation
unicomm srl,,,,,,,,,,,,,,,"via adele bei 340, cesena, 47522, forli'-cesena, italy",corporation
hdi assicurazioni spa,,,,,,,,,,,,,,,"piazza guglielmo marconi 25, roma, 00144, roma, italy",corporation
iper montebello spa,,,,,,,,,,,,,,,"via marco ulpio traiano 57, milano, 20149, milano, italy",corporation
egea ente gestione energia e ambiente spa,,,,,,,,,,,,,,,"via vivaro 2, alba, 12051, cuneo, italy",corporation
sdf spa,,,,,,,,,,,,,,,"viale francesco cassani 14, treviglio, 24047, bergamo, italy",corporation
reply spa,,,,,,,,,,,,,,,"via cardinale guglielmo massaia 83, torino, 10147, torino, italy",corporation
sdf holding spa,,,,,,,,,,,,,,,"via xx settembre 58/c, bergamo, 24122, bergamo, italy",corporation
compagnia siderurgica italiana srl,,,,,,,,,,,,,,,"zona industriale, osoppo, 33010, udine, italy",corporation
finfer spa,,,,,,,,,,,,,,,"zona industriale snc, osoppo, 33010, udine, italy",corporation
credemvita spa,,,,,,,,,,,,,,,"via luigi sani 1, reggio emilia, 42121, reggio emilia, italy",corporation
ge italia holding srl,,,,,,,,,,,,,,,"via i maggio 99, rivalta di torino, 10040, torino, italy",corporation
alperia smart services srl,,,,,,,,,,,,,,,"via dodiciville 8, bolzano, 39100, bolzano, italy",corporation
ovs spa,,,,,,,,,,,,,,,"via terraglio 17, venezia, 30174, venezia, italy",corporation
candy hoover group srl,,,,,,,,,,,,,,,"via eden fumagalli, brugherio, 20861, monza e brianza, italy",corporation
francesco spa,,,,,,,,,,,,,,,"via del rio 400, cesena, 47522, forli'-cesena, italy",corporation
amadori spa,,,,,,,,,,,,,,,"piazza borromeo 14, milano, 20123, milano, italy",corporation
cooperativa esercenti farmacia soc coop a rl,,,,,,,,,,,,,,,"via achille grandi 18, brescia, 25125, brescia, italy",cooperative
centauro srl,,,,,,,,,,,,,,,"via agostino bertani 2, milano, 20154, milano, italy",corporation
tesya spa,,,,,,,,,,,,,,,"via padana superiore 19, vimodrone, 20055, milano, italy",corporation
alpiq energia italia spa,,,,,,,,,,,,,,,"via marostica 1, milano, 20146, milano, italy",corporation
alpiq italia srl,,,,,,,,,,,,,,,"via marostica 1, milano, 20146, milano, italy",corporation
impresa pizzarotti & c spa,,,,,,,,,,,,,,,"via madre anna maria adorni 1, parma, 43121, parma, italy",corporation
autotorino spa,,,,,,,,,,,,,,,"via stazione 4, cosio valtellino, 23013, sondrio, italy",corporation
philip morris manufacturing & technology bologna spa,,,,,,,,,,,,,,,"via giacomo venturi 1-2, valsamoggia, 40053, bologna, italy",corporation
sanofi srl,,,,,,,,,,,,,,,"viale luigi bodio 37/b, milano, 20158, milano, italy",corporation
leasys spa,,,,,,,,,,,,,,,"corso orbassano 367, torino, 10137, torino, italy",corporation
unilever italia mkt operations srl,,,,,,,,,,,,,,,"via paolo di dono 3/a, roma, 00142, roma, italy",corporation
decathlon italia srl,,,,,,,,,,,,,,,"via lavoratori autobianchi 1, desio, 20832, monza e brianza, italy",corporation
hb trading spa,,,,,,,,,,,,,,,"piazza giuseppe garibaldi 4, sarzana, 19038, la spezia, italy",corporation
eurospin lazio spa,,,,,,,,,,,,,,,"via francesco baracca 2/4 6, aprilia, 04011, latina, italy",corporation
megamark srl,,,,,,,,,,,,,,,"strada provinciale 130 andria-trani, trani, 76125, barletta andria trani, italy",corporation
acciaierie venete spa,,,,,,,,,,,,,,,"riviera francia 9/11, padova, 35127, padova, italy",corporation
parsid spa,,,,,,,,,,,,,,,"riviera francia 9/11, padova, 35127, padova, italy",corporation
cnh industrial nv,,,,,,,,,,,,,,,"lungostura lazio 3a, torino, 10100, torino, italy",foreign company
nestle' italiana spa,,,,,,,,,,,,,,,"via del mulino 6, assago, 20057, milano, italy",corporation
granarolo spa,,,,,,,,,,,,,,,"via cadriano 27/2, bologna, 40127, bologna, italy",corporation
fideuram intesa sanpaolo private banking spa,,,,,,,,,,,,,,,"piazzale giulio douhet 31, roma, 00143, roma, italy",corporation
cln coils lamiere nastri spa,,,,,,,,,,,,,,,"corso susa 13/15, caselette, 10040, torino, italy",corporation
ferfina spa,,,,,,,,,,,,,,,"via salaria 1039, roma, 00138, roma, italy",corporation
finanziaria dei dogi srl,,,,,,,,,,,,,,,"via salaria 1039, roma, 00138, roma, italy",corporation
engineering - ingegneria informatica spa,,,,,,,,,,,,,,,"piazzale dell'agricoltura 24, roma, 00144, roma, italy",corporation
granlatte soc coop agricola a rl,,,,,,,,,,,,,,,"via cadriano 36, bologna, 40127, bologna, italy",corporation
eon energia spa,,,,,,,,,,,,,,,"via dell'unione 1, milano, 20122, milano, italy",corporation
metro italia cash and carry spa,,,,,,,,,,,,,,,"via xxv aprile 23, san donato milanese, 20097, milano, italy",corporation
grimaldi euromed spa,,,,,,,,,,,,,,,"via marchese campodisola 13, napoli, 80133, napoli, italy",corporation
procter & gamble holding srl,,,,,,,,,,,,,,,"viale giorgio ribotta 11, roma, 00144, roma, italy",corporation
cassa di compensazione e garanzia spa,,,,,,,,,,,,,,,"via tomacelli 146, roma, 00186, roma, italy",corporation
tech data italia srl,,,,,,,,,,,,,,,"viale leone tolstoj 65, san giuliano milanese, 20098, milano, italy",corporation
waterfall italia spa,,,,,,,,,,,,,,,"viale giosue' carducci 48, bologna, 40125, bologna, italy",corporation
id 4 italia srl,,,,,,,,,,,,,,,"viale giosue' carducci 48, bologna, 40125, bologna, italy",corporation
alperia trading srl,,,,,,,,,,,,,,,"via dodiciville 8, bolzano, 39100, bolzano, italy",corporation
sogefi spa,,,,,,,,,,,,,,,"via ciovassino 1/a, milano, 20121, milano, italy",corporation
conad centro nord soc coop,,,,,,,,,,,,,,,"via john fitzgerald kennedy 5, campegine, 42040, reggio emilia, italy",corporation
societa' agricola la pellegrina spa,,,,,,,,,,,,,,,"via valpantena 18/g, verona, 37142, verona, italy",corporation
siderurgica investimenti srl,,,,,,,,,,,,,,,"via giuseppe verdi 8, bedizzole, 25081, brescia, italy",corporation
zucchetti group spa,,,,,,,,,,,,,,,"via solferino 1, lodi, 26900, lodi, italy",corporation
finde spa,,,,,,,,,,,,,,,"corso giovanni lanza 101, torino, 10133, torino, italy",corporation
shell italia holding spa,,,,,,,,,,,,,,,"viale thomas alva edison 110, sesto san giovanni, 20099, milano, italy",corporation
marseglia group spa,,,,,,,,,,,,,,,"via baione 200, monopoli, 70043, bari, italy",corporation
bricoman italia srl,,,,,,,,,,,,,,,"via guglielmo marconi 24, rozzano, 20089, milano, italy",corporation
centurion newco spa,,,,,,,,,,,,,,,"viale bianca maria 25, milano, 20122, milano, italy",corporation
egea commerciale,,,,,,,,,,,,,,,"corso nino bixio 8, alba, 12051, cuneo, italy",corporation
basell poliolefine italia srl,,,,,,,,,,,,,,,"piazzale guido donegani 12, ferrara, 44122, ferrara, italy",corporation
luxottica srl,,,,,,,,,,,,,,,"frazione valcozzena 10, agordo, 32021, belluno, italy",corporation
fater spa,,,,,,,,,,,,,,,"via mare adriatico 122, spoltore, 65010, pescara, italy",corporation
ut communications spa,,,,,,,,,,,,,,,"via monte napoleone 8, milano, 20121, milano, italy",corporation
ali' spa,,,,,,,,,,,,,,,"via olanda 2, padova, 35127, padova, italy",corporation
lukoil italia srl,,,,,,,,,,,,,,,"via leonida bissolati 20, roma, 00187, roma, italy",corporation
bitron industrie spa,,,,,,,,,,,,,,,"strada del portone 95, grugliasco, 10095, torino, italy",corporation
ali' group srl,,,,,,,,,,,,,,,"via olanda 2, padova, 35127, padova, italy",corporation
epta spa,,,,,,,,,,,,,,,"via mecenate 86, milano, 20138, milano, italy",corporation
epta hdp spa,,,,,,,,,,,,,,,"via mecenate 86, milano, 20138, milano, italy",corporation
postepay spa,,,,,,,,,,,,,,,"viale europa 190, roma, 00144, roma, italy",corporation
pini holding srl,,,,,,,,,,,,,,,"via ruggero boscovich 27, milano, 20124, milano, italy",corporation
itinera spa,,,,,,,,,,,,,,,"strada statale per alessandria 6/a, tortona, 15057, alessandria, italy",corporation
acciaierie valbruna spa,,,,,,,,,,,,,,,"viale della scienza 25, vicenza, 36100, vicenza, italy",corporation
penny market srl,,,,,,,,,,,,,,,"strada provinciale 11 padana superiore 2/b, cernusco sul naviglio, 20063, milano, italy",corporation
valentino spa,,,,,,,,,,,,,,,"viale dei lanifici 1, valdagno, 36078, vicenza, italy",corporation
dana graziano srl,,,,,,,,,,,,,,,"via cumiana 14, rivoli, 10098, torino, italy",corporation
iris mobili srl,,,,,,,,,,,,,,,"via carlo poma 11, pomezia, 00071, roma, italy",corporation
padana tubi e profilati acciaio spa,,,,,,,,,,,,,,,"via portamurata 8/a, guastalla, 42016, reggio emilia, italy",corporation
adler plastic spa,,,,,,,,,,,,,,,"via mozzoni localita' s.domenico, ottaviano, 80044, napoli, italy",corporation
cofco international italy srl,,,,,,,,,,,,,,,"piazza john fitzgerald kennedy 3, ravenna, 48121, ravenna, italy",corporation
diasorin spa,,,,,,,,,,,,,,,"via crescentino, saluggia, 13040, vercelli, italy",corporation
tca trattamenti ceneri auroargentifere spa,,,,,,,,,,,,,,,"localita' castelluccio 11, capolona, 52010, arezzo, italy",corporation
groupama assicurazioni spa,,,,,,,,,,,,,,,"viale cesare pavese 385, roma, 00144, roma, italy",corporation
electrolux italia spa,,,,,,,,,,,,,,,"corso lino zanussi 24, porcia, 33080, porde , italy",corporation
societa' di partecipazione tra lavoratori spa,,,,,,,,,,,,,,,"via ubaldo poli 4, zola predosa, 40069, bologna, italy",corporation
dimar spa,,,,,,,,,,,,,,,"via cuneo 34, cherasco, 12062, cuneo, italy",corporation
tnt global express srl,,,,,,,,,,,,,,,"corso giulio cesare 268, torino, 10154, torino, italy",corporation
unico la farmacia dei farmacisti spa,,,,,,,,,,,,,,,"via garbagnate 63, lainate, 20045, milano, italy",corporation
engycalor energia calore srl,,,,,,,,,,,,,,,"via aurelia 915, roma, 00165, roma, italy",corporation
comet spa,,,,,,,,,,,,,,,"via michelino 105, bologna, 40127, bologna, italy",corporation
comet holding spa,,,,,,,,,,,,,,,"via michelino 105, bologna, 40127, bologna, italy",corporation
unione farmaceutica novarese,,,,,,,,,,,,,,,"corso vercelli 120/c, novara, 28100, novara, italy",corporation
ferragamo finanziaria spa,,,,,,,,,,,,,,,"via dei tornabuoni 2, firenze, 50123, firenze, italy",corporation
ge avio srl,,,,,,,,,,,,,,,"via i maggio 99, rivalta di torino, 10040, torino, italy",corporation
alrescha investimenti srl,,,,,,,,,,,,,,,"corso europa 2, milano, 20122, milano, italy",corporation
same deutz fahr italia spa,,,,,,,,,,,,,,,"viale francesco cassani 15, treviglio, 24047, bergamo, italy",corporation
agora' network soc consrl,,,,,,,,,,,,,,,"via giovanni battista pergolesi 25, milano, 20124, milano, italy",corporation
erg spa,,,,,,,,,,,,,,,"via de marini 1, genova, 16149, genova, italy",corporation
erg power generation spa,,,,,,,,,,,,,,,"via de marini 1, genova, 16149, genova, italy",corporation
san quirico spa,,,,,,,,,,,,,,,"via martin piaggio 17/4, genova, 16122, genova, italy",corporation
unes maxi spa,,,,,,,,,,,,,,,"viale delle industrie snc, vimodrone, 20055, milano, italy",corporation
iperal supermercati spa,,,,,,,,,,,,,,,"via bolladore 64, sondalo, 23035, sondrio, italy",corporation
rosenbauer international ag,,,,,,,,,,,,,,,"via dei campi della rienza 30, brunico, 39031, bolzano, italy",foreign company
turytes spa,,,,,,,,,,,,,,,"galleria camillo benso conte di cavour 4, bologna, 40124, bologna, italy",corporation
alliancebernstein luxembourg sa' rl,,,,,,,,,,,,,,,"piazza iv novembre 7, milano, 20124, milano, italy",foreign company
denso thermal systespa,,,,,,,,,,,,,,,"frazione masio 24, poirino, 10046, torino, italy",corporation
nova coop soc coop,,,,,,,,,,,,,,,"via nelson mandela 4, vercelli, 13100, vercelli, italy",corporation
green network spa,,,,,,,,,,,,,,,"via giulio vincenzo bona 101, roma, 00156, roma, italy",corporation
amazon italia transport srl,,,,,,,,,,,,,,,"viale monte grappa 3/5, milano, 20124, milano, italy",corporation
findomestic banca spa,,,,,,,,,,,,,,,"via jacopo da diacceto 48, firenze, 50123, firenze, italy",corporation
prenatal retail group spa ovvero in abbreviato pnt retail gr oup spa o prg spa,,,,,,,,,,,,,,,"via delle primule 5, cogliate, 20815, monza e brianza, italy",corporation
azimut - benetti spa,,,,,,,,,,,,,,,"via michele coppino 104, viareggio, 55049, lucca, italy",corporation
agsm aim energia spa,,,,,,,,,,,,,,,"lungadige galtarossa 8, verona, 37133, verona, italy",corporation
fif holding spa,,,,,,,,,,,,,,,"via vezza d'oglio 7, milano, 20139, milano, italy",corporation
coopservice societa' cooperativa per azioni,,,,,,,,,,,,,,,"via rochdale 5, reggio emilia, 42122, reggio emilia, italy",corporation
servizi energia italia spa,,,,,,,,,,,,,,,"via martiri di cefalonia 67, san donato milanese, 20097, milano, italy",corporation
bonfi srl,,,,,,,,,,,,,,,"galleria guglielmo marconi 1, bologna, 40122, bologna, italy",corporation
bonfiglioli spa,,,,,,,,,,,,,,,"via clementino bonfiglioli 1, calderara di reno, 40012, bologna, italy",corporation
elecnor sa,,,,,,,,,,,,,,,"via giuseppe verdi 6, san pietro mosezzo, 28060, novara, italy",foreign company
rialto spa,,,,,,,,,,,,,,,"via gian carlo clerici 342, bresso, 20091, milano, italy",corporation
industries spa,,,,,,,,,,,,,,,"via venezia 1, trebaseleghe, 35010, padova, italy",corporation
riva azzurra spa,,,,,,,,,,,,,,,"via pantano 28, milano, 20122, milano, italy",corporation
casillo commodities italia spa,,,,,,,,,,,,,,,"via antonio sant'elia zona industriale snc, corato, 70033, bari, italy",corporation
ludoil energy spa,,,,,,,,,,,,,,,"via taranto 40, nola, 80035, napoli, italy",corporation
supermercati tosano cerea srl,,,,,,,,,,,,,,,"via palesella 1, cerea, 37053, verona, italy",corporation
skf industrie spa,,,,,,,,,,,,,,,"via pinerolo 44, airasca, 10060, torino, italy",corporation
hp italy srl,,,,,,,,,,,,,,,"via carlo donat cattin 5, cernusco sul naviglio, 20063, milano, italy",corporation
gottardo spa,,,,,,,,,,,,,,,"galleria spagna 9, padova, 35127, padova, italy",corporation
maior srl,,,,,,,,,,,,,,,"galleria spagna 9, padova, 35127, padova, italy",corporation
policlinico san donato spa,,,,,,,,,,,,,,,"via rodolfo morandi 30, san donato milanese, 20097, milano, italy",corporation
vender spa,,,,,,,,,,,,,,,"via alfred bernhard nobel 4/a, parma, 43122, parma, italy",corporation
ludoil energia srl,,,,,,,,,,,,,,,"via taranto 40, nola, 80035, napoli, italy",corporation
in's mercato spa,,,,,,,,,,,,,,,"via istituto santa maria della pieta' 6, venezia, 30173, venezia, italy",corporation
sorgenia power spa,,,,,,,,,,,,,,,"via adriano olivetti snc, termoli, 86039, campobasso, italy",corporation
ald automotive italia srl,,,,,,,,,,,,,,,"viale luca gaurico 187, roma, 00143, roma, italy",corporation
alliance healthcare italia spa,,,,,,,,,,,,,,,"via moggia 75/a, lavagna, 16033, genova, italy",corporation
estra energie srl,,,,,,,,,,,,,,,"via ugo panziera 16, prato, 59100, prato, italy",corporation
fibercop spa,,,,,,,,,,,,,,,"via gaetano negri 1, milano, 20123, milano, italy",corporation
d & g srl,,,,,,,,,,,,,,,"via carlo goldoni 10, milano, 20129, milano, italy",corporation
dolce & gabbana holding srl,,,,,,,,,,,,,,,"via carlo goldoni 10, milano, 20129, milano, italy",corporation
ccs jv scarl,,,,,,,,,,,,,,,"via milano 10, san donato milanese, 20097, milano, italy",corporation
vandemoortele europe nv,,,,,,,,,,,,,,,"via fiorenzo semini 12, genova, 16163, genova, italy",foreign company
pastificio rana spa,,,,,,,,,,,,,,,"via antonio pacinotti 25, san giovanni lupatoto, 37057, verona, italy",corporation
coim spa - chimica organica industriale milanese,,,,,,,,,,,,,,,"via delle azalee 19, buccinasco, 20090, milano, italy",corporation
astaris spa,,,,,,,,,,,,,,,"via giulio vincenzo bona 65, roma, 00156, roma, italy",corporation
tirreno power spa,,,,,,,,,,,,,,,"stradone vigliena 39, napoli, 80146, napoli, italy",corporation
eurospin tirrenica spa,,,,,,,,,,,,,,,"via della chiocana 3, magione, 06063, perugia, italy",corporation
angelini pharma italia aziende chimiche riunite angelini francesco acraf spa,,,,,,,,,,,,,,,"viale amelia 70, roma, 00181, roma, italy",corporation
electrade spa,,,,,,,,,,,,,,,"via aristide nonis 68/a, marostica, 36063, vicenza, italy",corporation
cereal docks spa,,,,,,,,,,,,,,,"via dell'innovazione 1, camisano vicentino, 36043, vicenza, italy",corporation
telecom italia sparkle spa,,,,,,,,,,,,,,,"via di macchia palocco 223, roma, 00125, roma, italy",corporation
agos-ducato spa,,,,,,,,,,,,,,,"viale fulvio testi 280, milano, 20126, milano, italy",corporation
fercam holding srl,,,,,,,,,,,,,,,"via marie curie 2, bolzano, 39100, bolzano, italy",corporation
prexta spa in forma abbreviata prexta spa,,,,,,,,,,,,,,,"palazzo meucci via francesco sforza, basiglio, 20079, milano, italy",corporation
marelli europe spa,,,,,,,,,,,,,,,"viale aldo borletti 61/63, corbetta, 20011, milano, italy",corporation
coca-cola hbc italia srl,,,,,,,,,,,,,,,"piazza indro montanelli 30, sesto san giovanni, 20099, milano, italy",corporation
sonepar italia spa,,,,,,,,,,,,,,,"riviera maestri del lavoro 24, padova, 35127, padova, italy",corporation
merck serono spa,,,,,,,,,,,,,,,"via casilina 125, roma, 00176, roma, italy",corporation
lottomatica spa,,,,,,,,,,,,,,,"via degli aldobrandeschi 300, roma, 00163, roma, italy",corporation
fratelli arena srl,,,,,,,,,,,,,,,"contrada milocca snc, assoro, 94010, enna, italy",corporation
yoox net-a-porter group spa,,,,,,,,,,,,,,,"via nerio nannetti 1, zola predosa, 40069, bologna, italy",corporation
almaviva - the italian innovation company spa,,,,,,,,,,,,,,,"via di casal boccone 188/190, roma, 00137, roma, italy",corporation
almaviva technologies srl,,,,,,,,,,,,,,,"piazza dei santi apostoli 66, roma, 00187, roma, italy",corporation
petronas lubricants italy spa,,,,,,,,,,,,,,,"via santena 1, villastellone, 10029, torino, italy",corporation
adi energia srl,,,,,,,,,,,,,,,"viale certosa 239, milano, 20151, milano, italy",corporation
amazon italia logistica srl,,,,,,,,,,,,,,,"viale monte grappa 3/5, milano, 20124, milano, italy",corporation
credito emiliano spa,,,,,,,,,,,,,,,"via emilia san pietro 4, reggio emilia, 42121, reggio emilia, italy",corporation
deutsche bank spa,,,,,,,,,,,,,,,"piazza del calendario 3, milano, 20126, milano, italy",corporation
bunge italia spa,,,,,,,,,,,,,,,"via baiona 203, ravenna, 48123, ravenna, italy",corporation
enel global services srl,,,,,,,,,,,,,,,"viale regina margherita 125, roma, 00198, roma, italy",corporation
farvima holding srl,,,,,,,,,,,,,,,"via napoli 220, casandrino, 80025, napoli, italy",corporation
sogegross spa,,,,,,,,,,,,,,,"lungotorrente secca 3/a, genova, 16163, genova, italy",corporation
gruppo arena spa,,,,,,,,,,,,,,,"via giuseppe mazzini 36, valguarnera caropepe, 94019, enna, italy",corporation
eni angola spa,,,,,,,,,,,,,,,"via emilia 1, san donato milanese, 20097, milano, italy",corporation
ferrovial construccion sa,,,,,,,,,,,,,,,"foro buonaparte 67, milano, 20121, milano, italy",foreign company
alfa acciai spa,,,,,,,,,,,,,,,"via san polo 152, brescia, 25134, brescia, italy",corporation
cambielli edilfriuli spa,,,,,,,,,,,,,,,"via assano 1791, cesena, 47521, forli'-cesena, italy",corporation
comdata spa,,,,,,,,,,,,,,,"via sebastiano caboto 1, corsico, 20094, milano, italy",corporation
shell energy italia srl,,,,,,,,,,,,,,,"viale thomas alva edison 110, sesto san giovanni, 20099, milano, italy",corporation
fattoria san michele a torri srl,,,,,,,,,,,,,,,"via san michele 36, scandicci, 50018, firenze, italy",corporation
bottega veneta srl,,,,,,,,,,,,,,,"localita' conti maltraverso 1, montebello vicentino, 36054, vicenza, italy",corporation
bolton food spa,,,,,,,,,,,,,,,"via einaudi 18/22, cermenate, 22072, como, italy",corporation
silmar group spa,,,,,,,,,,,,,,,"localita' merlaro 2, vestone, 25078, brescia, italy",corporation
ferretti spa,,,,,,,,,,,,,,,"via giovanni ansaldo 7, forli', 47122, forli'-cesena, italy",corporation
ferretti international holding spa,,,,,,,,,,,,,,,"via alessandro manzoni 41, milano, 20121, milano, italy",corporation
dalmine spa,,,,,,,,,,,,,,,"piazza caduti 6 luglio 1944 1, dalmine, 24044, bergamo, italy",corporation
banca popolare di sondrio spa,,,,,,,,,,,,,,,"piazza giuseppe garibaldi 16, sondrio, 23100, sondrio, italy",corporation
general cavi spa,,,,,,,,,,,,,,,"via dell'industria 22, conselice, 48017, ravenna, italy",corporation
solvay specialty polymers italy spa,,,,,,,,,,,,,,,"viale lombardia 20, bollate, 20021, milano, italy",corporation
arcese holding sapa di eleuterio arcese e c,,,,,,,,,,,,,,,"via aldo moro 95, arco, 38062, trento, italy",corporation
infineum italia srl,,,,,,,,,,,,,,,"strada di scorrimento 2, vado ligure, 17047, savona, italy",corporation
smeg spa,,,,,,,,,,,,,,,"via leonardo da vinci 4, guastalla, 42016, reggio emilia, italy",corporation
sasol italy spa,,,,,,,,,,,,,,,"viale enrico forlanini 23, milano, 20134, milano, italy",corporation
nordea investment funds sa,,,,,,,,,,,,,,,"via tortona 9, milano, 20144, milano, italy",foreign company
sanpellegrino spa,,,,,,,,,,,,,,,"via del mulino 6, assago, 20057, milano, italy",corporation
retitalia spa,,,,,,,,,,,,,,,"via gaspare gozzi 1/a, milano, 20129, milano, italy",corporation
unoenergy spa,,,,,,,,,,,,,,,"corso felice cavallotti 30, sanremo, 18038, imperia, italy",corporation
united parcel service italia srl,,,,,,,,,,,,,,,"via gaudenzio fantoli 15/2 15/8, milano, 20138, milano, italy",corporation
alstom ferroviaria spa,,,,,,,,,,,,,,,"via ottavio moreno 23, savigliano, 12038, cuneo, italy",corporation
elfin srl,,,,,,,,,,,,,,,"corso felice cavallotti 30, sanremo, 18038, imperia, italy",corporation
uno holding srl,,,,,,,,,,,,,,,"via caldera 21, milano, 20153, milano, italy",corporation
bticino spa,,,,,,,,,,,,,,,"viale luigi borri 231, varese, 21100, varese, italy",corporation
prysmian powerlink srl,,,,,,,,,,,,,,,"via chiese 6, milano, 20126, milano, italy",corporation
compass banca spa,,,,,,,,,,,,,,,"foro buonaparte 10, milano, 20121, milano, italy",corporation
carlo colombo spa,,,,,,,,,,,,,,,"via regona 3, pizzighettone, 26026, cremona, italy",corporation
lb holding spa,,,,,,,,,,,,,,,"via colombara 113, venezia, 30176, venezia, italy",corporation
verofin srl,,,,,,,,,,,,,,,"piazza giovine italia 3, milano, 20123, milano, italy",corporation
umana spa,,,,,,,,,,,,,,,"via colombara 113, venezia, 30176, venezia, italy",corporation
gruppo ltc spa,,,,,,,,,,,,,,,"via orna 35, brendola, 36040, vicenza, italy",corporation
alliance healthcare italia distribuzione spa,,,,,,,,,,,,,,,"via moggia 75/a, lavagna, 16033, genova, italy",corporation
montanwerke brixlegg aktiengesellschaft,,,,,,,,,,,,,,,"via bolzano 63, appiano sulla strada del vino, 39057, bolzano, italy",foreign company
societa' italiana per condotte d'acqua spa,,,,,,,,,,,,,,,"via salaria 1039, roma, 00138, roma, italy",corporation
sacyr construccion sa,,,,,,,,,,,,,,,"via invorio 24/a, torino, 10146, torino, italy",foreign company
arneg spa,,,,,,,,,,,,,,,"via venezia 58, campo san martino, 35010, padova, italy",corporation
general logistics systeitaly spa,,,,,,,,,,,,,,,"via basento 19, san giuliano milanese, 20098, milano, italy",corporation
rizzoli corriere della sera mediagroup spa,,,,,,,,,,,,,,,"via angelo rizzoli 8, milano, 20132, milano, italy",corporation
metinvest trametal spa,,,,,,,,,,,,,,,"via xii ottobre 1, genova, 16121, genova, italy",corporation
sarlux srl,,,,,,,,,,,,,,,"galleria passarella 2, milano, 20122, milano, italy",corporation
seetech global industries spa,,,,,,,,,,,,,,,"via antonio pacinotti 3, bolzano, 39100, bolzano, italy",corporation
henkel italia srl,,,,,,,,,,,,,,,"via carlo amoretti 78, milano, 20157, milano, italy",corporation
unicoop tirreno soc coop,,,,,,,,,,,,,,,"strada statale s.s. aurelia km. 237 snc, piombino, 57025, livorno, italy",cooperative
banco bpm vita spa,,,,,,,,,,,,,,,"via massaua 6, milano, 20146, milano, italy",corporation
tod's spa,,,,,,,,,,,,,,,"via filippo della valle 1, sant'elpidio a mare, 63811, fermo, italy",corporation
divi finanziaria di diego della valle & c srl,,,,,,,,,,,,,,,"via settecamini 116, sant'elpidio a mare, 63811, fermo, italy",corporation
tigros spa,,,,,,,,,,,,,,,"via del lavoro 45, solbiate arno, 21048, varese, italy",corporation
unigra' srl,,,,,,,,,,,,,,,"via gardizza 9/b, conselice, 48017, ravenna, italy",corporation
amissima vita spa,,,,,,,,,,,,,,,"mura di santa chiara 1, genova, 16128, genova, italy",corporation
eli lilly italia spa,,,,,,,,,,,,,,,"via antonio gramsci 731/733, sesto fiorentino, 50019, firenze, italy",corporation
intesa sanpaolo assicura spa,,,,,,,,,,,,,,,"corso inghilterra 3, torino, 10138, torino, italy",corporation
ferriera valsider spa,,,,,,,,,,,,,,,"via antonio salieri 36, oppeano, 37050, verona, italy",corporation
friul intagli industries spa,,,,,,,,,,,,,,,"via oderzo 68, prata di porde , 33080, porde , italy",corporation
costantin spa,,,,,,,,,,,,,,,"via canareggio 1823/1, borgo veneto, 35046, padova, italy",corporation
eurovo srl,,,,,,,,,,,,,,,"via mensa 3, lugo, 48022, ravenna, italy",corporation
prima sole components spa,,,,,,,,,,,,,,,"via casilina sud snc km90,200, torrice, 03020, frosi , italy",corporation
biesse spa,,,,,,,,,,,,,,,"via della meccanica 16, pesaro, 61122, pesaro e urbino, italy",corporation
scm group spa,,,,,,,,,,,,,,,"via emilia 69/71/77, rimini, 47921, rimini, italy",corporation
agfa,,,,,,,,,,,,,,,"via massimo gorki 69, cinisello balsamo, 20092, milano, italy",foreign company
bifin srl,,,,,,,,,,,,,,,"viale fratelli rosselli 46, pesaro, 61121, pesaro e urbino, italy",corporation
dolce & gabbana srl,,,,,,,,,,,,,,,"via carlo goldoni 10, milano, 20129, milano, italy",corporation
dana italia srl,,,,,,,,,,,,,,,"localita' linfano, arco, 38062, trento, italy",corporation
flli martini & c spa,,,,,,,,,,,,,,,"via emilia 2614, longiano, 47020, forli'-cesena, italy",corporation
dow italia divisione commerciale srl,,,,,,,,,,,,,,,"via francesco albani 65, milano, 20148, milano, italy",corporation
magna powertrain italia srl,,,,,,,,,,,,,,,"via dei ciclamini 4, modugno, 70026, bari, italy",corporation
sicim spa,,,,,,,,,,,,,,,"via consolatico superiore 96/98, busseto, 43011, parma, italy",corporation
jaguar land rover italia spa,,,,,,,,,,,,,,,"viale alessandro marchetti 105, roma, 00148, roma, italy",corporation
nova aeg spa,,,,,,,,,,,,,,,"via nelson mandela 4, vercelli, 13100, vercelli, italy",corporation
jas jet air service spa,,,,,,,,,,,,,,,"viuzzo di porto 4/b, scandicci, 50018, firenze, italy",corporation
acegasapsamga spa,,,,,,,,,,,,,,,"via del teatro 5, trieste, 34121, trieste, italy",corporation
siram spa,,,,,,,,,,,,,,,"via anna maria mozzoni 12, milano, 20152, milano, italy",corporation
lenovo italy srl,,,,,,,,,,,,,,,"via san bovio 3, segrate, 20054, milano, italy",corporation
urbaser sa,,,,,,,,,,,,,,,"via consortile, avellino, 83100, avellino, italy",foreign company
huawei technologies italia srl,,,,,,,,,,,,,,,"via lorenteggio 240, milano, 20147, milano, italy",corporation
sace spa,,,,,,,,,,,,,,,"piazza poli 37/42, roma, 00187, roma, italy",corporation
ducati motor holding spa,,,,,,,,,,,,,,,"via antonio cavalieri ducati 3, bologna, 40132, bologna, italy",corporation
equensworldline se,,,,,,,,,,,,,,,"via enrico cialdini 16, milano, 20161, milano, italy",foreign company
itas istituto trentino alto adige per assicurazioni societa' mutua di assicurazioni,,,,,,,,,,,,,,,"piazza delle donne lavoratrici 2, trento, 38121, trento, italy",cooperative
lvmh italia spa,,,,,,,,,,,,,,,"largo augusto 8, milano, 20122, milano, italy",corporation
farvima medicinali spa,,,,,,,,,,,,,,,"via napoli 220, casandrino, 80025, napoli, italy",corporation
smurfit kappa italia spa,,,,,,,,,,,,,,,"strada serravalle 65, novi ligure, 15067, alessandria, italy",corporation
blackrock netherlands bv,,,,,,,,,,,,,,,"piazza san fedele 2, milano, 20121, milano, italy",foreign company
schneider electric spa,,,,,,,,,,,,,,,"via circonvallazione est 1, stezzano, 24040, bergamo, italy",corporation
omnicom media group srl,,,,,,,,,,,,,,,"via giovanni spadolini 5, milano, 20141, milano, italy",corporation
volvo group italia spa,,,,,,,,,,,,,,,"corso europa 2, boltiere, 24040, bergamo, italy",corporation
italia srl,,,,,,,,,,,,,,,"via vitorchiano 151, roma, 00189, roma, italy",corporation
gnutti carlo spa,,,,,,,,,,,,,,,"via artigiani 2, maclodio, 25030, brescia, italy",corporation
l'oreal italia spa,,,,,,,,,,,,,,,"via francesco primaticcio 155, milano, 20147, milano, italy",corporation
italia marittima spa,,,,,,,,,,,,,,,"passeggio sant'andrea 4, trieste, 34123, trieste, italy",corporation
cura consorzio utilities ravenna soc cons arl,,,,,,,,,,,,,,,"via granarolo 175/3, faenza, 48018, ravenna, italy",corporation
progefin spa,,,,,,,,,,,,,,,"via bartolomeo zucchi 1, monza, 20900, monza e brianza, italy",corporation
glaxosmithkline spa,,,,,,,,,,,,,,,"viale dell'agricoltura 7, verona, 37135, verona, italy",corporation
compagnia generale trattori spa,,,,,,,,,,,,,,,"via padana superiore 19, vimodrone, 20055, milano, italy",corporation
stabilo international gmbh,,,,,,,,,,,,,,,"via messina 38, milano, 20154, milano, italy",foreign company
ariston spa,,,,,,,,,,,,,,,"viale aristide merloni 45, fabriano, 60044, ancona, italy",corporation
saviola holding srl,,,,,,,,,,,,,,,"viale lombardia 29, viadana, 46019, mantova, italy",corporation
google italy srl,,,,,,,,,,,,,,,"via federico confalonieri 4, milano, 20124, milano, italy",corporation
sacchi giuseppe spa,,,,,,,,,,,,,,,"via filippo da desio 60, desio, 20832, monza e brianza, italy",corporation
polynt spa,,,,,,,,,,,,,,,"via enrico fermi 51, scanzorosciate, 24020, bergamo, italy",corporation
brunello cucinelli spa,,,,,,,,,,,,,,,"viale parco dell'industria 5, corciano, 06073, perugia, italy",corporation
foro delle arti srl,,,,,,,,,,,,,,,"piazzetta dei sapienti 1, corciano, 06073, perugia, italy",corporation
pro-gest spa,,,,,,,,,,,,,,,"via castellana 90, istrana, 31036, treviso, italy",corporation
zignago holding spa,,,,,,,,,,,,,,,"viale ita marzotto 8, fossalta di portogruaro, 30025, venezia, italy",corporation
maiora srl,,,,,,,,,,,,,,,"via san magno 31, corato, 70033, bari, italy",corporation
loro piana spa,,,,,,,,,,,,,,,"corso pietro rolandi 10, quarona, 13017, vercelli, italy",corporation
grandi salumifici italiani spa,,,,,,,,,,,,,,,"strada gherbella 320, modena, 41126, modena, italy",corporation
openjobmetis spa agenzia per il lavoro,,,,,,,,,,,,,,,"via bernardino telesio 18, milano, 20145, milano, italy",corporation
2i rete gas spa,,,,,,,,,,,,,,,"via alberico albricci 10, milano, 20122, milano, italy",corporation
toshiba electronics europe gmbh,,,,,,,,,,,,,,,"via torri bianche 3, vimercate, 20871, monza e brianza, italy",foreign company
sogei societa' generale d'informatica spa e in forma abbreviato sogei spa,,,,,,,,,,,,,,,"via mario carucci 131, roma, 00143, roma, italy",corporation
bayer spa,,,,,,,,,,,,,,,"via delle groane 126, garbagnate milanese, 20024, milano, italy",corporation
comarco compagnia generale di commercio arbitraggio e coperture spa,,,,,,,,,,,,,,,"piazza della vittoria 10, genova, 16121, genova, italy",corporation
vera vita spa,,,,,,,,,,,,,,,"via carlo ederle 45, verona, 37126, verona, italy",corporation
bcc vita spa compagnia di assicurazioni vita in forma abbreviato bcc vita spa,,,,,,,,,,,,,,,"via benigno crespi 19, milano, 20159, milano, italy",corporation
wuerth srl,,,,,,,,,,,,,,,"via stazione 51, egna, 39044, bolzano, italy",corporation
abbvie srl,,,,,,,,,,,,,,,"strada regionale 148 pontina 0snc, aprilia, 04011, latina, italy",corporation
coop centro italia soc coop,,,,,,,,,,,,,,,"via andrea doria 7, castiglione del lago, 06061, perugia, italy",cooperative
colorobbia holding spa,,,,,,,,,,,,,,,"via pietramarina 53, vinci, 50059, firenze, italy",corporation
heineken italia spa,,,,,,,,,,,,,,,"localita' autoporto 11, pollein, 11020, aosta, italy",corporation
dedalus healthcare systegroup spa,,,,,,,,,,,,,,,"via collodi 6/c, firenze, 50141, firenze, italy",corporation
sisal spa,,,,,,,,,,,,,,,"via ugo bassi 6, milano, 20159, milano, italy",corporation
medtronic italia spa,,,,,,,,,,,,,,,"via varesina 162, milano, 20156, milano, italy",corporation
riva acciaio spa,,,,,,,,,,,,,,,"viale certosa 249, milano, 20151, milano, italy",corporation
uvet viaggi turismo spa,,,,,,,,,,,,,,,"bastioni di porta volta 10, milano, 20121, milano, italy",corporation
veroniki holding spa,,,,,,,,,,,,,,,"via larga 9/11, milano, 20122, milano, italy",corporation
mbda italia spa,,,,,,,,,,,,,,,"via monte flavio 45, roma, 00131, roma, italy",corporation
lg electronics italia spa,,,,,,,,,,,,,,,"via aldo rossi 4, milano, 20149, milano, italy",corporation
rai pubblicita' spa,,,,,,,,,,,,,,,"via giovanni carlo cavalli 6, torino, 10138, torino, italy",corporation
ngk spark plug europe gmbh,,,,,,,,,,,,,,,"via delle azalee 15, buccinasco, 20090, milano, italy",foreign company
stoccaggi gas italia spa,,,,,,,,,,,,,,,"piazza santa barbara 7, san donato milanese, 20097, milano, italy",corporation
acea ato 2 gruppo acea spa,,,,,,,,,,,,,,,"piazzale ostiense 2, roma, 00154, roma, italy",corporation
zambon company spa,,,,,,,,,,,,,,,"via lillo del duca 10, bresso, 20091, milano, italy",corporation
banca generali spa,,,,,,,,,,,,,,,"via niccolo' machiavelli 4, trieste, 34132, trieste, italy",corporation
ferrero industriale italia srl,,,,,,,,,,,,,,,"piazzale pietro ferrero 1, alba, 12051, cuneo, italy",corporation
design holding spa,,,,,,,,,,,,,,,"via alessandro manzoni 38, milano, 20121, milano, italy",corporation
international design group spa,,,,,,,,,,,,,,,"via alessandro manzoni 38, milano, 20121, milano, italy",corporation
flextronics italy spa,,,,,,,,,,,,,,,"strada provinciale 234 1/3, somaglia, 26867, lodi, italy",corporation
2v energy srl,,,,,,,,,,,,,,,"lungadige galtarossa 8, verona, 37133, verona, italy",corporation
intercos spa,,,,,,,,,,,,,,,"via guglielmo marconi 84, agrate brianza, 20864, monza e brianza, italy",corporation
engie servizi spa,,,,,,,,,,,,,,,"viale giorgio ribotta 31, roma, 00144, roma, italy",corporation
apulia distribuzione srl,,,,,,,,,,,,,,,"strada provinciale 240 delle grotte orientali, rutigliano, 70018, bari, italy",corporation
ghella spa,,,,,,,,,,,,,,,"via pietro borsieri 2/a, roma, 00195, roma, italy",corporation
synergie italia agenzia per il lavoro spa,,,,,,,,,,,,,,,"via pisa 29, torino, 10152, torino, italy",corporation
avicoop soc coop agricola,,,,,,,,,,,,,,,"via del rio 336, cesena, 47522, forli'-cesena, italy",corporation
berlin packaging europe spa,,,,,,,,,,,,,,,"viale cristoforo colombo 12/14, trezzano sul naviglio, 20090, milano, italy",corporation
trenord srl,,,,,,,,,,,,,,,"via roma 5, iseo, 25049, brescia, italy",corporation
technip energies italy spa,,,,,,,,,,,,,,,"viale castello della magliana 68, roma, 00148, roma, italy",corporation
metalmeccanica tiberina srl,,,,,,,,,,,,,,,"via zona industriale madonna del moro, umbertide, 06019, perugia, italy",corporation
attiva spa,,,,,,,,,,,,,,,"via del progresso 1008, brendola, 36040, vicenza, italy",corporation
coeclerici spa,,,,,,,,,,,,,,,"piazza generale armando diaz 7, milano, 20123, milano, italy",corporation
fila fabbrica italiana lapis ed affini spa,,,,,,,,,,,,,,,"via xxv aprile 5, pero, 20016, milano, italy",corporation
pencil srl,,,,,,,,,,,,,,,"viale vittorio veneto 14, milano, 20124, milano, italy",corporation
if 65 spa,,,,,,,,,,,,,,,"viale sant'eufemia 108/f, brescia, 25135, brescia, italy",corporation
coop italia soc coop,,,,,,,,,,,,,,,"via del lavoro 6/8, casalecchio di reno, 40033, bologna, italy",cooperative
american express payments europe sl,,,,,,,,,,,,,,,"viale alexandre gustave eiffel 15, roma, 00148, roma, italy",foreign company
kia italia srl,,,,,,,,,,,,,,,"via gallarate 184, milano, 20151, milano, italy",corporation
shell italia e&p spa,,,,,,,,,,,,,,,"piazza di san silvestro 8, roma, 00187, roma, italy",corporation
volvo car italia spa,,,,,,,,,,,,,,,"via enrico mattei 66, bologna, 40138, bologna, italy",corporation
guala closures spa,,,,,,,,,,,,,,,"via rana 12, alessandria, 15122, alessandria, italy",corporation
kos spa,,,,,,,,,,,,,,,"via ciovassino 1, milano, 20121, milano, italy",corporation
kedrion spa,,,,,,,,,,,,,,,"localita' ai conti, barga, 55051, lucca, italy",corporation
nippon express italia spa,,,,,,,,,,,,,,,"via viii marzo 6, scandicci, 50018, firenze, italy",corporation
messaggerie italiane di giornali riviste e libri spa,,,,,,,,,,,,,,,"corso sempione 4, milano, 20154, milano, italy",corporation
fercam spa,,,,,,,,,,,,,,,"via marie curie 2, bolzano, 39100, bolzano, italy",corporation
compagnia valdostana delle acque - compagnie valdotaine des eaux spa,,,,,,,,,,,,,,,"via stazione 31, chatillon, 11024, aosta, italy",corporation
autogrill italia spa,,,,,,,,,,,,,,,"via mario greppi 2, novara, 28100, novara, italy",corporation
daikin air conditioning italy spa,,,,,,,,,,,,,,,"via giuseppe ripamonti 85, milano, 20141, milano, italy",corporation
ga operations spa,,,,,,,,,,,,,,,"via pietro giardini 1324, modena, 41126, modena, italy",corporation
fideuram intesa sanpaolo private banking asset management societa' di gestione del risparm,,,,,,,,,,,,,,,"via montebello 18, milano, 20121, milano, italy",corporation
proma spa,,,,,,,,,,,,,,,"viale carlo iii trav. i via galvani snc, san nicola la strada, 81020, caserta, italy",corporation
dussmann service srl,,,,,,,,,,,,,,,"via papa giovanni xxiii 4, capriate san gervasio, 24042, bergamo, italy",corporation
assimoco vita spa compagnia di assicurazione sulla vita,,,,,,,,,,,,,,,"via giovanni spadolini 7, milano, 20141, milano, italy",corporation
general logistics systeenterprise srl,,,,,,,,,,,,,,,"via basento 19, san giuliano milanese, 20098, milano, italy",corporation
cargill eurit srl,,,,,,,,,,,,,,,"via giuseppe ripamonti 89, milano, 20141, milano, italy",corporation
givi holding srl,,,,,,,,,,,,,,,"piazza luigi einaudi 4, milano, 20124, milano, italy",corporation
edge network services limited,,,,,,,,,,,,,,,"via corsica 10/12, brescia, 25125, brescia, italy",foreign company
molino casillo spa,,,,,,,,,,,,,,,"via antonio sant'elia zona industriale, corato, 70033, bari, italy",corporation
zambon spa,,,,,,,,,,,,,,,"via lillo del duca 10, bresso, 20091, milano, italy",corporation
bulgari gioielli spa,,,,,,,,,,,,,,,"circonvallazione ovest 3 a zona co.in.or., valenza, 15048, alessandria, italy",corporation
pellegrini spa,,,,,,,,,,,,,,,"via lorenteggio 255, milano, 20152, milano, italy",corporation
csi - compagnia surgelati italiana spa,,,,,,,,,,,,,,,"via appia, cisterna di latina, 04012, latina, italy",corporation
ems euro management services spa,,,,,,,,,,,,,,,"via stella rosa 48/50, baranzate, 20021, milano, italy",corporation
euro group spa,,,,,,,,,,,,,,,"via stella rosa 48/50, baranzate, 20021, milano, italy",corporation
cogne acciai speciali spa,,,,,,,,,,,,,,,"strada paravera 16, aosta, 11100, aosta, italy",corporation
ghella group srl,,,,,,,,,,,,,,,"via pietro borsieri 2/a, roma, 00195, roma, italy",corporation
industrie de nora spa,,,,,,,,,,,,,,,"via leonardo bistolfi 35, milano, 20134, milano, italy",corporation
federico de nora spa,,,,,,,,,,,,,,,"via leonardo bistolfi 35, milano, 20134, milano, italy",corporation
euricom spa,,,,,,,,,,,,,,,"via stazione 119, valle lomellina, 27020, pavia, italy",corporation
pag italy srl,,,,,,,,,,,,,,,"via del lavoro 10, granarolo dell'emilia, 40057, bologna, italy",corporation
comer industries spa,,,,,,,,,,,,,,,"via ferdinando magellano 27, reggiolo, 42046, reggio emilia, italy",corporation
eagles oak srl,,,,,,,,,,,,,,,"viale del sagittario 5, modena, 41126, modena, italy",corporation
yara italia spa,,,,,,,,,,,,,,,"via benigno crespi 57, milano, 20159, milano, italy",corporation
geox spa,,,,,,,,,,,,,,,"via feltrina centro 16, montebelluna, 31044, treviso, italy",corporation
technogym spa,,,,,,,,,,,,,,,"via calcinaro 2861, cesena, 47521, forli'-cesena, italy",corporation
cargill srl,,,,,,,,,,,,,,,"via giuseppe ripamonti 89, milano, 20141, milano, italy",corporation
caseifici granterre spa,,,,,,,,,,,,,,,"via polonia 30/33, modena, 41122, modena, italy",corporation
d'amico societa' di navigazione spa,,,,,,,,,,,,,,,"corso d'italia 35/b, roma, 00198, roma, italy",corporation
benetton group srl,,,,,,,,,,,,,,,"via villa minelli 1, ponzano veneto, 31050, treviso, italy",corporation
bonfiglioli riduttori spa,,,,,,,,,,,,,,,"via clementino bonfiglioli 1, calderara di reno, 40012, bologna, italy",corporation
duferco travi e profilati spa,,,,,,,,,,,,,,,"via armando diaz 248, san zeno naviglio, 25010, brescia, italy",corporation
bnp paribas 3 step it,,,,,,,,,,,,,,,"piazza lina bo bardi 3, milano, 20124, milano, italy",foreign company
yama spa,,,,,,,,,,,,,,,"via meuccio ruini 74/l, reggio emilia, 42124, reggio emilia, italy",corporation
sap italia sistemi applicazioni prodotti in data processing spa,,,,,,,,,,,,,,,"via monza 7/a, vimercate, 20871, monza e brianza, italy",corporation
cura gas & power spa,,,,,,,,,,,,,,,"via granarolo 175/2, faenza, 48018, ravenna, italy",corporation
fai service soc coop,,,,,,,,,,,,,,,"via renzo gandolfo 1, cuneo, 12100, cuneo, italy",corporation
emak spa,,,,,,,,,,,,,,,"via enrico fermi 4, bagnolo in piano, 42011, reggio emilia, italy",corporation
havi logistics srl,,,,,,,,,,,,,,,"via aldo moro 31, bomporto, 41030, modena, italy",corporation
flli lando spa,,,,,,,,,,,,,,,"via pionca 13, pianiga, 30030, venezia, italy",corporation
ep produzione centrale livorno ferraris spa,,,,,,,,,,,,,,,"via vittorio veneto 74, roma, 00187, roma, italy",corporation
gruppo illy spa,,,,,,,,,,,,,,,"via della mercede 11, roma, 00187, roma, italy",corporation
ori martin holding srl,,,,,,,,,,,,,,,"via cosimo canovetti 13, brescia, 25128, brescia, italy",corporation
ori martin acciaieria e ferriera di brescia spa,,,,,,,,,,,,,,,"via cosimo canovetti 13, brescia, 25128, brescia, italy",corporation
gecol cables srl,,,,,,,,,,,,,,,"via giuseppe bovini 43, ravenna, 48123, ravenna, italy",corporation
eq cables spa,,,,,,,,,,,,,,,"via dell'industria 22, conselice, 48017, ravenna, italy",corporation
duferco commerciale spa,,,,,,,,,,,,,,,"via di sottoripa 7/13, genova, 16124, genova, italy",corporation
sg spa,,,,,,,,,,,,,,,"contrada parasacchiello snc, melfi, 85025, potenza, italy",corporation
covestro srl,,,,,,,,,,,,,,,"via delle industrie 9, filago, 24040, bergamo, italy",corporation
vim srl vendita ingrosso medicinali,,,,,,,,,,,,,,,"via delle fiere snc, matera, 75100, matera, italy",corporation
ospedale san raffaele srl,,,,,,,,,,,,,,,"via olgettina 60, milano, 20132, milano, italy",corporation
lorenzo ceccato spa,,,,,,,,,,,,,,,"via veneto 3/5, schio, 36015, vicenza, italy",corporation
tenova spa,,,,,,,,,,,,,,,"via gerenzano 58, castellanza, 21053, varese, italy",corporation
balenciaga logistica srl,,,,,,,,,,,,,,,"via pisana 336, scandicci, 50018, firenze, italy",corporation
unifarm spa unione farmacisti trentino alto adige,,,,,,,,,,,,,,,"via provina 3, trento, 38123, trento, italy",corporation
pluto italia spa,,,,,,,,,,,,,,,"piazza della repubblica 32, milano, 20124, milano, italy",corporation
eg holding spa,,,,,,,,,,,,,,,"via del perlar 2, verona, 37135, verona, italy",corporation
sofid spa,,,,,,,,,,,,,,,"via uberto visconti di modrone 2, milano, 20122, milano, italy",corporation
verallia italia spa,,,,,,,,,,,,,,,"strada statale 29, dego, 17058, savona, italy",corporation
clerici spa,,,,,,,,,,,,,,,"via lodi 11, arzago d'adda, 24040, bergamo, italy",corporation
fintrade holding spa,,,,,,,,,,,,,,,"via vicenza 3, brescia, 25125, brescia, italy",corporation
areti spa,,,,,,,,,,,,,,,"piazzale ostiense 2, roma, 00154, roma, italy",corporation
liquigas spa,,,,,,,,,,,,,,,"via gian antonio amadeo 59, milano, 20134, milano, italy",corporation
faac spa,,,,,,,,,,,,,,,"via monaldo calari 10, zola predosa, 40069, bologna, italy",corporation
faac partecipazioni industriali srl,,,,,,,,,,,,,,,"via monaldo calari 10, zola predosa, 40069, bologna, italy",corporation
agn energia spa,,,,,,,,,,,,,,,"via amalfi 6, volpiano, 10088, torino, italy",corporation
lindt & sprungli spa,,,,,,,,,,,,,,,"largo edoardo bulgheroni 1, induno olona, 21056, varese, italy",corporation
fca bank spa,,,,,,,,,,,,,,,"corso orbassano 367, torino, 10137, torino, italy",corporation
salvatore ferragamo spa,,,,,,,,,,,,,,,"via dei tornabuoni 2, firenze, 50123, firenze, italy",corporation
zanetti spa,,,,,,,,,,,,,,,"via della madonna 1, lallio, 24040, bergamo, italy",corporation
fnm spa,,,,,,,,,,,,,,,"piazzale luigi cadorna 14, milano, 20123, milano, italy",corporation
crif spa,,,,,,,,,,,,,,,"via mario fantin 1/3, bologna, 40131, bologna, italy",corporation
guacci spa,,,,,,,,,,,,,,,"cis 8, nola, 80035, napoli, italy",corporation
falck renewables spa,,,,,,,,,,,,,,,"via alberto falck 4/16, sesto san giovanni, 20099, milano, italy",corporation
aquafil spa,,,,,,,,,,,,,,,"via linfano 9, arco, 38062, trento, italy",corporation
nine trees group spa,,,,,,,,,,,,,,,"viale milano 26, montecchio maggiore, 36075, vicenza, italy",corporation
dompe' holdings srl,,,,,,,,,,,,,,,"via santa lucia 6, milano, 20122, milano, italy",corporation
elen spa,,,,,,,,,,,,,,,"via baldanzese 17, calenzano, 50041, firenze, italy",corporation
snaitech spa,,,,,,,,,,,,,,,"piazza della repubblica 32, milano, 20124, milano, italy",corporation
gb&p srl,,,,,,,,,,,,,,,"via leone xiii 14, milano, 20145, milano, italy",corporation
gsgr srl,,,,,,,,,,,,,,,"via padre vicinio da sarsina 42, cesena, 47521, forli'-cesena, italy",corporation
gruppo societa' gas rimini spa,,,,,,,,,,,,,,,"via gabriello chiabrera 34/d, rimini, 47924, rimini, italy",corporation
pavimental spa,,,,,,,,,,,,,,,"via giulio vincenzo bona 95/101, roma, 00156, roma, italy",corporation
argo tractors spa,,,,,,,,,,,,,,,"via giacomo matteotti 7, fabbrico, 42042, reggio emilia, italy",corporation
argo spa,,,,,,,,,,,,,,,"via lemizzone 1, san martino in rio, 42018, reggio emilia, italy",corporation
cefla soc coop,,,,,,,,,,,,,,,"via provinciale selice 23/a, imola, 40026, bologna, italy",corporation
solvay chimica italia spa,,,,,,,,,,,,,,,"via piave 6, rosignano marittimo, 57016, livorno, italy",corporation
family business poli di marco poli e c sapa in sigla fb poli di marco poli e c sapa,,,,,,,,,,,,,,,"via san martino 4, trento, 38122, trento, italy",corporation
rossetto trade spa,,,,,,,,,,,,,,,"via friuli 5 interno 9, sona, 37060, verona, italy",corporation
gruppo rossetto spa,,,,,,,,,,,,,,,"via friuli 5, sona, 37060, verona, italy",corporation
legacy srl,,,,,,,,,,,,,,,"via della zecca 2, bologna, 40121, bologna, italy",corporation
cribis holding srl,,,,,,,,,,,,,,,"via della zecca 2, bologna, 40121, bologna, italy",corporation
porsche italia spa,,,,,,,,,,,,,,,"corso stati uniti 35, padova, 35127, padova, italy",corporation
intesa sanpaolo rbm salute spa,,,,,,,,,,,,,,,"viale stelvio 55/57, milano, 20159, milano, italy",corporation
brenntag spa,,,,,,,,,,,,,,,"strada 6 palazzo a 13 milanofiori 0snc, assago, 20057, milano, italy",corporation
