name,headquarters,country,address,founded,employees,ceo,founders,market_cap,share_price,categories,sector,link,type
85c bakery cafe,taipei,,,2004  18 years ago  2004 ,,,,,,,,,
10or,taipei,,,2004  18 years ago  2004 ,,,,,,,,,
2u company,"lanham, maryland",,,2008  14 years ago  2008 ,,,,,,,,,
3i,london,,,1945  77 years ago  1945 ,,,,,,,,,
3m,london,,,"june 13, 1902  120 years ago  1902-06-13  in two harbors, minnesota, u.s.[1]",,,,,,,,,
7-eleven,london,,,1927  95 years ago   1927   as southland ice company ,,,,,,,,,
4f company,wieliczka,,,2007  15 years ago  2007 ,,,,,,,,,
ajinomoto,"ch  , tokyo",,,17 june 1917  105 years ago  1917-06-17   as s. suzuki & co. ltd. ,,,,,,,,,
abn amro,amsterdam,,,"september 21, 1991  31 years ago  september 21, 1991 ",,,,,,,,,
abbott laboratories,illinois,,,"1888  134 years ago  1888   as abbott alkaloidal company  in ravenswood, chicago",,,,,,,,,
abiomed,"danvers, massachusetts",,,1981  41 years ago  1981 ,,,,,,,,,
abbvie,"north chicago, illinois",,,2013  9 years ago  2013 ,,,,,,,,,
accenture,dublin,,,1989  33 years ago  1989 ,,,,,,,,,
anz bank,collins street,,,1 october 1970  52 years ago  1970-10-01 ,,,,,,,,,
acer inc,collins street,,,1 august 1976  46 years ago  1976-08-01 ,,,,,,,,,
activision blizzard,collins street,,,"july 10, 2008  14 years ago  2008-07-10 ",,,,,,,,,
adidas,collins street,,,"july 1924  98 years ago  1924-07  in herzogenaurach, germany  as gebruder dassler schuhfabrik  18 august 1949  73 years ago  1949-08-18   as adidas [1]",,,,,,,,,
aldi,essen,,,"10 july 1946  76 years ago  1946-07-10   split in two parts in 1960, renamed to aldi nord and aldi sud in 1962 [1]",,,,,,,,,
adient,"plymouth, michigan, u.s.",,,"october 31, 2016  6 years ago  2016-10-31 [1]",,,,,,,,,
aditi technologies,bellevue,,,1994,,,,,,,,,
aditya birla group,mumbai,,,1857  165 years ago  1857 [1],,,,,,,,,
amd,mumbai,,,"may 1, 1969  53 years ago  1969-05-01 ",,,,,,,,,
aegon nv,mumbai,,,1983  39 years ago  1983 ,,,,,,,,,
aeon company,mihama-ku,,,"1758  264 years ago  1758   as shinoharaya, later okadaya  in yokkaichi",,,,,,,,,
ahold delhaize,zaandam,,,25 july 2016  6 years ago  2016-07-25 ,,,,,,,,,
asics,zaandam,,,"september 1, 1949  73 years ago  september 1, 1949   as onitsuka tiger  1977  45 years ago  1977   renamed to asics ",,,,,,,,,
airbus,,,,18 december 1970  52 years ago  1970-12-18   as airbus industrie gie ,,,,,,,,,
akzonobel,amsterdam,,,1994  28 years ago  1994 ,,,,,,,,,
akai,hong kong,,,"as akai electric company ltd, tokyo, japan  1946  76 years ago  1946  ",,,,,,,,,
alfa laval,lund,,,1883  139 years ago  1883 [2],,,,,,,,,
all nippon airways,shiodome city center,,,27 december 1952  69 years ago  1952-12-27   as japan helicopter and aeroplane ,,,,,,,,,
alliance global,taguig,,,"manila, philippines october 12, 1993  29 years ago  1993-10-12 ",,,,,,,,,
allianz,munich,,,5 february 1890  132 years ago  5 february 1890 ,,,,,,,,,
alibaba group,[2],,,"28 june 1999  23 years ago  1999-06-28 [1] hangzhou, zhejiang, china",,,,,,,,,
almarai,[2],,,1977  45 years ago  1977 ,,,,,,,,,
alstom,saint-ouen-sur-seine,,,1928  94 years ago  1928 ,,,,,,,,,
alphabet inc,googleplex,,,"october 2, 2015  7 years ago  2015-10-02 ",,,,,,,,,
altice company,googleplex,,,2001  21 years ago  2001 ,,,,,,,,,
altria,reynolds metals company international headquarters,,,"1985  37 years ago  1985   as philip morris companies, inc. ",,,,,,,,,
amazon company,reynolds metals company international headquarters,,,"july 5, 1994  28 years ago  1994-07-05  bellevue, washington, u.s.",,,,,,,,,
amcor,zurich,,,1896  126 years ago  1896 ,,,,,,,,,
american airlines group,"fort worth, texas",,,"december 9, 2013  9 years ago  2013-12-09 ",,,,,,,,,
american international group,"new york city, new york",,,"december 19, 1919  103 years ago  1919-12-19 [1] shanghai, china",,,,,,,,,
andritz ag,"new york city, new york",,,1852  170 years ago  1852 ,,,,,,,,,
aon company,london,,,1982  40 years ago  1982 ,,,,,,,,,
apollo tyres,gurugram,,,1972  50 years ago  1972 [1],,,,,,,,,
apple inc,1 apple park way,,,"april 1, 1976  46 years ago  1976-04-01  in los altos, california, u.s.",,,,,,,,,
grupo arcor,1 apple park way,,,5 july 1951  71 years ago  1951-07-05 ,,,,,,,,,
assicurazioni generali,1 apple park way,,,1831  191 years ago  1831 ,,,,,,,,,
aston martin,gaydon,,,15 january 1913  109 years ago  1913-01-15 ,,,,,,,,,
asus,beitou district,,,2 april 1989  33 years ago  1989-04-02 ,,,,,,,,,
asus,beitou district,,,2 april 1989  33 years ago  1989-04-02 ,,,,,,,,,
at&t,whitacre tower,,,"october 5, 1983  39 years ago  1983-10-05 [2]",,,,,,,,,
atari,whitacre tower,,,"october 5, 1983  39 years ago  1983-10-05 [2]",,,,,,,,,
avast,whitacre tower,,,1988  34 years ago  1988 ,,,,,,,,,
avianca,registered office:,,,"december 5, 1919  103 years ago  1919-12-05   as scadta ",,,,,,,,,
axa,paris,,,1816  206 years ago  1816 [1],,,,,,,,,
axiata,paris,,,12 june 1992  30 years ago  1992-06-12 ,,,,,,,,,
axis bank,maharashtra,,,3 december 1993  29 years ago  1993-12-03  as uti bank,,,,,,,,,
bp,london,,,"14 april 1909  1909-04-14   as the anglo-persian oil company  10 january 1870  1870-01-10   as standard oil, which partially broke up into standard oil of ohio, arco, and amoco which all merged into bp  16 december 1954  68 years ago  1954-12-16   as british petroleum ",,,,,,,,,
baker hughes,"houston, texas",,,1907  115 years ago  1907 ,,,,,,,,,
ball corporation,"broomfield, colorado",,,1880  142 years ago  1880 ,,,,,,,,,
bacardi,"hamilton, bermuda",,,4 february 1862 santiago de cuba,,,,,,,,,
banco bilbao vizcaya argentaria,"hamilton, bermuda",,,"bilbao, spain may 28, 1857  165 years ago  1857-05-28 ",,,,,,,,,
banco santander,"hamilton, bermuda",,,15 may 1857  165 years ago  1857-05-15 ,,,,,,,,,
bandai namco entertainment,"minato-ku, tokyo",,,31 march 2006  16 years ago  2006-03-31 [1][2],,,,,,,,,
bank of india,mumbai,,,7 september 1906  116 years ago  1906-09-07 ,,,,,,,,,
bank of ireland,ballsbridge,,,5 april 1783  239 years ago  1783-04-05 ,,,,,,,,,
bank of montreal,,,,"montreal bank  23 june 1817  205 years ago  1817-06-23   montreal, lower canada bank of montreal  22 july 1822  200 years ago  1822-07-22  ",,,,,,,,,
barclays,,,,"17 november 1690  332 years ago  1690-11-17  in the city of london, kingdom of england",,,,,,,,,
barilla company,,,,1877  145 years ago  1877 ,,,,,,,,,
barnes & noble,new york city,,,"1886  136 years ago  1886   as arthur hinds & company  in new york city, u.s.",,,,,,,,,
barrick gold,new york city,,,1983  39 years ago  1983 ,,,,,,,,,
basf,ludwigshafen,,,"6 april 1865  157 years ago  6 april 1865   as badische anilin- und sodafabrik   mannheim, baden",,,,,,,,,
baskin-robbins,,,,"1945  77 years ago  1945   as burton's ice cream shop  glendale, california, u.s.",,,,,,,,,
bata corporation,lausanne,,,21 september 1894  128 years ago  1894-09-21  in austria-hungary  now the czech republic ,,,,,,,,,
bath & body works,columbus,,,"1990  32 years ago  1990  new albany, ohio, u.s.",,,,,,,,,
baidu,columbus,,,"january 1, 2000  22 years ago  2000-01-01 ",,,,,,,,,
bayer,leverkusen,,,1 august 1863  159 years ago  1863-08-01 [1],,,,,,,,,
bd company,leverkusen,,,"east rutherford, new jersey  1897  1897  ",,,,,,,,,
beko,istanbul,,,"1955  67 years ago  1955  in istanbul, turkey",,,,,,,,,
bertelsmann,istanbul,,,1 july 1835  187 years ago  1835-07-01 [1],,,,,,,,,
benetton group,istanbul,,,"1965  57 years ago  1965  in ponzano veneto, italy",,,,,,,,,
best buy,"richfield, minnesota",,,"august 22, 1966  56 years ago  1966-08-22  in st. paul, minnesota, united states",,,,,,,,,
bharti airtel,nelson mandela road,,,7 july 1995  27 years ago  1995-07-07 [1],,,,,,,,,
bharti enterprises,nelson mandela road,,,1976  46 years ago  1976 ,,,,,,,,,
bihl,nelson mandela road,,,1976  46 years ago  1976 ,,,,,,,,,
billabong clothing,"burleigh heads, queensland",,,"1973  49 years ago  1973  in gold coast, queensland, australia",,,,,,,,,
blackdecker,"burleigh heads, queensland",,,"september 1910  112 years ago  1910-09   as  the black & decker manufacturing company   in baltimore, maryland,  u.s.a. ",,,,,,,,,
blackrock,"burleigh heads, queensland",,,1988  34 years ago  1988 ,,,,,,,,,
bmw,"burleigh heads, queensland",,,7 march 1916  106 years ago  1916-03-07   as bayerische flugzeugwerke ,,,,,,,,,
bbk electronics,"burleigh heads, queensland",,,18 september 1995  27 years ago  1995-09-18 ,,,,,,,,,
bbc,broadcasting house,,,18 october 1922  100 years ago  1922-10-18   as british broadcasting company  1 january 1927  95 years ago  1927-01-01   as british broadcasting corporation ,,,,,,,,,
bnp paribas,boulevard des italiens,,,"1848  174 years ago  1848   comptoir national d'escompte de paris, predecessor of bnp  1872  banque de paris et des pays-bas, later called paribas  2000  as bnp paribas ",,,,,,,,,
bose corporation,"framingham, massachusetts",,,1964  58 years ago  1964 ,,,,,,,,,
boeing,boeing building,,,"july 15, 1916  106 years ago  1916-07-15   as pacific aero products co.  seattle, washington, u.s.",,,,,,,,,
bombardier inc,boeing building,,,"valcourt, quebec, canada july 10, 1942  80 years ago  1942-07-10 ",,,,,,,,,
books-a-million,"birmingham, alabama",,,"1917  105 years ago  1917  in florence, alabama",,,,,,,,,
bouygues,"birmingham, alabama",,,1952  70 years ago  1952 ,,,,,,,,,
brac organisation,"birmingham, alabama",,,1952  70 years ago  1952 ,,,,,,,,,
braun company,"birmingham, alabama",,,"1921  101 years ago  1921   as braun ag  in frankfurt, germany",,,,,,,,,
bridgestone,"birmingham, alabama",,,"1 march 1931  91 years ago  1931-03-01  kurume, fukuoka, japan",,,,,,,,,
british airways,london,,,25 august 1919  103 years ago  1919-08-25   as aircraft transport and travel limited  31 march 1974  48 years ago  1974-03-31   as british airways ,,,,,,,,,
bp,london,,,"14 april 1909  1909-04-14   as the anglo-persian oil company  10 january 1870  1870-01-10   as standard oil, which partially broke up into standard oil of ohio, arco, and amoco which all merged into bp  16 december 1954  68 years ago  1954-12-16   as british petroleum ",,,,,,,,,
burberry,london,,,"1856  166 years ago  1856  in basingstoke, england",,,,,,,,,
bt group,london,,,18 june 1846  176 years ago  1846-06-18   foundation of the electric telegraph company  1 january 1912  110 years ago  1912-01-01   national telephone company system take-over under the general post office  1 october 1969  53 years ago  1969-10-01   as a public corporation under the post office  1 october 1981  41 years ago  1981-10-01   as a public corporation under the british telecom brand  1 april 1984  38 years ago  1984-04-01   as a private company ,,,,,,,,,
bytedance,london,,,13 march 2012  10 years ago  2012-03-13 ,,,,,,,,,
byd auto,london,,,2003  19 years ago  2003 ,,,,,,,,,
cadbury,buckinghamshire,,,"1824  198 years ago   1824  in birmingham, england",,,,,,,,,
capcom,ch  -ku,,,30 may 1979  43 years ago  1979-05-30 [1],,,,,,,,,
canon inc,ch  -ku,,,"10 august 1937  85 years ago  1937-08-10   as seikik gaku kenky sho  jpn.        , precision optical industry co. ltd.  tokyo, japan",,,,,,,,,
capgemini,ch  -ku,,,1 october 1967  55 years ago  1 october 1967 ,,,,,,,,,
casio,shibuya,,,"april 1946  76 years ago  1946-04   as kashio seisakujo [1] june 1957  65 years ago  1957-06   as casio computer co., ltd. ",,,,,,,,,
capital one,capital one tower,,,"july 21, 1994  28 years ago  july 21, 1994  richmond, virginia, u.s.",,,,,,,,,
cargill,minnetonka,,,1865  157 years ago  1865 ,,,,,,,,,
cargolux,sandweiler,,,4 march 1970  52 years ago  1970-03-04 ,,,,,,,,,
caribbean airlines,piarco,,,19 september 2006  as bwia in 1939 ,,,,,,,,,
carlsberg group,copenhagen,,,1847  175 years ago  1847 ,,,,,,,,,
carrefour,copenhagen,,,1 january 1958  64 years ago  1958-01-01 ,,,,,,,,,
caterpillar inc,"irving, texas",,,"april 15, 1925  97 years ago  1925-04-15  in california, u.s.",,,,,,,,,
celestica,toronto,,,1994 by ibm,,,,,,,,,
celkon,hyderabad,,,2009,,,,,,,,,
cencosud,santiago,,,1960  62 years ago  1960 ,,,,,,,,,
chupa chups,santiago,,,"sant esteve sesrovires, barcelona, spain  1958  64 years ago  1958  ",,,,,,,,,
china mobile,beijing,,,3 september 1997  25 years ago  1997-09-03 [2],,,,,,,,,
changhong,beijing,,,october 1958  64 years ago  1958-10 ,,,,,,,,,
chanel,london,,,1910  112 years ago  1910  in paris[1],,,,,,,,,
chiquita,"fort lauderdale, florida",,,august 1984  as chiquita brands international ,,,,,,,,,
chevron corporation,"san ramon, california",,,"september 10, 1879  143 years ago  1879-09-10  as  pacific coast oil co. ",,,,,,,,,
china merchants bank,"san ramon, california",,,1987  35 years ago  1987 ,,,,,,,,,
china resources,china resources headquarters,,,1938  84 years ago  1938 ,,,,,,,,,
chubb limited,china resources headquarters,,,"1985  37 years ago  1985  in hamilton, bermuda",,,,,,,,,
china international marine containers,shekou,,,14 january 1980,,,,,,,,,
cisco,shekou,,,"december 10, 1984  38 years ago  1984-12-10  in san francisco, california, united states",,,,,,,,,
citigroup,388390 greenwich st.,,,"october 8, 1998  24 years ago  1998-10-08 ",,,,,,,,,
coolpad,"shenzhen, china  general office  cayman islands  registered office  hong kong  second office ",,,29 april 1993  29 years ago  1993-04-29   as yulong computer  2002  as china wireless tech. ,,,,,,,,,
the coca-cola company,"shenzhen, china  general office  cayman islands  registered office  hong kong  second office ",,,"january 29, 1892  130 years ago  1892-01-29  atlanta, georgia, u.s.",,,,,,,,,
the coffee bean & tea leaf,"shenzhen, china  general office  cayman islands  registered office  hong kong  second office ",,,los angeles  1963  59 years ago  1963  ,,,,,,,,,
cognizant,"shenzhen, china  general office  cayman islands  registered office  hong kong  second office ",,,"26 january 1994  28 years ago  1994-01-26  in chennai, tamil nadu, india[1]",,,,,,,,,
colgate-palmolive,park avenue,,,1806  216 years ago  1806 ,,,,,,,,,
comac,park avenue,,,11 may 2008  14 years ago  11 may 2008 ,,,,,,,,,
concentrix,park avenue,,,1983  39 years ago  1983 ,,,,,,,,,
conocophillips,park avenue,,,30 august 2002  20 years ago  2002-08-30   as conocophillips co. [1],,,,,,,,,
copa airlines,panama city,,,21 june 1944,,,,,,,,,
costco,panama city,,,"september 15, 1983  39 years ago  1983-09-15   as costco  seattle, washington, u.s.",,,,,,,,,
coty inc,panama city,,,"1904  118 years ago  1904  in paris, france",,,,,,,,,
creative technology,panama city,,,1 july 1981  41 years ago  1981-07-01 ,,,,,,,,,
credit agricole,panama city,,,5 november 1894  128 years ago  1894-11-05 ,,,,,,,,,
crocs,"broomfield, colorado",,,2002  20 years ago  2002 ,,,,,,,,,
credit suisse,paradeplatz,,,1856  166 years ago  1856 ,,,,,,,,,
cummins,cummins corporate office building,,,1919  103 years ago  1919 ,,,,,,,,,
currys plc,london,,,7 august 2014  8 years ago  2014-08-07 ,,,,,,,,,
cyient,hyderabad,,,1991  31 years ago  1991 ,,,,,,,,,
cyrusone,"dallas, texas",,,july 2000  22 years ago  2000-07 ,,,,,,,,,
d-link,"dallas, texas",,,march 1986  36 years ago  1986-03   as datex systems inc.  1994  as d-link corporation ,,,,,,,,,
dabur,"dallas, texas",,,1884  138 years ago  1884 ,,,,,,,,,
daikin,kita-ku,,,25 october 1924  98 years ago  1924-10-25 ,,,,,,,,,
mercedes-benz group,kita-ku,,,1926  original foundation of daimler-benz  2007  foundation of daimler ag ,,,,,,,,,
dangote group,lagos,,,1981,,,,,,,,,
daihatsu,lagos,,,1 march 1951  71 years ago  1951-03-01 ,,,,,,,,,
da,boulevard haussmann,,,"barcelona, spain  1919  103 years ago  1919  ",,,,,,,,,
dalton maag,boulevard haussmann,,,"london, uk, 1991",,,,,,,,,
joshua darden,boulevard haussmann,,,"london, uk, 1991",,,,,,,,,
decathlon retailer,villeneuve d'ascq,,,1976  46 years ago  1976 ,,,,,,,,,
deepin,villeneuve d'ascq,,,1976  46 years ago  1976 ,,,,,,,,,
dell,villeneuve d'ascq,,,"february 1, 1984  38 years ago  1984-02-01 ",,,,,,,,,
deloitte,london,,,"1845  177 years ago  1845  in london, england",,,,,,,,,
delta air lines,"atlanta, georgia",,,"march 2, 1925  97 years ago  1925-03-02 , as huff daland dusters in macon, georgia",,,,,,,,,
deutsche bank,deutsche bank twin towers,,,10 march 1869  153 years ago  10 march 1869 ,,,,,,,,,
diageo,london,,,1997  25 years ago  1997 ,,,,,,,,,
dine brands,london,,,1958  64 years ago  1958 ,,,,,,,,,
currys plc,london,,,7 august 2014  8 years ago  2014-08-07 ,,,,,,,,,
dow chemical company,"midland, michigan",,,"1897  125 years ago  1897  april 1, 2019  3 years ago  2019-04-01   current iteration ",,,,,,,,,
dollar tree,"burnaby, british columbia",,,"april 27, 1989  33 years ago  april 27, 1989  sumter, south carolina, u.s.",,,,,,,,,
docusign,"burnaby, british columbia",,,2003  19 years ago  2003 ,,,,,,,,,
dole plc,"burnaby, british columbia",,,"june 2, 1851  171 years ago  1851-06-02 [1] kingdom of hawaii",,,,,,,,,
domino's pizza,"ann arbor township, michigan",,,"december 9, 1960  62 years ago  1960-12-09  in ypsilanti, michigan, united states",,,,,,,,,
dude perfect,frisco,,,"march 16, 2009  13 years ago  2009-03-16  texas a&m university college station, texas, u.s.",,,,,,,,,
dupont,"wilmington, delaware",,,"september 1, 2017  5 years ago  2017-09-01   as dowdupont  june 1, 2019  2019-06-01   as dupont ",,,,,,,,,
dxc technology,"wilmington, delaware",,,"april 3, 2017  5 years ago  2017-04-03 ",,,,,,,,,
dyson company,st james power station,,,8 july 1991  31 years ago  1991-07-08   as barleta limited [1],,,,,,,,,
ebay,san jose,,,"september 3, 1995  27 years ago  1995-09-03 ",,,,,,,,,
electronic arts,san jose,,,"may 27, 1982  40 years ago  1982-05-27  in san mateo, california, us",,,,,,,,,
embraer,san jose,,,"august 19, 1969  53 years ago  1969-08-19 ",,,,,,,,,
emerson electric,"ferguson, missouri",,,1890  132 years ago  1890 ,,,,,,,,,
emigre fonts,"ferguson, missouri",,,1984  38 years ago  1984 ,,,,,,,,,
eni,"ferguson, missouri",,,10 february 1953  69 years ago  1953-02-10 ,,,,,,,,,
ericsson,kista,,,"stockholm, sweden  1876  146 years ago  1876  ",,,,,,,,,
the estee lauder companies,general motors building,,,"1946  76 years ago  1946  new york city, new york, u.s.",,,,,,,,,
etisalat by e&,general motors building,,,30 august 1976  46 years ago  1976-08-30 ,,,,,,,,,
eva air,luzhu,,,8 march 1989  33 years ago  1989-03-08 ,,,,,,,,,
evergreen marine corporation,luzhu,,,1968  54 years ago  1968 ,,,,,,,,,
evercore,new york city,,,1995  27 years ago  1995 ,,,,,,,,,
exxonmobil,new york city,,,"august 5, 1882  140 years ago  1882-08-05   as standard oil of new jersey [2]",,,,,,,,,
ezaki glico,new york city,,,"nishi-ku, osaka, japan  11 february 1922  100 years ago  1922-02-11  [1][2]",,,,,,,,,
ernst & young,london,,,1989  33 years ago  1989   through merger of ernst & whinney and arthur young & co.  oldest component from 1849 [2],,,,,,,,,
faber-castell,london,,,1761  261 years ago  1761 ,,,,,,,,,
fairphone,london,,,january 2013  9 years ago  2013-01 ,,,,,,,,,
fast retailing,london,,,"as mens shop ogori shoji march 1949  73 years ago  1949-03  as fast retailing september 1991  31 years ago  1991-09  1963 as ogori shoji co., ltd.  ube, yamaguchi, japan  1991 as fast retailing co., ltd.  name change ",,,,,,,,,
fbt company,bangkok,,,1952  70 years ago  1952 ,,,,,,,,,
fedex,"memphis, tennessee",,,"may 5, 1971  51 years ago  1971-05-05  in little rock, arkansas",,,,,,,,,
ferrero spa,"memphis, tennessee",,,1946  76 years ago  1946 ,,,,,,,,,
fila,"memphis, tennessee",,,"biella, piedmont, italy 1911  111 years ago  1911 ",,,,,,,,,
ficosa,"memphis, tennessee",,,"biella, piedmont, italy 1911  111 years ago  1911 ",,,,,,,,,
fis company,"jacksonville, florida",,,1968  54 years ago  1968 ,,,,,,,,,
font bureau,boston,,,1989,,,,,,,,,
fontshop international,boston,,,"berlin, germany  1990  1990  ",,,,,,,,,
fortinet,boston,,,2000  22 years ago  2000 ,,,,,,,,,
fossil group,richardson,,,1984  38 years ago  1984   as overseas products ,,,,,,,,,
foxconn,richardson,,,"20 february 1974  48 years ago  1974-02-20   as hon hai precision industry co., ltd. ",,,,,,,,,
fpt group,cau giay,,,"september 13, 1988",,,,,,,,,
fujifilm,tokyo midtown,,,"january 20, 1934  88 years ago  1934-01-20 ",,,,,,,,,
fujitsu,tokyo midtown,,,"june 20, 1935  87 years ago  1935-06-20   as fuji telecommunications equipment manufacturing  kawasaki, kanagawa, japan[2]",,,,,,,,,
fujiya,tokyo midtown,,,"june 30, 1938  84 years ago  1938-06-30 ",,,,,,,,,
future group,"mumbai, maharashtra",,,2013  9 years ago  2013 ,,,,,,,,,
gamestop,"mumbai, maharashtra",,,1984  38 years ago  1984 ,,,,,,,,,
gap inc,"mumbai, maharashtra",,,"august 21, 1969  53 years ago  1969-08-21  san francisco, california, u.s.",,,,,,,,,
garmin,"olathe, kansas",,,"october 1989  33 years ago  1989-10   as pronav  in lenexa, kansas, u.s.",,,,,,,,,
gartner,"olathe, kansas",,,"1979  43 years ago  1979  by gideon gartner in stamford, connecticut",,,,,,,,,
gazprom,"olathe, kansas",,,8 august 1989  33 years ago  1989-08-08 ,,,,,,,,,
geeknet,"olathe, kansas",,,november 1993  1993-11 [1],,,,,,,,,
general electric,boston,,,"april 15, 1892  130 years ago  1892-04-15  in schenectady, new york, us",,,,,,,,,
gree electric,boston,,,1991  31 years ago  1991 ,,,,,,,,,
general mills,boston,,,"june 20, 1856  166 years ago  1856-06-20  minneapolis, minnesota, u.s.",,,,,,,,,
general motors,renaissance center,,,"september 16, 1908  114 years ago  1908-09-16 [1]  original company  july 10, 2009  13 years ago  2009-07-10   present company ",,,,,,,,,
assicurazioni generali,renaissance center,,,1831  191 years ago  1831 ,,,,,,,,,
gerdau,porto alegre,,,16 january 1901  121 years ago  16 january 1901 ,,,,,,,,,
giant bicycles,porto alegre,,,"dajia, taichung, taiwan, 1972",,,,,,,,,
globe telecom,porto alegre,,,"manila, philippine islands  1935  87 years ago  1935  ",,,,,,,,,
gungho online entertainment,chiyoda,,,"july 1, 1998  24 years ago  1998-07-01 [1]",,,,,,,,,
guinness,chiyoda,,,"july 1, 1998  24 years ago  1998-07-01 [1]",,,,,,,,,
guess clothing,chiyoda,,,1981  41 years ago  1981 ,,,,,,,,,
gsk plc,london,,,27 december 2000  21 years ago  2000-12-27 ,,,,,,,,,
geely,binjiang district,,,"6 november 1986  36 years ago  1986-11-06 [1] in taizhou, zhejiang",,,,,,,,,
goodyear tire and rubber company,binjiang district,,,"august 29, 1898  124 years ago  1898-08-29  akron, ohio, u.s.",,,,,,,,,
google,1600 amphitheatre parkway,,,"september 4, 1998  24 years ago  1998-09-04 [a] in menlo park, california, united states",,,,,,,,,
godaddy,"tempe, arizona",,,1997  25 years ago  1997   as jomax technologies ,,,,,,,,,
gopro,"tempe, arizona",,,2002  20 years ago  2002 ,,,,,,,,,
harley-davidson,"milwaukee, wisconsin, u.s.",,,1903  119 years ago  1903 ,,,,,,,,,
hermes,rue du faubourg saint-honore,,,1837  185 years ago  1837  in paris,,,,,,,,,
haier,rue du faubourg saint-honore,,,1984  38 years ago  1984 ,,,,,,,,,
harrods,brompton road,,,1849  173 years ago  1849 ,,,,,,,,,
haribo,brompton road,,,13 december 1920  102 years ago  1920-12-13 ,,,,,,,,,
hard rock cafe,davie,,,"14 june 1971  51 years ago  1971-06-14  london, england",,,,,,,,,
halliburton,"houston, texas",,,"1919  103 years ago  1919 , in duncan, oklahoma, u.s.",,,,,,,,,
hankook tire,bundang-gu,,,10 may 1941  81 years ago  1941-05-10   as the chosun tire company ,,,,,,,,,
house foods,bundang-gu,,,"november 11, 1913  109 years ago  1913-11-11  as urakami shoten",,,,,,,,,
hartwall,bundang-gu,,,"november 11, 1913  109 years ago  1913-11-11  as urakami shoten",,,,,,,,,
h&m,bundang-gu,,,"1947  75 years ago  1947   as hennes  vasteras, sweden",,,,,,,,,
hasbro,bundang-gu,,,1923  99 years ago  1923 ,,,,,,,,,
hearst communications,hearst tower,,,"march 4, 1887  135 years ago  1887-03-04  san francisco, california, united states",,,,,,,,,
henkel,dusseldorf,,,1876  146 years ago  1876 ,,,,,,,,,
hewlett packard enterprise,dusseldorf,,,"november 1, 2015  7 years ago  2015-11-01  in san jose, california",,,,,,,,,
hilti,schaan,,,1941,,,,,,,,,
hisamitsu pharmaceutical,"tosu, saga",,,1847  175 years ago  1847 ,,,,,,,,,
hitachi,"tosu, saga",,,"1910  112 years ago  1910  hitachi, ibaraki, japan",,,,,,,,,
honda,"tosu, saga",,,"hamamatsu, japan  october 1946  1946-10 , incorporated 24 september 1948  74 years ago  1948-09-24  ",,,,,,,,,
honeywell,"charlotte, north carolina, u.s.",,,"1906  116 years ago  1906  wabash, indiana",,,,,,,,,
hp inc,"charlotte, north carolina, u.s.",,,"january 1, 1939  83 years ago  1939-01-01   as hewlett-packard  november 1, 2015  7 years ago  2015-11-01 [1]  as hp inc. ",,,,,,,,,
hsbc,8 canada square,,,"first established on 3 march 1865  157 years ago  1865-03-03  in british hong kong[1]  as the hongkong and shanghai bank  first incorporated on 14 august 1866  156 years ago  1866-08-14 [2]  as the hongkong and shanghai banking corporation  25 march 1991  31 years ago  1991-03-25 [1][3] in london  as hsbc holdings plc, as parent holding company to the entity in hong kong now as a subsidiary ",,,,,,,,,
htc,8 canada square,,,15 may 1997  25 years ago  1997-05-15 ,,,,,,,,,
huayi brothers,8 canada square,,,1994  28 years ago  1994 ,,,,,,,,,
huawei,8 canada square,,,15 september 1987  35 years ago  1987-09-15 ,,,,,,,,,
huntington bancshares,"columbus, ohio",,,"1866  156 years ago  1866  as p. w. huntington & company in columbus, ohio",,,,,,,,,
huntington ingalls industries,"columbus, ohio",,,"march 31, 2011  11 years ago  2011-03-31 ",,,,,,,,,
huntsman corporation,"the woodlands, texas, u.s.",,,1970  52 years ago  1970 ,,,,,,,,,
hytera,shenzhen,,,1993,,,,,,,,,
hmd global,espoo,,,1 december 2016  6 years ago  2016-12-01 ,,,,,,,,,
hyundai motor company,espoo,,,29 december 1967  54 years ago  1967-12-29 ,,,,,,,,,
ibm,espoo,,,"june 16, 1911  111 years ago  1911-06-16   as computing-tabulating-recording company  endicott, new york, u.s.[1]",,,,,,,,,
nex group,espoo,,,1999  23 years ago  1999 ,,,,,,,,,
icici bank,espoo,,,5 january 1994  28 years ago  1994-01-05 ,,,,,,,,,
ijm corporation,espoo,,,1983,,,,,,,,,
indeed,"austin, texas",,,november 2004  18 years ago  2004-11 ,,,,,,,,,
intracom holdings,"austin, texas",,,1977,,,,,,,,,
ikea,,,,28 july 1943  79 years ago  1943-07-28 [1] in sweden,,,,,,,,,
illinois tool works,"glenview, illinois",,,1912  110 years ago  1912 ,,,,,,,,,
infosys,"glenview, illinois",,,2 july 1981  41 years ago  2 july 1981 ,,,,,,,,,
ing group,amsterdam,,,1991 through merger[1]  est. 1743 as kooger doodenbos ,,,,,,,,,
ingersoll rand,amsterdam,,,1859,,,,,,,,,
intel,amsterdam,,,"july 18, 1968  54 years ago  1968-07-18 ",,,,,,,,,
intesa sanpaolo,grattacielo intesa sanpaolo,,,2007  15 years ago  2007   merger  1583  439 years ago  1583  as istituto bancario san paolo di torino,,,,,,,,,
isuzu,grattacielo intesa sanpaolo,,,30 march 1934  88 years ago  1934-03-30   as isuzu ,,,,,,,,,
jelly belly,"fairfield, california",,,"1869  153 years ago  1869  in belleville, illinois, u.s.",,,,,,,,,
jim beam,"fairfield, california",,,"1869  153 years ago  1869  in belleville, illinois, u.s.",,,,,,,,,
the jm smucker company,"fairfield, california",,,"1897  125 years ago  1897  in orrville, ohio, u.s.",,,,,,,,,
jardine matheson,jardine house,,,1 july 1832  190 years ago  1 july 1832 [1],,,,,,,,,
jg summit holdings,robinsons equitable tower,,,1990  32 years ago  1990 ,,,,,,,,,
johnnie walker,robinsons equitable tower,,,1990  32 years ago  1990 ,,,,,,,,,
johnson & johnson,"new brunswick, new jersey",,,"january 1886  136 years ago  1886-01  in new brunswick, new jersey, united states",,,,,,,,,
jollibee foods corporation,ortigas center,,,"quezon city, philippines  january 1978  44 years ago  1978-01  [note 1]",,,,,,,,,
jpmorgan chase,383 madison avenue,,,"december 1, 2000  22 years ago  2000-12-01 ",,,,,,,,,
jvckenwood,383 madison avenue,,,"october 1, 2008  14 years ago  2008-10-01   as a merger between kenwood corporation and victor company of japan, ltd ",,,,,,,,,
jxd,383 madison avenue,,,"october 1, 2008  14 years ago  2008-10-01   as a merger between kenwood corporation and victor company of japan, ltd ",,,,,,,,,
kbc group,brussels,,,"1935  87 years ago  1935   kredietbank , present name  kbc group  dates from 2005",,,,,,,,,
kawasaki heavy industries,ch  ,,,15 october 1896  126 years ago  1896-10-15 ,,,,,,,,,
kappa brand,ch  ,,,1978  44 years ago  1978 ,,,,,,,,,
kellogg's,ch  ,,,"february 19, 1906  116 years ago  1906-02-19   as battle creek toasted corn flake company  battle creek, michigan, u.s.",,,,,,,,,
kikkoman,ch  ,,,"1603  419 years ago  1603   oldest establishment [1] december 7, 1917  105 years ago  1917-12-07   incorporated ",,,,,,,,,
kirin company,ch  ,,,1888  134 years ago  1888 ,,,,,,,,,
kimberly-clark,irving,,,"1872  150 years ago  1872  neenah, wisconsin, u.s.",,,,,,,,,
kingston technology,irving,,,"1987  35 years ago  1987  in fountain valley, california, united states",,,,,,,,,
klim type foundry,irving,,,"1987  35 years ago  1987  in fountain valley, california, united states",,,,,,,,,
knorr brand,irving,,,"1987  35 years ago  1987  in fountain valley, california, united states",,,,,,,,,
komatsu limited,tokyo,,,"may 13, 1921  101 years ago  1921-05-13 ",,,,,,,,,
konami,tokyo,,,21 march 1969  53 years ago  1969-03-21 ,,,,,,,,,
korg,inagi,,,1962  60 years ago  1962   as keio electronic laboratories ,,,,,,,,,
keumyoung group,seoul,,,"1983  39 years ago in busan, south korea",,,,,,,,,
kpmg,,,,"1987  35 years ago  1987   merger of peat marwick international and klynveld main goerdeler  1979  1979   kmg  1925  1925   peat marwick  1897  1897   marwick, mitchell & company  1818  1818   grace, darbyshire, & todd [1]",,,,,,,,,
kraft heinz,,,,"july 2, 2015  7 years ago  2015-07-02 ",,,,,,,,,
lactalis,,,,19 october 1933  89 years ago  1933-10-19 ,,,,,,,,,
lam research,"fremont, california",,,1980  42 years ago  1980 ,,,,,,,,,
lagardere group,paris,,,1992  30 years ago  1992 ,,,,,,,,,
larsen & toubro,ballard estate,,,"7 february 1946  76 years ago  7 february 1946 [1] bombay, bombay presidency, british india  present-day mumbai, maharashtra, india ",,,,,,,,,
latam airlines group,santiago,,,22 june 2012  10 years ago  2012-06-22 ,,,,,,,,,
lazada,santiago,,,"march 27, 2012  10 years ago  2012-03-27 ",,,,,,,,,
levi strauss & co,san francisco,,,"may 1, 1853  169 years ago  1853-05-01   as david stern & levi strauss ",,,,,,,,,
lear corporation,san francisco,,,"detroit, michigan  1917  1917  ",,,,,,,,,
lindt,san francisco,,,1845  177 years ago   1845 ,,,,,,,,,
lenovo,"hong kong, china[1]  registered office  beijing, china[2][3]  operational headquarters  lorong chuan, singapore[4]  operational centre  morrisville, north carolina, united states[5]  operational headquarters ",,,1 november 1984  38 years ago  1984-11-01   as legend     beijing,,,,,,,,,
leeco,"hong kong, china[1]  registered office  beijing, china[2][3]  operational headquarters  lorong chuan, singapore[4]  operational centre  morrisville, north carolina, united states[5]  operational headquarters ",,,8 september 2011  11 years ago  2011-09-08 ,,,,,,,,,
leonardo spa,rome,,,1948  74 years ago  1948 ,,,,,,,,,
leoni ag,nuremberg,,,1917  105 years ago  1917 ,,,,,,,,,
lexmark,lexington,,,"march 27, 1991  31 years ago  march 27, 1991 ",,,,,,,,,
lg electronics,yeouido-dong,,,october 1958  64 years ago  1958-10   as goldstar  march 1995  1995-03   as lg electronics  re-incorporated in 2002 ,,,,,,,,,
linde plc,dublin,,,21 june 1879  143 years ago  1879-06-21 ,,,,,,,,,
linpus linux,dublin,,,21 june 1879  143 years ago  1879-06-21 ,,,,,,,,,
lionbridge,"waltham, massachusetts",,,"waltham, massachusetts, us  1996 ",,,,,,,,,
liugong,"waltham, massachusetts",,,1958,,,,,,,,,
lockheed martin,"bethesda, maryland",,,"march 15, 1995  27 years ago  1995-03-15 ",,,,,,,,,
l'oreal,"bethesda, maryland",,,30 july 1909  113 years ago  1909-07-30 ,,,,,,,,,
lotte corporation,songpa district,,,"march 24, 1967  55 years ago  1967-03-24 ",,,,,,,,,
louisa coffee,songpa district,,,2006,,,,,,,,,
lufthansa,cologne,,,6 january 1953  69 years ago  1953-01-06 [note 1],,,,,,,,,
lukoil,cologne,,,25 november 1991  31 years ago  1991-11-25 ,,,,,,,,,
lupin limited,cologne,,,1968  54 years ago  1968 [1],,,,,,,,,
luxgen,miaoli county,,,2009,,,,,,,,,
luxottica,miaoli county,,,"1961  61 years ago  1961   agordo, italy ",,,,,,,,,
lyondellbasell,miaoli county,,,2007  15 years ago  2007 ,,,,,,,,,
mg cars,miaoli county,,,21 july 1930  92 years ago  1930-07-21 ,,,,,,,,,
macy's,miaoli county,,,"october 28, 1858  164 years ago  1858-10-28  in new york, new york, u.s.",,,,,,,,,
mahingroup,mumbai,,,2 october 1945  77 years ago  1945-10-02 ,,,,,,,,,
mars incorporated,,,,"1911  111 years ago  1911  tacoma, washington",,,,,,,,,
maton,,,,1946  76 years ago  1946 ,,,,,,,,,
marshall amplification,,,,"london, england  1962  60 years ago  1962  [1]",,,,,,,,,
mark simonson,,,,"london, england  1962  60 years ago  1962  [1]",,,,,,,,,
martini & rossi,,,,"turin, italy  1863 ",,,,,,,,,
maersk,copenhagen,,,16 april 1904  118 years ago  1904-04-16 ,,,,,,,,,
mama sita's holding company,san juan,,,1980  as marigold commodities corporation ,,,,,,,,,
mamee double-decker,"ayer keroh, malacca",,,1971  51 years ago  1971 ,,,,,,,,,
mattel,,,,"january 1945  77 years ago  1945-01  los angeles, california, u.s.",,,,,,,,,
maxxis,yuanlin,,,"january 1, 1967  55 years ago  1967-01-01 ",,,,,,,,,
mccain foods,yuanlin,,,"florenceville, new brunswick, canada  1957 ",,,,,,,,,
mcdonald's,yuanlin,,,"may 15, 1940  82 years ago  1940-05-15  in san bernardino, california",,,,,,,,,
mediatek,yuanlin,,,28 may 1997  25 years ago  1997-05-28 ,,,,,,,,,
meiji holdings,yuanlin,,,"april 1, 2009  2009-04-01 ",,,,,,,,,
meitu,yuanlin,,,2008  14 years ago  2008 ,,,,,,,,,
meizu,yuanlin,,,2003  19 years ago  2003 ,,,,,,,,,
melstacorp,yuanlin,,,2003  19 years ago  2003 ,,,,,,,,,
mercedes-benz,yuanlin,,,november 2019  3 years ago  2019-11 ,,,,,,,,,
meta platforms,"menlo park, california",,,"january 4, 2004  18 years ago  2004-01-04  in cambridge, massachusetts, u.s.",,,,,,,,,
michaels,irving,,,1973  49 years ago  1973 [1],,,,,,,,,
michelin,irving,,,28 may 1889  133 years ago  1889-05-28 ,,,,,,,,,
micro-star international,zhonghe,,,4 august 1986  36 years ago  1986-08-04 ,,,,,,,,,
micromax informatics,zhonghe,,,29 march 2000  22 years ago  29 march 2000 [1],,,,,,,,,
microsoft,one microsoft way,,,"april 4, 1975  47 years ago  1975-04-04  in albuquerque, new mexico, u.s.",,,,,,,,,
mizuno,suminoe,,,"april 1, 1906  116 years ago  1906-04-01  [1]",,,,,,,,,
merck millipore,suminoe,,,"merck   1668  merck kgaa, darmstadt, germany ",,,,,,,,,
miniso,suminoe,,,"merck   1668  merck kgaa, darmstadt, germany ",,,,,,,,,
mindtree,global village tech park,,,18 august 1999  23 years ago  1999-08-18 ,,,,,,,,,
mitsubishi electric,tokyo building,,,"january 15, 1921  101 years ago  1921-01-15  tokyo, japan",,,,,,,,,
mobil,tokyo building,,,1911  111 years ago  1911   as  standard oil company of new york  ,,,,,,,,,
monotype imaging,tokyo building,,,"1887  135 years ago  1887   as lanston monotype machine company  philadelphia, pennsylvania, u.s.",,,,,,,,,
monotype imaging,tokyo building,,,"1887  135 years ago  1887   as lanston monotype machine company  philadelphia, pennsylvania, u.s.",,,,,,,,,
morinaga & company,tokyo building,,,"august 15, 1899  123 years ago  1899-08-15  as morinagas western confectionary shop",,,,,,,,,
mustek systems,hsinchu,,,october 1988  34 years ago  1988-10 ,,,,,,,,,
nando's,hsinchu,,,"1987  35 years ago  1987 , johannesburg, gauteng, south africa",,,,,,,,,
bandai namco holdings,"minato, tokyo",,,"september 29, 2005  17 years ago  2005-09-29 ",,,,,,,,,
nbcuniversal,30 rockefeller plaza,,,"august 2, 2004  18 years ago  august 2, 2004 ",,,,,,,,,
new balance,"boston, massachusetts",,,1906  116 years ago  1906 ,,,,,,,,,
newell brands,"boston, massachusetts",,,"1903  119 years ago  1903  ogdensburg, new york, u.s.",,,,,,,,,
nestle,vevey,,,1866  156 years ago  1866   for the anglo-swiss condensed milk company branch ,,,,,,,,,
nec,vevey,,,"17 july 1899  123 years ago  1899-07-17  tokyo, japan",,,,,,,,,
netapp,vevey,,,1992  30 years ago  1992 ,,,,,,,,,
nike inc,"beaverton, oregon",,,"january 25, 1964  58 years ago  1964-01-25 ",,,,,,,,,
nivea,"beaverton, oregon",,,"january 25, 1964  58 years ago  1964-01-25 ",,,,,,,,,
nikon,"minato, tokyo",,,"july 25, 1917  105 years ago  1917-07-25  tokyo city, empire of japan",,,,,,,,,
nintendo,"minami-ku, kyoto",,,"23 september 1889  133 years ago  1889-09-23  in shimogy -ku, kyoto, japan",,,,,,,,,
nissan,"minami-ku, kyoto",,,26 december 1933  88 years ago  1933-12-26   under nissan group [1][2],,,,,,,,,
nokia,"minami-ku, kyoto",,,"12 may 1865  157 years ago  1865-05-12  in tampere, grand duchy of finland, russian empire",,,,,,,,,
norsk hydro,oslo,,,1905,,,,,,,,,
novartis,,,,march 1996  26 years ago  1996-03   from merger ,,,,,,,,,
novo nordisk,bagsvrd,,,"december 21, 1923  98 years ago  1923-12-21 ",,,,,,,,,
olympus corporation,bagsvrd,,,"12 october 1919  103 years ago  1919-10-12   as takachiho seisakusho  shinjuku, tokyo, japan",,,,,,,,,
oknoplast,bagsvrd,,,1994,,,,,,,,,
ooredoo,bagsvrd,,,1987  35 years ago  1987 ,,,,,,,,,
otobi,dhaka,,,1975,,,,,,,,,
officemax,,,,"april 1, 1988  34 years ago  1988-04-01  cleveland, ohio, u.s.",,,,,,,,,
oracle corporation,,,,"june 16, 1977  45 years ago  1977-06-16  santa clara, california, u.s.[1]",,,,,,,,,
orange sa,issy-les-moulineaux,,,1 january 1988  34 years ago  1988-01-01   as france telecom  1 july 2013  9 years ago  2013-07-01   as orange ,,,,,,,,,
ornua,dublin,,,1961  61 years ago  1961 ,,,,,,,,,
pandora jewelry,dublin,,,1982  40 years ago  1982 ,,,,,,,,,
panasonic,"kadoma, osaka",,,"march 7, 1918  104 years ago  1918-03-07 [2] osaka, japan",,,,,,,,,
paper mate,oak brook,,,1940  82 years ago  1940   as  the frawley pen company  [2],,,,,,,,,
paramount global,one astor plaza,,,"december 4, 2019  3 years ago  2019-12-04 ",,,,,,,,,
parrot sa,one astor plaza,,,"1994  28 years ago  1994  in paris, france",,,,,,,,,
puma brand,herzogenaurach,,,1948  74 years ago  1948 ,,,,,,,,,
pepper lunch,tokyo,,,1994  28 years ago  1994 ,,,,,,,,,
pepsico,"harrison, new york",,,"august 28, 1898  124 years ago  1898-08-28  new bern, north carolina, united states",,,,,,,,,
perficient,"st. louis, missouri",,,1997,,,,,,,,,
petronas,petronas towers,,,17 august 1974  48 years ago  1974-08-17 [1],,,,,,,,,
pernod ricard,petronas towers,,,1975  47 years ago  1975 ,,,,,,,,,
penguin random house,random house tower,,,"july 1, 2013  9 years ago  2013-07-01 ",,,,,,,,,
petrovietnam,random house tower,,,1977  1977 ,,,,,,,,,
pfizer,new york city,,,1849  173 years ago  1849  in new york city,,,,,,,,,
philips,amsterdam,,,"15 may 1891  131 years ago  1891-05-15  eindhoven, netherlands",,,,,,,,,
ping an bank,amsterdam,,,22 june 1995  1995-06-22   ping an bank  22 december 1987  1987-12-22   s.z. dev. bank  2012  merger ,,,,,,,,,
ping an insurance,amsterdam,,,1988  34 years ago  1988 ,,,,,,,,,
pioneer corporation,bunky ,,,"1 january 1938  84 years ago  1938-01-01  in tokyo, japan",,,,,,,,,
pirelli,bunky ,,,"1872  150 years ago  1872  milan, italy",,,,,,,,,
pilot pen company,bunky ,,,1918  104 years ago  1918  as  namiki manufacturing company ,,,,,,,,,
playmobil,bunky ,,,1918  104 years ago  1918  as  namiki manufacturing company ,,,,,,,,,
pladis,london,,,2016  6 years ago  2016 ,,,,,,,,,
pldt,london,,,"manila, philippine islands  november 28, 1928  94 years ago  1928-11-28  ",,,,,,,,,
pollo campero,"dallas, texas",,,"1971  51 years ago  1971 , in guatemala[1]",,,,,,,,,
procter & gamble,"dallas, texas",,,"october 31, 1837  185 years ago  1837-10-31 ",,,,,,,,,
proton holdings,"dallas, texas",,,9 july 1985  37 years ago  9 july 1985 ,,,,,,,,,
prada,,,,1913  109 years ago  1913   as fratelli prada ,,,,,,,,,
prudential financial,,,,"1875  147 years ago  1875  newark, new jersey, u.s.",,,,,,,,,
pvh corp,,,,1881  141 years ago  1881 ,,,,,,,,,
pwc,london,,,1998  pricewaterhousecoopers  1849  price waterhouse  1854  coopers & lybrand [1],,,,,,,,,
qnb group,london,,,"june 6, 1964  1964 -06-06  as qatar national bank[1]",,,,,,,,,
qantas,"mascot, new south wales",,,"16 november 1920  102 years ago  1920-11-16  winton, queensland, australia",,,,,,,,,
qualcomm,"mascot, new south wales",,,july 1985  37 years ago  1985-07 ,,,,,,,,,
qatarenergy,"mascot, new south wales",,,1974,,,,,,,,,
rabobank,rabotoren,,,1895  1895 ,,,,,,,,,
ranpak,rabotoren,,,"1972  50 years ago  1972  in painesville, ohio, united states",,,,,,,,,
reckitt,slough,,,1814  208 years ago  1814   j&j colman  1823  199 years ago  1823   benckiser  1840  182 years ago  1840   reckitt & sons  1938  84 years ago  1938   merger of reckitt & sons and j&j colman  1999  23 years ago  1999   merger of reckitt & colman and benckiser ,,,,,,,,,
recruit company,slough,,,1960  62 years ago  1960 [1],,,,,,,,,
red bull,slough,,,1960  62 years ago  1960 [1],,,,,,,,,
iwg plc,,,,"1989, brussels, belgium",,,,,,,,,
reliance industries,,,,8 may 1973  49 years ago  8 may 1973 ,,,,,,,,,
renault,,,,25 february 1899  123 years ago  1899-02-25 ,,,,,,,,,
repsol,repsol campus,,,1987  35 years ago  1987 ,,,,,,,,,
ricoh,"ota, tokyo",,,"february 6, 1936  86 years ago  1936-02-06 ",,,,,,,,,
robert bosch gmbh,gerlingen,,,15 november 1886  136 years ago  1886-11-15 ,,,,,,,,,
roland corporation,gerlingen,,,"18 april 1972  50 years ago  1972-04-18  osaka, japan",,,,,,,,,
rohde & schwarz,munich,,,17 november 1933,,,,,,,,,
royal bank of canada,montreal,,,"1864  158 years ago  1864 [1] in halifax, nova scotia",,,,,,,,,
shell plc,shell centre,,,"april 1907  115 years ago  1907-04   original amalgamation  20 july 2005  17 years ago  2005-07-20  in shell centre, london  current entity ",,,,,,,,,
rpg group,worli,,,"calcutta, india 1820  202 years ago  1820 ",,,,,,,,,
rusal,moscow,,,2007,,,,,,,,,
ssangyong motor,pyeongtaek,,,4 march 1954  68 years ago  1954-03-04 [1],,,,,,,,,
saab ab,stockholm,,,"1937 in trollhattan, sweden",,,,,,,,,
saks fifth avenue,stockholm,,,1867  155 years ago   1867 ,,,,,,,,,
samsung electronics,samsung digital city,,,"13 january 1969  53 years ago  1969-01-13  in suwon, south korea",,,,,,,,,
samsonite,luxembourg city,,,10 march 1910  112 years ago  1910-03-10 ,,,,,,,,,
newell custom writing instruments,luxembourg city,,,1857  165 years ago  1857 ,,,,,,,,,
san miguel corporation,san miguel avenue,,," september 29, 1890  132 years ago  1890-09-29   in manila, philippines",,,,,,,,,
sandisk,san miguel avenue,,,1988  34 years ago  1988 ,,,,,,,,,
sandvik,stockholm,,,1862  160 years ago  1862 ,,,,,,,,,
sanrio,stockholm,,,10 august 1960  62 years ago  1960-08-10   as yamanashi silk company ,,,,,,,,,
sanofi,paris,,,1973  49 years ago  1973 ,,,,,,,,,
saudi aramco,dhahran,,,29 may 1933  89 years ago  29 may 1933 ,,,,,,,,,
sap,dhahran,,,"weinheim, germany  1972  50 years ago  1972  ",,,,,,,,,
publicis sapient,dhahran,,,1990,,,,,,,,,
sas group,sas frosundavik office building,,,"1946  76 years ago  1946 , merger of aba  1924 , ddl  1918 , and dnl  1927 ",,,,,,,,,
sasken technologies,"bangalore, karnataka",,,1989  33 years ago  1989 ,,,,,,,,,
sasol,"bangalore, karnataka",,,1950  1950 ,,,,,,,,,
schlumberger,,,,"1926  96 years ago  1926   as electric prospecting company  paris, france",,,,,,,,,
schwan-stabilo,heroldsberg,,,1855  167 years ago  1855 ,,,,,,,,,
schneider electric,rueil-malmaison,,,1836  186 years ago  1836   as schneider & cie ,,,,,,,,,
schindler group,rueil-malmaison,,,1874  148 years ago  1874 ,,,,,,,,,
schleich,rueil-malmaison,,,1935  87 years ago  1935 ,,,,,,,,,
scotiabank,"toronto, ontario, canada[1]",,,"march 30, 1832  190 years ago  1832-03-30  halifax, nova scotia",,,,,,,,,
scholastic corporation,scholastic building,,,"october 22, 1920  102 years ago  1920-10-22  wilkinsburg, pennsylvania, us",,,,,,,,,
seiko,ginza,,,"1881  141 years ago  1881  in ch  , tokyo, japan",,,,,,,,,
sears,ginza,,,"1892  130 years ago  1892  chicago, illinois, u.s.",,,,,,,,,
sennheiser,wedemark,,,1 june 1945  77 years ago  1 june 1945   as labor w ,,,,,,,,,
sphero,"boulder, colorado",,,2010  12 years ago  2010 ,,,,,,,,,
spin master,"225 king street w., suite 200",,,"march 26, 1994  28 years ago  1994-03-26 ",,,,,,,,,
serta company,"225 king street w., suite 200",,,1931  91 years ago  1931 ,,,,,,,,,
seagate technology,"fremont, california",,,"november 1, 1979  43 years ago  1979-11-01   as shugart technology ",,,,,,,,,
sega sammy holdings,tokyo,,,"october 1, 2004  18 years ago  2004-10-01 ",,,,,,,,,
sealy corporation,tokyo,,,"1881  141 years ago  1881  in sealy, texas, u.s.",,,,,,,,,
servcorp,sydney,,,1978,,,,,,,,,
severstal,cherepovets,,,1993,,,,,,,,,
sf express,cherepovets,,,1993  1993 ,,,,,,,,,
sgs sa,geneva,,,1878,,,,,,,,,
shenzhen airlines,shenzhen bao'an international airport,,,november 1992  30 years ago  1992-11 ,,,,,,,,,
shiseido,shenzhen bao'an international airport,,,1872  150 years ago  1872 ,,,,,,,,,
shopee,shenzhen bao'an international airport,,,"5 february 2015  7 years ago  2015-02-05  queenstown, singapore",,,,,,,,,
siemens,munich,,,"1 october 1847  175 years ago  1847-10-01  berlin, kingdom of prussia",,,,,,,,,
sime darby property,munich,,,2007  15 years ago  2007 ,,,,,,,,,
silkroad technology,munich,,,"winston-salem, north carolina, us  2003 ",,,,,,,,,
singtel,munich,,,1879  143 years ago  1879   as private telephone exchange  28 march 1992  30 years ago  1992-03-28   as singapore telecom  [1],,,,,,,,,
sinopec,chaoyang district,,,"beijing, china  25 february 2000  22 years ago  25 february 2000  ",,,,,,,,,
bic company,chaoyang district,,,25 october 1945  77 years ago  1945-10-25 ,,,,,,,,,
snapchat,chaoyang district,,,25 october 1945  77 years ago  1945-10-25 ,,,,,,,,,
the pinkfong company,seocho-dong,,,june 2010  12 years ago  2010-06 ,,,,,,,,,
sm investments,mall of asia complex,,,"1958  64 years ago  1958  in manila, philippines[1]",,,,,,,,,
societe generale,boulevard haussmann,,,"may 4, 1864  158 years ago  1864-05-04 ",,,,,,,,,
sogou,beijing,,,9 august 2010  12 years ago  2010-08-09 ,,,,,,,,,
sk group,seoul,,,8 april 1953  69 years ago  1953-04-08 ,,,,,,,,,
skullcandy,"park city, utah",,,2003,,,,,,,,,
skype,"park city, utah",,,2003,,,,,,,,,
koda transportation,plze ,,,1995,,,,,,,,,
solaris bus & coach,bolechowo,,,1999,,,,,,,,,
sony,"minato, tokyo",,,"7 may 1946  76 years ago  1946-05-07  nihonbashi, ch  , tokyo, japan[2]",,,,,,,,,
softbank group,"minato-ku, tokyo",,,3 september 1981  41 years ago  1981-09-03 ,,,,,,,,,
southwest airlines,"dallas, texas",,,"march 15, 1967  55 years ago  1967-03-15   as air southwest ",,,,,,,,,
square enix,shinjuku,,,"april 1, 2003  19 years ago  2003-04-01 [1][a]",,,,,,,,,
staedtler,shinjuku,,,3 october 1835  187 years ago  1835-10-03 ,,,,,,,,,
standard chartered,london,,,"as chartered bank of india, australia, and china on 29 december 1853  168 years ago  1853-12-29  as standard chartered on 18 november 1969  53 years ago  1969-11-18 ",,,,,,,,,
starbucks,london,,,"march 30, 1971  51 years ago  1971-03-30  pike place market, elliott bay, seattle, washington, u.s.",,,,,,,,,
state bank of india,nariman point,,,1 july 1955  67 years ago  1955-07-01  state bank of india 27 january 1921  1921-01-27  imperial bank of india 2 june 1806  1806-06-02  bank of calcutta 15 april 1840  1840-04-15  bank of bombay 1 july 1843  1843-07-01  bank of madras,,,,,,,,,
safeway,"pleasanton, california",,,"april 1915  107 years ago   1915-04  in american falls, idaho, u.s.",,,,,,,,,
subway restaurant,"pleasanton, california",,,"august 28, 1965  57 years ago  1965-08-28  in bridgeport, connecticut, u.s.",,,,,,,,,
stellantis,"pleasanton, california",,,16 january 2021  23 months ago  2021-01-16 ,,,,,,,,,
suntory,"pleasanton, california",,,"osaka, japan 1899  123 years ago  1899 ",,,,,,,,,
suzuki,"pleasanton, california",,,october 1909  113 years ago  1909-10   as suzuki loom works ,,,,,,,,,
swarovski,wattens,,,"1895  127 years ago  1895   as a. kosmann, d. swarovski & co. ",,,,,,,,,
swinkels family brewers,wattens,,,before 1680,,,,,,,,,
taco maker,wattens,,,before 1680,,,,,,,,,
taiwan beer,wattens,,,before 1680,,,,,,,,,
take-two interactive,wattens,,,"september 30, 1993  29 years ago  1993-09-30 ",,,,,,,,,
tapestry inc,10 hudson yards,,,2017,,,,,,,,,
target corporation,,,,"june 24, 1902  120 years ago  1902-06-24   corporation  january 5, 1962  60 years ago  1962-01-05   store ",,,,,,,,,
tata motors,mumbai,,,1945  77 years ago  1945 ,,,,,,,,,
tabasco sauce,mumbai,,,1868  154 years ago  1868 ,,,,,,,,,
tate & lyle,london,,,merger of henry tate & sons  established 1859  and abram lyle & sons  established 1887  in 1921,,,,,,,,,
tcl technology,london,,,1981  41 years ago  1981   as ttk  1985  1985   as tcl technology ,,,,,,,,,
tata consultancy services,mumbai,,,1968  54 years ago  1968 ,,,,,,,,,
teac corporation,mumbai,,,"29 august 1953  69 years ago  1953-08-29  in tokyo, japan",,,,,,,,,
technisat,mumbai,,,10 june 1987  10 june 1987 ,,,,,,,,,
tech mahindra,pune,,,24 october 1986  36 years ago  24 october 1986 ,,,,,,,,,
technicolor,pune,,,24 october 1986  36 years ago  24 october 1986 ,,,,,,,,,
telefonica,pune,,,19 april 1924  98 years ago  1924-04-19 ,,,,,,,,,
telus,vancouver,,,"1990  32 years ago  1990   in edmonton, alberta, canada [1]",,,,,,,,,
tencent,tencent binhai mansion,,,11 november 1998  24 years ago  1998-11-11 ,,,,,,,,,
the home depot,tencent binhai mansion,,,"february 6, 1978  44 years ago  1978-02-06  marietta, georgia, u.s.",,,,,,,,,
the hershey company,tencent binhai mansion,,,"february 8, 1894  128 years ago  1894-02-08   as hershey chocolate company  in lancaster, pennsylvania, united states[1]",,,,,,,,,
the swatch group,tencent binhai mansion,,,1983  39 years ago  1983 ,,,,,,,,,
tesco,welwyn garden city,,,"1919  103 years ago  1919  hackney, london, england, uk",,,,,,,,,
tesla inc,13101 tesla road,,,"july 1, 2003  19 years ago  2003-07-01  in san carlos, california, united states",,,,,,,,,
tetra pak,,,,"1951  71 years ago  1951  lund, sweden and pully, switzerland",,,,,,,,,
telstra,telstra corporate centre,,,1 july 1975  47 years ago  1975-07-01 [1],,,,,,,,,
texas instruments,telstra corporate centre,,,1930  92 years ago  1930   as geophysical service incorporated [1] 1951  1951   as texas instruments ,,,,,,,,,
textron,"providence, rhode island, us",,,1923  99 years ago  1923 ,,,,,,,,,
thomson reuters,"providence, rhode island, us",,,"april 17, 2008  14 years ago  2008-04-17  toronto, ontario, canada",,,,,,,,,
ting hsin international group,"providence, rhode island, us",,,"yongjing, changhua, taiwan  1958  1958  ",,,,,,,,,
tissot,"providence, rhode island, us",,,1853  169 years ago  1853 ,,,,,,,,,
tkk fried chicken,new taipei city,,,20 july 1974  48 years ago  1974-07-20 ,,,,,,,,,
toshiba,new taipei city,,,11 july 1875  147 years ago  1875-07-11 b,,,,,,,,,
tomtom,amsterdam,,,1991  31 years ago  1991 ,,,,,,,,,
tomy,"katsushika, tokyo",,,"march 1, 2006  16 years ago  2006-03-01   former tomy, 1924  takara, 1955 ",,,,,,,,,
totalenergies,tour total,,,28 march 1924  98 years ago  1924-03-28 ,,,,,,,,,
towers watson,tour total,,,2010  12 years ago  2010 ,,,,,,,,,
tpg telecom,"north sydney, new south wales",,,2009,,,,,,,,,
tdk,"nihonbashi, ch  , tokyo",,,"december 7, 1935  87 years ago  1935-12-07  as tokyo denki kagaku k gy  k.k.",,,,,,,,,
oao tmk,"nihonbashi, ch  , tokyo",,,2001,,,,,,,,,
toyota,"nihonbashi, ch  , tokyo",,,"august 28, 1937  85 years ago  1937-08-28 ",,,,,,,,,
trend micro,"irving, texas",,,"24 october 1988  34 years ago  1988-10-24 , los angeles, california, u.s.",,,,,,,,,
tp-link,"irving, texas",,,1996  26 years ago  1996 ,,,,,,,,,
tsmc,"irving, texas",,,"industrial technology research institute, hsinchu, taiwan  1987  35 years ago  1987  ",,,,,,,,,
typotheque,"irving, texas",,,1999,,,,,,,,,
uber,"san francisco, california",,,march 2009  13 years ago  2009-03 ,,,,,,,,,
ulker,istanbul,,,22 february 1944  78 years ago  1944-02-22 ,,,,,,,,,
united microelectronics corporation,hsinchu science park,,,1980  42 years ago  1980 ,,,,,,,,,
unicredit,hsinchu science park,,,1998  24 years ago  1998 ,,,,,,,,,
unilever,london,,,2 september 1929  93 years ago  1929-09-02 ,,,,,,,,,
ubisoft,london,,,28 march 1986  36 years ago  1986-03-28 ,,,,,,,,,
unisys,london,,,1986  36 years ago  1986 ,,,,,,,,,
united airlines,willis tower,,,"april 6, 1926  96 years ago  1926-04-06   as varney air lines in boise, idaho, u.s. [1]",,,,,,,,,
the vanguard group,willis tower,,,"may 1, 1975  47 years ago  1975-05-01 ",,,,,,,,,
volvo,gothenburg,,,1927  95 years ago  1927 ,,,,,,,,,
vanke,gothenburg,,,1984,,,,,,,,,
vestel,manisa,,,1984,,,,,,,,,
vestas,manisa,,,1945  77 years ago  1945 ,,,,,,,,,
verisk analytics,"jersey city, new jersey",,,1971  51 years ago  1971 [1],,,,,,,,,
vertiv,"columbus, ohio",,,2016  6 years ago  2016 ,,,,,,,,,
vf corporation,denver,,,"october 1899  123 years ago  1899-10   as reading glove and mitten manufacturing company  reading, pennsylvania, u.s.",,,,,,,,,
viettel,hanoi,,,1 june 1989  33 years ago  1989-06-01 ,,,,,,,,,
victoria's secret,hanoi,,,"june 12, 1977  45 years ago  1977-06-12  stanford shopping center, palo alto, california, u.s.[1]",,,,,,,,,
victorinox,hanoi,,,1884  138 years ago  1884   as messerfabrik carl elsener  2 january 1979  as victorinox ag ,,,,,,,,,
veon,hanoi,,,2009  13 years ago  2009 ,,,,,,,,,
virgin group,hanoi,,,february 1970  52 years ago  1970-02 ,,,,,,,,,
vitol,geneva,,,"1966  56 years ago  1966  rotterdam, netherlands[1]",,,,,,,,,
vizio,geneva,,,"october 2002  20 years ago  2002-10  costa mesa, california, u.s.",,,,,,,,,
vivendi,geneva,,,14 december 1853  169 years ago  1853-12-14 ,,,,,,,,,
vinamilk,ho chi minh city,,,1976,,,,,,,,,
vodafone,"newbury, berkshire, england, uk",,,16 september 1991  31 years ago  1991-09-16 ,,,,,,,,,
voith,heidenheim an der brenz,,,1867,,,,,,,,,
volkswagen group,heidenheim an der brenz,,,"berlin, germany  28 may 1937  85 years ago  1937-05-28  ",,,,,,,,,
the wendy's company,heidenheim an der brenz,,,1884  138 years ago  1884 ,,,,,,,,,
want want,heidenheim an der brenz,,,1884  138 years ago  1884 ,,,,,,,,,
walmart,heidenheim an der brenz,,,"july 2, 1962  60 years ago  1962-07-02  in rogers, arkansas[1] october 31, 1969  53 years ago  1969-10-31  in wilmington, delaware  incorporation ",,,,,,,,,
the walt disney company,team disney building,,,"october 16, 1923  99 years ago  1923-10-16 ",,,,,,,,,
warner bros discovery,team disney building,,,"april 8, 2022  8 months ago  2022-04-08 ",,,,,,,,,
wawa company,team disney building,,,"april 16, 1964  58 years ago  1964-04-16 ",,,,,,,,,
whirlpool corporation,team disney building,,,"november 11, 1911  111 years ago  1911-11-11  benton harbor, michigan, u.s.",,,,,,,,,
wingstop,"addison, texas",,,"1994  28 years ago  1994  garland, texas, u.s.",,,,,,,,,
wipro,sarjapur road,,,29 december 1945  76 years ago  29 december 1945 ,,,,,,,,,
wirecard,aschheim,,,1 january 1999  1999-01-01 ,,,,,,,,,
xiaomi,haidian district,,,6 april 2010  12 years ago  2010-04-06 ,,,,,,,,,
xtep,haidian district,,,2001  21 years ago  2001 ,,,,,,,,,
yakult,haidian district,,,2001  21 years ago  2001 ,,,,,,,,,
yili group,"hohhot, inner mongolia",,,1993  29 years ago  1993 ,,,,,,,,,
yamaha corporation,"hamamatsu, shizuoka",,,12 october 1887  135 years ago  1887-10-12 ,,,,,,,,,
yandex,moscow,,,23 september 1997  25 years ago  23 september 1997   yandex search launched by comptek  2000  22 years ago  2000  in cyprus  yandex holding company incorporated  2007  15 years ago  2007   reincorporation of holding company in the netherlands ,,,,,,,,,
yokohama rubber company,moscow,,,"october 13, 1917  105 years ago  1917-10-13 ",,,,,,,,,
yamaha motor company,moscow,,,1 may 1955  67 years ago  1955-05-01 ,,,,,,,,,
yum brands,moscow,,,"october 6, 1997  25 years ago  october 6, 1997 ",,,,,,,,,
zara retailer,moscow,,,1975  47 years ago  1975   as zorba  in spain,,,,,,,,,
zensar technologies,"pune, india",,,1991[1],,,,,,,,,
guangzhou zhujiang brewery group,"pune, india",,,1985,,,,,,,,,
zte,,,,"1985  37 years ago  1985   as zhongxing semiconductor co., ltd. ",,,,,,,,,
zippo,bradford,,,1932  90 years ago  1932 ,,,,,,,,,
zyxel,hsinchu science park,,,"1989  33 years ago  1989  in hsinchu, taiwan",,,,,,,,,
