Cluster ID,Link Score,source file,Link Score,name,headquarters,country,address,founded,employees,ceo,founders,market_cap,share_price,categories,sector,link,type,Label
,0.71434385,0,0.71434385,truist financial,,usa,,,,,,63110000000,,,,,,601
4,0.9027679,0,0.9027679,becton dickinson,,usa,,,,,,72720000000,,,,,,602
5,0.90245026,0,0.90245026,digital realty,,usa,,,,,,31140000000,,,,,,603
8,0.902012,0,0.902012,schlumberger,,usa,,,,,,82640000000,,,,,,604
7,0.902012,0,0.902012,weyerhaeuser,,usa,,,,,,23410000000,,,,,,605
6,0.902012,0,0.902012,baker hughes,,usa,,,,,,31890000000,,,,,,606
9,0.90083134,0,0.90083134,hilton worldwide,,usa,,,,,,37020000000,,,,,,607
12,0.9005454,0,0.9005454,royal caribbean,,usa,,,,,,16190000000,,,,,,608
11,0.9005454,0,0.9005454,southern copper,,usa,,,,,,59570000000,,,,,,609
10,0.9005454,0,0.9005454,cheniere energy,,usa,,,,,,38910000000,,,,,,610
14,0.9005454,0,0.9005454,bank of america,,usa,,,,,,281720000000,,,,,,611
13,0.9005454,0,0.9005454,lockheed martin,,usa,,,,,,117880000000,,,,,,612
27,0.9003305,0,0.9003305,catalent,,usa,,,,,,8830000000,,,,,,613
26,0.9003305,0,0.9003305,ubiquiti,,usa,,,,,,17660000000,,,,,,614
25,0.9003305,0,0.9003305,teradyne,,usa,,,,,,15170000000,,,,,,615
24,0.9003305,0,0.9003305,verisign,,usa,,,,,,22670000000,,,,,,616
23,0.9003305,0,0.9003305,kkr & co,,usa,,,,,,60600000000,,,,,,617
22,0.9003305,0,0.9003305,doordash,,usa,,,,,,20310000000,,,,,,618
21,0.9003305,0,0.9003305,illumina,,usa,,,,,,31630000000,,,,,,619
20,0.9003305,0,0.9003305,synopsys,,usa,,,,,,50750000000,,,,,,620
19,0.9003305,0,0.9003305,fortinet,,usa,,,,,,38170000000,,,,,,621
18,0.9003305,0,0.9003305,broadcom,,usa,,,,,,241950000000,,,,,,622
17,0.9003305,0,0.9003305,autozone,,usa,,,,,,44450000000,,,,,,623
16,0.9003305,0,0.9003305,autodesk,,usa,,,,,,43280000000,,,,,,624
15,0.9003305,0,0.9003305,prologis,,usa,,,,,,112520000000,,,,,,625
28,0.89953035,0,0.89953035,carvana,,usa,,,,,,1240000000,,,,,,626
29,0.8988143,0,0.8988143,halliburton,,usa,,,,,,38730000000,,,,,,627
30,0.89813393,0,0.89813393,salesforce,,usa,,,,,,149500000000,,,,,,628
34,0.8980486,0,0.8980486,northern trust,,usa,,,,,,20460000000,,,,,,629
33,0.8980486,0,0.8980486,otis worldwide,,usa,,,,,,34680000000,,,,,,630
32,0.8980486,0,0.8980486,parker-hannifin,,usa,,,,,,40760000000,,,,,,631
31,0.8980486,0,0.8980486,dollar general,,usa,,,,,,52200000000,,,,,,632
35,0.89682186,0,0.89682186,t rowe price,,usa,,,,,,26480000000,,,,,,633
36,0.8965725,0,0.8965725,martin marietta,,usa,,,,,,22060000000,,,,,,634
37,0.8961675,0,0.8961675,applovin,,usa,,,,,,4010000000,,,,,,635
40,0.89522445,0,0.89522445,realty income,,usa,,,,,,43700000000,,,,,,636
39,0.89522445,0,0.89522445,valero energy,,usa,,,,,,52480000000,,,,,,637
38,0.89522445,0,0.89522445,kimberly-clark,,usa,,,,,,46170000000,,,,,,638
41,0.8950468,0,0.8950468,dte energy,,usa,,,,,,22840000000,,,,,,639
58,0.8946708,0,0.8946708,avantor,,usa,,,,,,14890000000,,,,,,640
57,0.8946708,0,0.8946708,hologic,,usa,,,,,,19650000000,,,,,,641
56,0.8946708,0,0.8946708,hubspot,,usa,,,,,,15330000000,,,,,,642
55,0.8946708,0,0.8946708,workday,,usa,,,,,,42950000000,,,,,,643
54,0.8946708,0,0.8946708,gartner,,usa,,,,,,26550000000,,,,,,644
53,0.8946708,0,0.8946708,mongodb,,usa,,,,,,13680000000,,,,,,645
52,0.8946708,0,0.8946708,equifax,,usa,,,,,,26570000000,,,,,,646
51,0.8946708,0,0.8946708,cummins,,usa,,,,,,35620000000,,,,,,647
50,0.8946708,0,0.8946708,zscaler,,usa,,,,,,15470000000,,,,,,648
49,0.8946708,0,0.8946708,corteva,,usa,,,,,,44810000000,,,,,,649
48,0.8946708,0,0.8946708,paychex,,usa,,,,,,43360000000,,,,,,650
47,0.8946708,0,0.8946708,pepsico,,usa,,,,,,241420000000,,,,,,651
46,0.8946708,0,0.8946708,metlife,,usa,,,,,,56420000000,,,,,,652
45,0.8946708,0,0.8946708,moderna,,usa,,,,,,73760000000,,,,,,653
44,0.8946708,0,0.8946708,netflix,,usa,,,,,,148110000000,,,,,,654
43,0.8946708,0,0.8946708,datadog,,usa,,,,,,22370000000,,,,,,655
42,0.8946708,0,0.8946708,walmart,,usa,,,,,,391810000000,,,,,,656
59,0.89391536,0,0.89391536,lyondellbasell,,usa,,,,,,30520000000,,,,,,657
60,0.8933456,0,0.8933456,wells fargo,,usa,,,,,,168490000000,,,,,,658
62,0.8930377,0,0.8930377,cf industries,,usa,,,,,,17050000000,,,,,,659
61,0.8930377,0,0.8930377,zimmer biomet,,usa,,,,,,25890000000,,,,,,660
177,0.851225,0,0.851225,sse,,uk,,,,,,22060000000,,,,,,661
176,0.851225,0,0.851225,aon,,uk,,,,,,65599999999,,,,,,662
68,0.8920057,0,0.8920057,marathon oil,,usa,,,,,,17140000000,,,,,,663
67,0.8920057,0,0.8920057,hormel foods,,usa,,,,,,25190000000,,,,,,664
66,0.8920057,0,0.8920057,devon energy,,usa,,,,,,41560000000,,,,,,665
65,0.8920057,0,0.8920057,lam research,,usa,,,,,,64590000000,,,,,,666
3,0.90834785,0,0.90834785,saudi electricity,,s. arabia,,,,,,25500000000,,,,,,667
69,0.888561,0,0.888561,best buy,,usa,,,,,,18980000000,,,,,,668
71,0.8883057,0,0.8883057,exxon mobil,,usa,,,,,,465980000000,,,,,,669
70,0.8883057,0,0.8883057,duke energy,,usa,,,,,,80840000000,,,,,,670
72,0.8881751,0,0.8881751,american tower,,usa,,,,,,108390000000,,,,,,671
93,0.88719904,0,0.88719904,netapp,,usa,,,,,,13930000000,,,,,,672
92,0.88719904,0,0.88719904,humana,,usa,,,,,,62200000000,,,,,,673
91,0.88719904,0,0.88719904,ventas,,usa,,,,,,19580000000,,,,,,674
90,0.88719904,0,0.88719904,splunk,,usa,,,,,,14530000000,,,,,,675
89,0.88719904,0,0.88719904,seagen,,usa,,,,,,24530000000,,,,,,676
88,0.88719904,0,0.88719904,twilio,,usa,,,,,,9950000000,,,,,,677
87,0.88719904,0,0.88719904,nasdaq,,usa,,,,,,31120000000,,,,,,678
86,0.88719904,0,0.88719904,copart,,usa,,,,,,29920000000,,,,,,679
85,0.88719904,0,0.88719904,ametek,,usa,,,,,,33549999999,,,,,,680
84,0.88719904,0,0.88719904,biogen,,usa,,,,,,41470000000,,,,,,681
83,0.88719904,0,0.88719904,paccar,,usa,,,,,,35700000000,,,,,,682
82,0.88719904,0,0.88719904,resmed,,usa,,,,,,31940000000,,,,,,683
81,0.88719904,0,0.88719904,ecolab,,usa,,,,,,43980000000,,,,,,684
80,0.88719904,0,0.88719904,fiserv,,usa,,,,,,65120000000,,,,,,685
79,0.88719904,0,0.88719904,intuit,,usa,,,,,,110460000000,,,,,,686
78,0.88719904,0,0.88719904,abbvie,,usa,,,,,,271630000000,,,,,,687
77,0.88719904,0,0.88719904,pfizer,,usa,,,,,,268589999999,,,,,,688
76,0.88719904,0,0.88719904,dexcom,,usa,,,,,,42570000000,,,,,,689
75,0.88719904,0,0.88719904,vmware,,usa,,,,,,53410000000,,,,,,690
74,0.88719904,0,0.88719904,zoetis,,usa,,,,,,75000000000,,,,,,691
73,0.88719904,0,0.88719904,airbnb,,usa,,,,,,63550000000,,,,,,692
0,0.9161395,0,0.9161395,kb financial group,,s. korea,,,,,,17870000000,,,,,,693
193,0.84252155,0,0.84252155,hsbc,,uk,,,,,,144370000000,,,,,,694
96,0.8859332,0,0.8859332,crowdstrike,,usa,,,,,,23320000000,,,,,,695
97,0.8850825,0,0.8850825,fastenal,,usa,,,,,,27960000000,,,,,,696
98,0.8844714,0,0.8844714,synchrony,,usa,,,,,,15070000000,,,,,,697
99,0.88401127,0,0.88401127,cvs health,,usa,,,,,,118150000000,,,,,,698
100,0.88365227,0,0.88365227,mgm resorts,,usa,,,,,,15180000000,,,,,,699
101,0.8831284,0,0.8831284,mettler-toledo,,usa,,,,,,34720000000,,,,,,700
102,0.8831284,0,0.8831284,philip morris,,usa,,,,,,157650000000,,,,,,701
103,0.88229215,0,0.88229215,roblox,,usa,,,,,,19950000000,,,,,,702
104,0.8815445,0,0.8815445,mastercard,,usa,,,,,,361040000000,,,,,,703
1,0.9106653,0,0.9106653,lg electronics,,s. korea,,,,,,13000000000,,,,,,704
109,0.8789715,0,0.8789715,albemarle,,usa,,,,,,28370000000,,,,,,705
108,0.8789715,0,0.8789715,eli lilly,,usa,,,,,,343600000000,,,,,,706
107,0.8789715,0,0.8789715,starbucks,,usa,,,,,,123070000000,,,,,,707
106,0.8789715,0,0.8789715,microsoft,,usa,,,,,,1783000000000,,,,,,708
2,0.91015196,0,0.91015196,samsung biologics,,s. korea,,,,,,46420000000,,,,,,709
110,0.8783208,0,0.8783208,keycorp keybank,,usa,,,,,,16960000000,,,,,,710
111,0.8776366,0,0.8776366,unitedhealth,,usa,,,,,,457420000000,,,,,,711
118,0.8769162,0,0.8769162,ansys,,usa,,,,,,22130000000,,,,,,712
117,0.8769162,0,0.8769162,block,,usa,,,,,,42850000000,,,,,,713
116,0.8769162,0,0.8769162,oneok,,usa,,,,,,31650000000,,,,,,714
115,0.8769162,0,0.8769162,tesla,,usa,,,,,,386500000000,,,,,,715
114,0.8769162,0,0.8769162,amgen,,usa,,,,,,144980000000,,,,,,716
113,0.8769162,0,0.8769162,adobe,,usa,,,,,,160100000000,,,,,,717
112,0.8769162,0,0.8769162,apple,,usa,,,,,,2142999999999,,,,,,718
119,0.8764145,0,0.8764145,sirius xm,,usa,,,,,,23180000000,,,,,,719
120,0.8757615,0,0.8757615,coinbase,,usa,,,,,,13080000000,,,,,,720
121,0.8753551,0,0.8753551,live nation,,usa,,,,,,17230000000,,,,,,721
122,0.8748767,0,0.8748767,equinix,,usa,,,,,,66800000000,,,,,,722
123,0.87361,0,0.87361,amazon,,usa,,,,,,1000000000000,,,,,,723
127,0.8729817,0,0.8729817,tradeweb,,usa,,,,,,16540000000,,,,,,724
126,0.8729817,0,0.8729817,m&t bank,,usa,,,,,,25810000000,,,,,,725
125,0.8729817,0,0.8729817,amphenol,,usa,,,,,,47820000000,,,,,,726
124,0.8729817,0,0.8729817,mckesson,,usa,,,,,,54130000000,,,,,,727
128,0.8716465,0,0.8716465,omnicom,,usa,,,,,,17140000000,,,,,,728
130,0.870346,0,0.870346,qualcomm,,usa,,,,,,134780000000,,,,,,729
129,0.870346,0,0.870346,mcdonald,,usa,,,,,,196940000000,,,,,,730
131,0.8692811,0,0.8692811,crown castle,,usa,,,,,,65319999999,,,,,,731
134,0.86819375,0,0.86819375,capital one,,usa,,,,,,39250000000,,,,,,732
133,0.86819375,0,0.86819375,mplx,,usa,,,,,,34210000000,,,,,,733
143,0.86575747,0,0.86575747,cenergy,,usa,,,,,,18550000000,,,,,,734
142,0.86575747,0,0.86575747,fortive,,usa,,,,,,23850000000,,,,,,735
141,0.86575747,0,0.86575747,entergy,,usa,,,,,,22480000000,,,,,,736
140,0.86575747,0,0.86575747,emerson,,usa,,,,,,57010000000,,,,,,737
139,0.86575747,0,0.86575747,danaher,,usa,,,,,,199180000000,,,,,,738
138,0.86575747,0,0.86575747,comcast,,usa,,,,,,168310000000,,,,,,739
137,0.86575747,0,0.86575747,centene,,usa,,,,,,43620000000,,,,,,740
136,0.86575747,0,0.86575747,newmont,,usa,,,,,,43130000000,,,,,,741
135,0.86575747,0,0.86575747,chevron,,usa,,,,,,343330000000,,,,,,742
144,0.86525655,0,0.86525655,honeywell,,usa,,,,,,145630000000,,,,,,743
146,0.8633057,0,0.8633057,transdigm,,usa,,,,,,37180000000,,,,,,744
148,0.8630676,0,0.8630676,billcom,,usa,,,,,,10910000000,,,,,,745
147,0.8630676,0,0.8630676,corning,,usa,,,,,,30500000000,,,,,,746
205,0.8126507,0,0.8126507,bp,,uk,,,,,,107460000000,,,,,,747
149,0.86215025,0,0.86215025,the hartford,,usa,,,,,,24390000000,,,,,,748
156,0.86196196,0,0.86196196,okta,,usa,,,,,,11170000000,,,,,,749
155,0.86196196,0,0.86196196,nike,,usa,,,,,,199780000000,,,,,,750
154,0.86196196,0,0.86196196,ebay,,usa,,,,,,25100000000,,,,,,751
153,0.86196196,0,0.86196196,msci,,usa,,,,,,40390000000,,,,,,752
152,0.86196196,0,0.86196196,snap,,usa,,,,,,15800000000,,,,,,753
151,0.86196196,0,0.86196196,at&t,,usa,,,,,,139330000000,,,,,,754
150,0.86196196,0,0.86196196,visa,,usa,,,,,,472350000000,,,,,,755
157,0.86143565,0,0.86143565,principal,,usa,,,,,,21850000000,,,,,,756
161,0.8610518,0,0.8610518,fleetcor,,usa,,,,,,14350000000,,,,,,757
160,0.8610518,0,0.8610518,zoominfo,,usa,,,,,,11450000000,,,,,,758
159,0.8610518,0,0.8610518,palantir,,usa,,,,,,14470000000,,,,,,759
158,0.8610518,0,0.8610518,keysight,,usa,,,,,,32290000000,,,,,,760
163,0.85899913,0,0.85899913,carnival,,usa,,,,,,13660000000,,,,,,761
162,0.85899913,0,0.85899913,mondelez,,usa,,,,,,91570000000,,,,,,762
171,0.8568936,0,0.8568936,markel,,usa,,,,,,19360000000,,,,,,763
170,0.8568936,0,0.8568936,ameren,,usa,,,,,,23300000000,,,,,,764
169,0.8568936,0,0.8568936,lennar,,usa,,,,,,28150000000,,,,,,765
168,0.8568936,0,0.8568936,nvidia,,usa,,,,,,421120000000,,,,,,766
167,0.8568936,0,0.8568936,moody's,,usa,,,,,,57620000000,,,,,,767
166,0.8568936,0,0.8568936,oracle,,usa,,,,,,240500000000,,,,,,768
165,0.8568936,0,0.8568936,cintas,,usa,,,,,,45610000000,,,,,,769
164,0.8568936,0,0.8568936,target,,usa,,,,,,75760000000,,,,,,770
64,0.89226604,0,0.89226604,sk hynix,,s. korea,,,,,,47680000000,,,,,,771
173,0.85498756,0,0.85498756,merck,,usa,,,,,,284590000000,,,,,,772
172,0.85498756,0,0.85498756,cisco,,usa,,,,,,200800000000,,,,,,773
175,0.85419726,0,0.85419726,paycom,,usa,,,,,,18270000000,,,,,,774
174,0.85419726,0,0.85419726,paypal,,usa,,,,,,90600000000,,,,,,775
180,0.8484723,0,0.8484723,coca-cola,,usa,,,,,,265649999999,,,,,,776
215,0.67552114,0,0.67552114,the people's insurance company picc,,china,,,,,,31030000000,,,,,,777
179,0.8497334,0,0.8497334,verizon,,usa,,,,,,175800000000,,,,,,778
178,0.8497334,0,0.8497334,carrier,,usa,,,,,,38350000000,,,,,,779
95,0.88620627,0,0.88620627,coupang,,s. korea,,,,,,29930000000,,,,,,780
187,0.84579545,0,0.84579545,heico,,usa,,,,,,19580000000,,,,,,781
186,0.84579545,0,0.84579545,dover,,usa,,,,,,20260000000,,,,,,782
185,0.84579545,0,0.84579545,sysco,,usa,,,,,,40700000000,,,,,,783
184,0.84579545,0,0.84579545,fedex,,usa,,,,,,47600000000,,,,,,784
183,0.84579545,0,0.84579545,intel,,usa,,,,,,124260000000,,,,,,785
182,0.84579545,0,0.84579545,nucor,,usa,,,,,,40420000000,,,,,,786
181,0.84579545,0,0.84579545,cigna,,usa,,,,,,96060000000,,,,,,787
188,0.84551096,0,0.84551096,teledyne,,usa,,,,,,19500000000,,,,,,788
189,0.8449702,0,0.8449702,akamai,,usa,,,,,,13940000000,,,,,,789
132,0.86869526,0,0.86869526,al rajhi bank,,s. arabia,,,,,,83110000000,,,,,,790
191,0.84318197,0,0.84318197,aflac,,usa,,,,,,45290000000,,,,,,791
190,0.84318197,0,0.84318197,iqvia,,usa,,,,,,41260000000,,,,,,792
192,0.84298897,0,0.84298897,baxter,,usa,,,,,,22600000000,,,,,,793
195,0.83849496,0,0.83849496,dow,,usa,,,,,,41290000000,,,,,,794
197,0.836074,0,0.836074,costco,,usa,,,,,,215310000000,,,,,,795
216,0.6458027,0,0.6458027,advanced info service ais,,thailand,,,,,,18320000000,,,,,,796
198,0.83156,0,0.83156,hess,,usa,,,,,,46920000000,,,,,,797
199,0.82702446,0,0.82702446,ford,,usa,,,,,,51140000000,,,,,,798
201,0.821455,0,0.821455,uber,,usa,,,,,,58710000000,,,,,,799
200,0.821455,0,0.821455,dell,,usa,,,,,,28770000000,,,,,,800
204,0.81276184,0,0.81276184,kla,,usa,,,,,,59520000000,,,,,,801
203,0.81276184,0,0.81276184,ppl,,usa,,,,,,22530000000,,,,,,802
206,0.811209,0,0.811209,zoom,,usa,,,,,,20310000000,,,,,,803
208,0.7974056,0,0.7974056,hp,,usa,,,,,,27410000000,,,,,,804
209,0.79093957,0,0.79093957,fifth third bank,,usa,,,,,,23660000000,,,,,,805
210,0.79054284,0,0.79054284,3m,,usa,,,,,,71580000000,,,,,,806
196,0.83831024,0,0.83831024,samsung,,s. korea,,,,,,331690000000,,,,,,807
202,0.81838423,0,0.81838423,sabic,,s. arabia,,,,,,76000000000,,,,,,808
226,0.5447663,0,0.5447663,china gas,,china,,,,,,8270000000,,,,,,
227,0.5290519,0,0.5290519,link reit,,hong kong,,,,,,17190000000,,,,,,810
213,0.726539,0,0.726539,monolithic power systems,,usa,,,,,,18700000000,,,,,,811
214,0.69405055,0,0.69405055,cadence design systems,,usa,,,,,,46430000000,,,,,,812
,0.43682128,0,0.43682128,ingersoll rand india,,india,,,,,,780000000,,,,,,813
63,0.8928639,0,0.8928639,china railway group,,china,,,,,,19230000000,,,,,,814
,0.42114967,0,0.42114967,canadian tire,,canada,,,,,,7070000000,,,,,,815
,0.40604606,0,0.40604606,murata manufacturing murata seisakusho,,japan,,,,,,34470000000,,,,,,816
105,0.8795812,0,0.8795812,china mobile,,china,,,,,,154540000000,,,,,,817
,0.39234313,0,0.39234313,merck kgaa,,germany,,,,,,94030000000,,,,,,818
,0.38837966,0,0.38837966,taiwan cement,,taiwan,,,,,,8620000000,,,,,,
219,0.6227066,0,0.6227066,energy transfer partners,,usa,,,,,,39220000000,,,,,,820
145,0.8643396,0,0.8643396,china telecom,,china,,,,,,58050000000,,,,,,821
,0.36879215,0,0.36879215,budweiser apac,,hong kong,,,,,,43580000000,,,,,,822
222,0.5805145,0,0.5805145,kellogg's,,usa,,,,,,23880000000,,,,,,823
194,0.841898,0,0.841898,continental,,germany,,,,,,14560000000,,,,,,824
,0.3171397,0,0.3171397,daimler truck,,germany,,,,,,26110000000,,,,,,825
228,0.523351,0,0.523351,meta platforfacebook,,usa,,,,,,359180000000,,,,,,826
207,0.80737484,0,0.80737484,cnooc,,china,,,,,,66989999999,,,,,,827
,0.29808614,0,0.29808614,norsk hydro,,norway,,,,,,16050000000,,,,,,
,0.2825526,0,0.2825526,petro rio,,brazil,,,,,,6500000000,,,,,,
211,0.7875079,0,0.7875079,united,,japan,,,,,,180000000,,,,,,
,0.27993977,0,0.27993977,booking holdings bookingcom,,usa,,,,,,89260000000,,,,,,831
,0.270345,0,0.270345,singapore post,,singapore,,,,,,900000000,,,,,,
,0.24962266,0,0.24962266,intertek,,uk,,,,,,8550000000,,,,,,
,0.24312775,0,0.24312775,shenzhen zqgame,,china,,,,,,760000000,,,,,,
,0.24104376,0,0.24104376,nippon steel,,japan,,,,,,17900000000,,,,,,
,0.23901236,0,0.23901236,beijing airport,,china,,,,,,3670000000,,,,,,
,0.23142885,0,0.23142885,grupo bimbo,,mexico,,,,,,21570000000,,,,,,
,0.2267647,0,0.2267647,veeva systems,,usa,,,,,,25570000000,,,,,,838
,0.2199716,0,0.2199716,cez group,,czech republic,,,,,,19560000000,,,,,,839
,0.21654977,0,0.21654977,maximus,,usa,,,,,,4450000000,,,,,,
,0.2144003,0,0.2144003,bae systems,,uk,,,,,,31490000000,,,,,,841
224,0.5667158,0,0.5667158,generali,,italy,,,,,,29810000000,,,,,,
,0.20440957,0,0.20440957,compass,,usa,,,,,,1560000000,,,,,,
,0.19153161,0,0.19153161,chongqing changan,,china,,,,,,17050000000,,,,,,
212,0.7623545,0,0.7623545,eqt,,sweden,,,,,,29590000000,,,,,,
,0.16473332,0,0.16473332,the bancorp,,usa,,,,,,1690000000,,,,,,
,0.16140912,0,0.16140912,edp group,,portugal,,,,,,20830000000,,,,,,
,0.14300208,0,0.14300208,pacific premier bancorp,,usa,,,,,,3020000000,,,,,,
,0.13953498,0,0.13953498,saudi aramco,,s. arabia,,,,,,1878000000000,,,,,,
229,0.5226078,0,0.5226078,banco santander mexico,,mexico,,,,,,8510000000,,,,,,
,0.113751285,0,0.113751285,itochu techno-solutions,,japan,,,,,,5450000000,,,,,,851
,0.113306984,0,0.113306984,brown forman,,usa,,,,,,32159999999,,,,,,852
225,0.55654883,0,0.55654883,electrica,,romania,,,,,,620000000,,,,,,853
,0.10557684,0,0.10557684,j b hunt,,usa,,,,,,18600000000,,,,,,854
,0.09626315,0,0.09626315,advansix,,usa,,,,,,1190000000,,,,,,
,0.09321081,0,0.09321081,china state construction engineering,,china,,,,,,34170000000,,,,,,
,0.090112925,0,0.090112925,woodside energy,,australia,,,,,,49020000000,,,,,,
,0.085564524,0,0.085564524,shanghai airport,,china,,,,,,23390000000,,,,,,858
,0.084783055,0,0.084783055,china unicom,,hong kong,,,,,,21350000000,,,,,,
,0.08061589,0,0.08061589,investec,,uk,,,,,,5870000000,,,,,,
,0.075869925,0,0.075869925,alphabet google,,usa,,,,,,1195000000000,,,,,,
,0.0751741,0,0.0751741,schindler group,,switzerland,,,,,,22320000000,,,,,,862
,0.072542086,0,0.072542086,china zheshang bank,,china,,,,,,8840000000,,,,,,
,0.06447924,0,0.06447924,mtr corporation,,hong kong,,,,,,33549999999,,,,,,864
,0.06255621,0,0.06255621,w w grainger,,usa,,,,,,28990000000,,,,,,865
,0.05913636,0,0.05913636,the rgroup,,usa,,,,,,490000000,,,,,,
,0.05845903,0,0.05845903,china steel,,taiwan,,,,,,15880000000,,,,,,
,0.04809568,0,0.04809568,bank ozk,,usa,,,,,,4890000000,,,,,,
,0.048078436,0,0.048078436,weg on,,brazil,,,,,,32140000000,,,,,,
,0.042827424,0,0.042827424,the honest company,,usa,,,,,,280000000,,,,,,
,0.042826332,0,0.042826332,saudi arabian fertilizer company,,s. arabia,,,,,,17570000000,,,,,,
,0.038774934,0,0.038774934,archer daniels midland adm,,usa,,,,,,48560000000,,,,,,872
,0.037345923,0,0.037345923,teleflex,,usa,,,,,,11300000000,,,,,,
,0.034571774,0,0.034571774,marvelous,,japan,,,,,,310000000,,,,,,
,0.033669338,0,0.033669338,liberty media,,usa,,,,,,13450000000,,,,,,
,0.032390185,0,0.032390185,citic limited,,china,,,,,,33220000000,,,,,,876
,0.031985335,0,0.031985335,d r horton,,usa,,,,,,32930000000,,,,,,877
,0.031698395,0,0.031698395,china lesso group,,china,,,,,,3660000000,,,,,,
,0.027882373,0,0.027882373,industrial direct,,usa,,,,,,4490000000,,,,,,
,0.025586847,0,0.025586847,the toro company,,usa,,,,,,12080000000,,,,,,
,0.024212586,0,0.024212586,publicis groupe,,france,,,,,,17230000000,,,,,,
,0.022202965,0,0.022202965,china southern airlines,,china,,,,,,19020000000,,,,,,
,0.020984033,0,0.020984033,the realreal,,usa,,,,,,140000000,,,,,,
,0.020925514,0,0.020925514,huazhu hotels,,china,,,,,,15100000000,,,,,,
,0.020794142,0,0.020794142,the vita coco company,,usa,,,,,,750000000,,,,,,
,0.018493278,0,0.018493278,shangri-la,,hong kong,,,,,,3040000000,,,,,,
,0.018311696,0,0.018311696,the azek company,,usa,,,,,,3420000000,,,,,,
,0.016507432,0,0.016507432,the andersons,,usa,,,,,,1200000000,,,,,,
,0.01623779,0,0.01623779,power assets,,hong kong,,,,,,11950000000,,,,,,
,0.014053499,0,0.014053499,the trade desk,,usa,,,,,,23020000000,,,,,,
,0.013379917,0,0.013379917,the glimpse group,,usa,,,,,,48260000,,,,,,
,0.013036184,0,0.013036184,restaurant brands new zealand,,new zealand,,,,,,440000000,,,,,,
,0.012925358,0,0.012925358,the greenbrier companies,,usa,,,,,,960000000,,,,,,
,0.011063849,0,0.011063849,the original bark company,,usa,,,,,,340000000,,,,,,
,0.01082869,0,0.01082869,shenzhen inovance,,china,,,,,,26680000000,,,,,,
,0.010515427,0,0.010515427,overstockcom,,usa,,,,,,930000000,,,,,,
,0.0104857525,0,0.0104857525,clp group,,hong kong,,,,,,18570000000,,,,,,
,0.009944576,0,0.009944576,willscot,,usa,,,,,,9640000000,,,,,,
,0.009276308,0,0.009276308,the joint corp,,usa,,,,,,260000000,,,,,,
,0.009046513,0,0.009046513,indusind bank,,india,,,,,,11820000000,,,,,,
,0.008690684,0,0.008690684,mitsui bussan,,japan,,,,,,45360000000,,,,,,
,0.008427935,0,0.008427935,the weir group,,uk,,,,,,5690000000,,,,,,
,0.0070335967,0,0.0070335967,novatek microelectronics,,taiwan,,,,,,6930000000,,,,,,
,0.006667242,0,0.006667242,stericycle,,usa,,,,,,4870000000,,,,,,
,0.006031801,0,0.006031801,scottsmiracle-gro,,usa,,,,,,3330000000,,,,,,
,0.0057109436,0,0.0057109436,open lending,,usa,,,,,,1010000000,,,,,,
,0.0047874725,0,0.0047874725,the arena group,,usa,,,,,,150000000,,,,,,
,0.0044715838,0,0.0044715838,boc aviation,,singapore,,,,,,5990000000,,,,,,
,0.0040849,0,0.0040849,sandstorm gold,,canada,,,,,,1750000000,,,,,,
,0.0033560311,0,0.0033560311,china airlines,,taiwan,,,,,,3780000000,,,,,,
,0.0026475873,0,0.0026475873,zhejiang jinke tom culture industry,,china,,,,,,1620000000,,,,,,
,0.002415158,0,0.002415158,kansai paint,,japan,,,,,,2990000000,,,,,,
,0.0023963521,0,0.0023963521,the tinplate company of india,,india,,,,,,450000000,,,,,,
,0.0022381425,0,0.0022381425,mega uranium,,canada,,,,,,61670000,,,,,,
,0.002126627,0,0.002126627,the beachbody company,,usa,,,,,,210000000,,,,,,
,0.0019431277,0,0.0019431277,the shyft group,,usa,,,,,,1060000000,,,,,,
,0.0017345488,0,0.0017345488,huntington ingalls industries,,usa,,,,,,8900000000,,,,,,
,0.001497222,0,0.001497222,saudi international petrochemical company sipchem,,s. arabia,,,,,,7010000000,,,,,,
,0.0012888199,0,0.0012888199,ihs towers,,uk,,,,,,2520000000,,,,,,
,0.0011881352,0,0.0011881352,the ensign group,,usa,,,,,,5460000000,,,,,,
,0.0011497543,0,0.0011497543,the pennant group,,usa,,,,,,320000000,,,,,,
,0.0009341953,0,0.0009341953,pge polska,,poland,,,,,,3530000000,,,,,,
,0.00088219217,0,0.00088219217,seven group holdings sgh,,australia,,,,,,5680000000,,,,,,
,0.00087545783,0,0.00087545783,sea garena,,singapore,,,,,,33770000000,,,,,,
,0.00074219593,0,0.00074219593,china securities,,china,,,,,,25730000000,,,,,,
,0.00051365356,0,0.00051365356,the beauty health company,,usa,,,,,,1410000000,,,,,,
,0.00046218376,0,0.00046218376,the cheesecake factory,,usa,,,,,,1980000000,,,,,,
,0.0003520137,0,0.0003520137,kerry properties,,hong kong,,,,,,3410000000,,,,,,
,0.00024568924,0,0.00024568924,bayer crop science,,india,,,,,,2610000000,,,,,,
,0.00022484067,0,0.00022484067,contextlogic wishcom,,usa,,,,,,470000000,,,,,,
,0.0001924151,0,0.0001924151,laboratorios farmaceuticos rovi,,spain,,,,,,2029999999,,,,,,
,0.000102815735,0,0.000102815735,innergex renewable energy,,canada,,,,,,2500000000,,,,,,
,3.5024124e-05,0,3.5024124e-05,cgn mining company,,hong kong,,,,,,910000000,,,,,,
,9.839414e-06,0,9.839414e-06,eve air mobility,,usa,,,,,,2089999999,,,,,,
,,0,,tsmc,,taiwan,,,,,,450140000000,,,,,,
,,0,,procter & gamble,,usa,,,,,,357540000000,,,,,,
,,0,,nestle,,switzerland,,,,,,339240000000,,,,,,
,,0,,home depot,,usa,,,,,,337560000000,,,,,,
,,0,,international holding company,,uae,,,,,,242290000000,,,,,,
,,0,,icbc,,china,,,,,,221130000000,,,,,,
,,0,,reliance industries,,india,,,,,,203520000000,,,,,,
,,0,,walt disney,,usa,,,,,,181260000000,,,,,,
,,0,,catl,,china,,,,,,162800000000,,,,,,
,,0,,charles schwab,,usa,,,,,,154900000000,,,,,,
,,0,,cm bank,,china,,,,,,152130000000,,,,,,
,,0,,dior,,france,,,,,,151160000000,,,,,,
,,0,,tata consultancy services,,india,,,,,,150140000000,,,,,,
,,0,,ibm,,usa,,,,,,130759999999,,,,,,
,,0,,boeing,,usa,,,,,,127610000000,,,,,,
,,0,,goldman sachs,,usa,,,,,,126640000000,,,,,,
,,0,,wuliangye yibin,,china,,,,,,119630000000,,,,,,
,,0,,elevance health,,usa,,,,,,115350000000,,,,,,
,,0,,amd,,usa,,,,,,114470000000,,,,,,
,,0,,jingdong mall,,china,,,,,,113480000000,,,,,,
,,0,,taqa,,uae,,,,,,107750000000,,,,,,
,,0,,ntt nippon telegraph & telephone,,japan,,,,,,100550000000,,,,,,
,,0,,estee lauder,,usa,,,,,,95340000000,,,,,,
,,0,,tjx companies,,usa,,,,,,94200000000,,,,,,
,,0,,inditex,,spain,,,,,,93010000000,,,,,,
,,0,,lg energy solution,,s. korea,,,,,,90870000000,,,,,,
,,0,,compagnie financiere richemont,,switzerland,,,,,,84480000000,,,,,,
,,0,,progressive,,usa,,,,,,78180000000,,,,,,
,,0,,mercedes-benz,,germany,,,,,,77970000000,,,,,,
,,0,,sinopec,,china,,,,,,76560000000,,,,,,
,,0,,southern company,,usa,,,,,,76550000000,,,,,,
,,0,,hindustan unilever,,india,,,,,,75100000000,,,,,,
,,0,,petrobras,,brazil,,,,,,70690000000,,,,,,
,,0,,alpha dhabi,,uae,,,,,,70460000000,,,,,,
,,0,,walmex,,mexico,,,,,,69250000000,,,,,,
,,0,,bank central asia,,indonesia,,,,,,66360000000,,,,,,
,,0,,state bank of india,,india,,,,,,66230000000,,,,,,
,,0,,pnc financial services,,usa,,,,,,66140000000,,,,,,
,,0,,postal savings bank of china,,china,,,,,,65920000000,,,,,,
,,0,,bmw,,germany,,,,,,65620000000,,,,,,
,,0,,sherwin-williams,,usa,,,,,,63710000000,,,,,,
,,0,,mindray,,china,,,,,,61860000000,,,,,,
,,0,,investor ab,,sweden,,,,,,61790000000,,,,,,
,,0,,scotiabank,,canada,,,,,,61610000000,,,,,,
,,0,,blackstone group,,usa,,,,,,61390000000,,,,,,
,,0,,midea,,china,,,,,,60250000000,,,,,,
,,0,,emirates telecom etisalat group,,uae,,,,,,60230000000,,,,,,
,,0,,activision blizzard,,usa,,,,,,59990000000,,,,,,
,,0,,housing development finance corporation,,india,,,,,,58330000000,,,,,,
,,0,,santander,,spain,,,,,,56750000000,,,,,,
,,0,,bharti airtel,,india,,,,,,55700000000,,,,,,
,,0,,life insurance corporation of india lic,,india,,,,,,55210000000,,,,,,
,,0,,united heavy machinery,,russia,,,,,,53580000000,,,,,,
,,0,,anz bank,,australia,,,,,,52080000000,,,,,,
,,0,,kraft heinz,,usa,,,,,,51960000000,,,,,,
,,0,,adani enterprises,,india,,,,,,50780000000,,,,,,
,,0,,edf electricite de france,,france,,,,,,50670000000,,,,,,
,,0,,adani total gas,,india,,,,,,50520000000,,,,,,
,,0,,itc,,india,,,,,,50440000000,,,,,,
,,0,,hikvision,,china,,,,,,48790000000,,,,,,
,,0,,munich re munchener ruck,,germany,,,,,,48760000000,,,,,,
,,0,,first abu dhabi bank,,uae,,,,,,48240000000,,,,,,
,,0,,maaden,,s. arabia,,,,,,48120000000,,,,,,
,,0,,universal music group,,netherlands,,,,,,46620000000,,,,,,
,,0,,itochu shoji,,japan,,,,,,45790000000,,,,,,
218,0.628653,0,0.628653,bank rakyat indonesia,,indonesia,,,,,,45310000000,,,,,,
,,0,,foxconn hon hai precision industry,,taiwan,,,,,,44900000000,,,,,,
,,0,,bajaj finance,,india,,,,,,44780000000,,,,,,
,,0,,sf express,,china,,,,,,44630000000,,,,,,
,,0,,bayan resources,,indonesia,,,,,,44250000000,,,,,,
,,0,,ping an bank,,china,,,,,,43670000000,,,,,,
,,0,,kotak mahinbank,,india,,,,,,43620000000,,,,,,
,,0,,ocbc bank,,singapore,,,,,,42990000000,,,,,,
,,0,,nordea bank,,finland,,,,,,42530000000,,,,,,
,,0,,yanghe,,china,,,,,,41890000000,,,,,,
,,0,,apollo global management,,usa,,,,,,41820000000,,,,,,
,,0,,rsted,,denmark,,,,,,41360000000,,,,,,
,,0,,7-eleven,,japan,,,,,,41020000000,,,,,,
,,0,,muyuan foods,,china,,,,,,40830000000,,,,,,
,,0,,adani green energy,,india,,,,,,40740000000,,,,,,
,,0,,williacompanies,,usa,,,,,,39970000000,,,,,,
230,0.5106054,0,0.5106054,bank of new york mellon,,usa,,,,,,39630000000,,,,,,
,,0,,cibc,,canada,,,,,,39620000000,,,,,,
,,0,,volvo group,,sweden,,,,,,39240000000,,,,,,
,,0,,maersk,,denmark,,,,,,38220000000,,,,,,
,,0,,lg chem,,s. korea,,,,,,38030000000,,,,,,
,,0,,uob,,singapore,,,,,,37550000000,,,,,,
,,0,,bank of china hong kong,,hong kong,,,,,,37430000000,,,,,,
,,0,,adani transmission,,india,,,,,,37170000000,,,,,,
,,0,,larsen & toubro,,india,,,,,,36960000000,,,,,,
,,0,,haleon,,uk,,,,,,36890000000,,,,,,
,,0,,allstate,,usa,,,,,,36850000000,,,,,,
,,0,,hcl technologies,,india,,,,,,36520000000,,,,,,
,,0,,jardine matheson,,hong kong,,,,,,36440000000,,,,,,
,,0,,arista networks,,usa,,,,,,35330000000,,,,,,
,,0,,asian paints,,india,,,,,,34410000000,,,,,,
,,0,,cement roadstone holding,,ireland,,,,,,33979999999,,,,,,
,,0,,pacific gas and electric,,usa,,,,,,33720000000,,,,,,
,,0,,samsung sdi,,s. korea,,,,,,33710000000,,,,,,
,,0,,bank of ningbo,,china,,,,,,33700000000,,,,,,
,,0,,holcim group,,switzerland,,,,,,33630000000,,,,,,
,,0,,costar group,,usa,,,,,,32960000000,,,,,,
,,0,,citic bank,,china,,,,,,32700000000,,,,,,
,,0,,kroger,,usa,,,,,,32360000000,,,,,,
,,0,,globalfoundries,,usa,,,,,,32229999999,,,,,,
,,0,,vici properties,,usa,,,,,,31920000000,,,,,,
,,0,,yili group,,china,,,,,,31890000000,,,,,,
,,0,,warner bros discovery,,usa,,,,,,31620000000,,,,,,
,,0,,luxshare precision,,china,,,,,,31620000000,,,,,,
,,0,,vanke,,china,,,,,,31360000000,,,,,,
,,0,,pseg,,usa,,,,,,31260000000,,,,,,
,,0,,hyundai,,s. korea,,,,,,31190000000,,,,,,
,,0,,maruti suzuki india,,india,,,,,,31150000000,,,,,,
,,0,,singtel,,singapore,,,,,,30970000000,,,,,,
,,0,,peoples insurance company of china,,china,,,,,,30730000000,,,,,,
,,0,,sun pharmaceutical,,india,,,,,,30570000000,,,,,,
,,0,,ahold delhaize,,netherlands,,,,,,30010000000,,,,,,
,,0,,gree electric appliances,,china,,,,,,29810000000,,,,,,
,,0,,dnb,,norway,,,,,,29360000000,,,,,,
,,0,,dmart,,india,,,,,,29320000000,,,,,,
217,0.6429183,0,0.6429183,kuhne nagel,,switzerland,,,,,,28730000000,,,,,,
,,0,,beigene,,china,,,,,,28130000000,,,,,,
,,0,,constellation energy,,usa,,,,,,27840000000,,,,,,
,,0,,bank mandiri,,indonesia,,,,,,27830000000,,,,,,
,,0,,bajaj finserv,,india,,,,,,27130000000,,,,,,
,,0,,mobileye,,israel,,,,,,26440000000,,,,,,
,,0,,titan company,,india,,,,,,26280000000,,,,,,
,,0,,coloplast,,denmark,,,,,,25900000000,,,,,,
221,0.58635056,0,0.58635056,smic,,china,,,,,,25880000000,,,,,,
,,0,,ultratech cement,,india,,,,,,25840000000,,,,,,
,,0,,coca-cola european partners,,uk,,,,,,25730000000,,,,,,
,,0,,agnico eagle mines,,canada,,,,,,25500000000,,,,,,
,,0,,partners group,,switzerland,,,,,,24970000000,,,,,,
,,0,,raymond james,,usa,,,,,,24970000000,,,,,,
,,0,,lindt,,switzerland,,,,,,24750000000,,,,,,
,,0,,telkom indonesia,,indonesia,,,,,,24670000000,,,,,,
,,0,,ke holdings,,china,,,,,,24620000000,,,,,,
,,0,,maybank,,malaysia,,,,,,24480000000,,,,,,
,,0,,naver,,s. korea,,,,,,24330000000,,,,,,
,,0,,banorte,,mexico,,,,,,24210000000,,,,,,
,,0,,tripcom,,china,,,,,,24080000000,,,,,,
,,0,,nestle india,,india,,,,,,23410000000,,,,,,
,,0,,btg pactual,,brazil,,,,,,23330000000,,,,,,
94,0.8863034,0,0.8863034,ingersoll rand,,ireland,,,,,,23290000000,,,,,,
,,0,,michelin,,france,,,,,,22880000000,,,,,,
,,0,,ares management,,usa,,,,,,22880000000,,,,,,
,,0,,oil & natural gas,,india,,,,,,22850000000,,,,,,
,,0,,kakao,,s. korea,,,,,,22760000000,,,,,,
,,0,,jsw steel,,india,,,,,,22510000000,,,,,,
,,0,,borouge,,uae,,,,,,22420000000,,,,,,
,,0,,yankuang energy yanzhou coal mining,,china,,,,,,22410000000,,,,,,
,,0,,didi,,china,,,,,,22320000000,,,,,,
,,0,,labcorp,,usa,,,,,,22300000000,,,,,,
,,0,,argenx,,netherlands,,,,,,22210000000,,,,,,
,,0,,boe technology,,china,,,,,,21990000000,,,,,,
,,0,,uapartments,,usa,,,,,,21910000000,,,,,,
,,0,,chow tai fook,,hong kong,,,,,,21760000000,,,,,,
,,0,,firstrand,,south africa,,,,,,21430000000,,,,,,
,,0,,insulet,,usa,,,,,,21240000000,,,,,,
,,0,,xylem,,usa,,,,,,21070000000,,,,,,
,,0,,antofagasta,,uk,,,,,,21020000000,,,,,,
,,0,,biomarin pharmaceutical,,usa,,,,,,20940000000,,,,,,
,,0,,kia,,s. korea,,,,,,20930000000,,,,,,
,,0,,adani ports & sez,,india,,,,,,20920000000,,,,,,
,,0,,ptt exploration and production,,thailand,,,,,,20700000000,,,,,,
,,0,,atlantia,,italy,,,,,,20440000000,,,,,,
,,0,,swedbank,,sweden,,,,,,20350000000,,,,,,
,,0,,h&m,,sweden,,,,,,20280000000,,,,,,
,,0,,ericsson,,sweden,,,,,,20200000000,,,,,,
,,0,,cardinal health,,usa,,,,,,20150000000,,,,,,
,,0,,copel,,brazil,,,,,,20110000000,,,,,,
,,0,,epam systems,,usa,,,,,,19880000000,,,,,,
,,0,,ntpc limited,,india,,,,,,19800000000,,,,,,
,,0,,coterra energy,,usa,,,,,,19790000000,,,,,,
,,0,,essity,,sweden,,,,,,19760000000,,,,,,
,,0,,centerpoint energy,,usa,,,,,,19710000000,,,,,,
,,0,,mahin& mahindra,,india,,,,,,19600000000,,,,,,
,,0,,steel dynamics,,usa,,,,,,19570000000,,,,,,
,,0,,wilmar international,,singapore,,,,,,19540000000,,,,,,
,,0,,w r berkley,,usa,,,,,,19470000000,,,,,,
,,0,,celltrion,,s. korea,,,,,,19450000000,,,,,,
,,0,,aker bp,,norway,,,,,,19420000000,,,,,,
,,0,,upm-kymmene,,finland,,,,,,19250000000,,,,,,
,,0,,first solar,,usa,,,,,,19200000000,,,,,,
,,0,,mengniu dairy,,china,,,,,,19160000000,,,,,,
,,0,,conagra brands,,usa,,,,,,19020000000,,,,,,
,,0,,wabtec,,usa,,,,,,18930000000,,,,,,
,,0,,kanzhun,,china,,,,,,18880000000,,,,,,
,,0,,centrais electricas brasileiras,,brazil,,,,,,18800000000,,,,,,
,,0,,tsingtao,,china,,,,,,18750000000,,,,,,
,,0,,posco,,s. korea,,,,,,18630000000,,,,,,
,,0,,aes,,usa,,,,,,18600000000,,,,,,
,,0,,rollins,,usa,,,,,,18600000000,,,,,,
,,0,,cp all,,thailand,,,,,,18560000000,,,,,,
,,0,,chewy,,usa,,,,,,18520000000,,,,,,
,,0,,powergrid corporation of india,,india,,,,,,18520000000,,,,,,
,,0,,porsche se,,germany,,,,,,18450000000,,,,,,
,,0,,eisai,,japan,,,,,,18350000000,,,,,,
,,0,,lpl financial,,usa,,,,,,18330000000,,,,,,
,,0,,icon plc,,ireland,,,,,,18320000000,,,,,,
223,0.57567596,0,0.57567596,hong kong and china gas,,hong kong,,,,,,18300000000,,,,,,
,,0,,wharf reic,,hong kong,,,,,,18250000000,,,,,,
,,0,,darden restaurants,,usa,,,,,,18230000000,,,,,,
,,0,,brookfield renewable partners,,bermuda,,,,,,18120000000,,,,,,
,,0,,pinterest,,usa,,,,,,18100000000,,,,,,
,,0,,exor,,netherlands,,,,,,18060000000,,,,,,
,,0,,amcor,,switzerland,,,,,,18060000000,,,,,,
,,0,,tata steel,,india,,,,,,18020000000,,,,,,
,,0,,clorox,,usa,,,,,,18020000000,,,,,,
,,0,,idex,,usa,,,,,,18010000000,,,,,,
,,0,,incyte,,usa,,,,,,17980000000,,,,,,
,,0,,icahn enterprises,,usa,,,,,,17920000000,,,,,,
,,0,,hindustan zinc,,india,,,,,,17910000000,,,,,,
,,0,,lasertec,,japan,,,,,,17800000000,,,,,,
220,0.5924428,0,0.5924428,zte,,china,,,,,,17800000000,,,,,,
,,0,,danske bank,,denmark,,,,,,17790000000,,,,,,
,,0,,vantage towers,,germany,,,,,,17640000000,,,,,,
,,0,,take 2 interactive,,usa,,,,,,17620000000,,,,,,
,,0,,associated british foods,,uk,,,,,,17610000000,,,,,,
,,0,,solaredge,,israel,,,,,,17600000000,,,,,,
,,0,,dollarama,,canada,,,,,,17540000000,,,,,,
,,0,,expeditors,,usa,,,,,,17330000000,,,,,,
,,0,,w p carey,,usa,,,,,,17290000000,,,,,,
,,0,,cooper companies,,usa,,,,,,17290000000,,,,,,
,,0,,blue owl capital,,usa,,,,,,17250000000,,,,,,
,,0,,nu holdings,,brazil,,,,,,17240000000,,,,,,
,,0,,abiomed,,usa,,,,,,17180000000,,,,,,
,,0,,3i group,,uk,,,,,,17140000000,,,,,,
,,0,,abu dhabi commercial bank adcb,,uae,,,,,,17140000000,,,,,,
,,0,,shinhan financial group,,s. korea,,,,,,17070000000,,,,,,
,,0,,targa resources,,usa,,,,,,17059999999,,,,,,
,,0,,pkn orlen,,poland,,,,,,17000000000,,,,,,
,,0,,broadridge financial solutions,,usa,,,,,,16950000000,,,,,,
,,0,,santos,,australia,,,,,,16940000000,,,,,,
,,0,,etsy,,usa,,,,,,16920000000,,,,,,
,,0,,ajinomoto,,japan,,,,,,16910000000,,,,,,
,,0,,bollore,,france,,,,,,16910000000,,,,,,
,,0,,united airlines holdings,,usa,,,,,,16879999999,,,,,,
,,0,,howmet aerospace,,usa,,,,,,16850000000,,,,,,
,,0,,quest diagnostics,,usa,,,,,,16840000000,,,,,,
,,0,,omv,,austria,,,,,,16809999999,,,,,,
,,0,,avangrid,,usa,,,,,,16770000000,,,,,,
,,0,,itausa,,brazil,,,,,,16770000000,,,,,,
,,0,,tourmaline oil,,canada,,,,,,16670000000,,,,,,
,,0,,hyone,,canada,,,,,,16660000000,,,,,,
,,0,,texas pacific land trust,,usa,,,,,,16620000000,,,,,,
,,0,,china merchants shekou industrial zone,,china,,,,,,16590000000,,,,,,
,,0,,swedish match,,sweden,,,,,,16590000000,,,,,,
,,0,,bank of jiangsu,,china,,,,,,16550000000,,,,,,
,,0,,jm smucker company,,usa,,,,,,16460000000,,,,,,
,,0,,campbell soup,,usa,,,,,,16450000000,,,,,,
,,0,,fmc,,usa,,,,,,16370000000,,,,,,
,,0,,bank of nanjing,,china,,,,,,16360000000,,,,,,
,,0,,coal india,,india,,,,,,16210000000,,,,,,
,,0,,atmos energy,,usa,,,,,,16180000000,,,,,,
,,0,,moncler,,italy,,,,,,16160000000,,,,,,
,,0,,hyundai mobis,,s. korea,,,,,,16140000000,,,,,,
,,0,,rentokil initial,,uk,,,,,,16120000000,,,,,,
,,0,,factset,,usa,,,,,,16110000000,,,,,,
,,0,,swire properties,,hong kong,,,,,,16059999999,,,,,,
,,0,,sbi life insurance,,india,,,,,,16030000000,,,,,,
,,0,,swatch,,switzerland,,,,,,16030000000,,,,,,
,,0,,hdfc life,,india,,,,,,15980000000,,,,,,
,,0,,terna,,italy,,,,,,15970000000,,,,,,
,,0,,nvr,,usa,,,,,,15950000000,,,,,,
,,0,,jacobs engineering,,usa,,,,,,15950000000,,,,,,
,,0,,symrise,,germany,,,,,,15860000000,,,,,,
,,0,,avery dennison,,usa,,,,,,15810000000,,,,,,
,,0,,wsp global,,canada,,,,,,15800000000,,,,,,
,,0,,pchem petronas chemicals group,,malaysia,,,,,,15680000000,,,,,,
,,0,,coles group,,australia,,,,,,15670000000,,,,,,
,,0,,suzuki motor,,japan,,,,,,15640000000,,,,,,
,,0,,lkq corporation,,usa,,,,,,15630000000,,,,,,
,,0,,aercap,,ireland,,,,,,15610000000,,,,,,
4,0.9027679,1,0.9027679,becton dickinson and company,,united states,,,,,,76980000000.0,,,healthcare,,,602
5,0.90245026,1,0.90245026,digital realty trust inc,,united states,,,,,,40640000000.0,,,real estate,,,603
8,0.902012,1,0.902012,schlumberger limited,,united states,,,,,,57630000000.0,,,energy,,,604
7,0.902012,1,0.902012,weyerhaeuser company,,united states,,,,,,29420000000.0,,,real estate,,,605
6,0.902012,1,0.902012,baker hughes company,,united states,,,,,,38390000000.0,,,energy,,,606
9,0.90083134,1,0.90083134,hilton worldwide holdings inc,,united states,,,,,,42390000000.0,,,consumer discretionary,,,607
12,0.9005454,1,0.9005454,royal caribbean cruises ltd,,united states,,,,,,20810000000.0,,,consumer discretionary,,,608
11,0.9005454,1,0.9005454,southern copper corporation,,united states,,,,,,59460000000.0,,,basic materials,,,609
10,0.9005454,1,0.9005454,cheniere energy partners lp,,united states,,,,,,26680000000.0,,,energy,,,610
14,0.9005454,1,0.9005454,bank of america corporation,,united states,,,,,,350840000000.0,,,financials,,,611
13,0.9005454,1,0.9005454,lockheed martin corporation,,united states,,,,,,124980000000.0,,,industrials,,,612
27,0.9003305,1,0.9003305,catalent inc,,united states,,,,,,18240000000.0,,,healthcare,,,613
26,0.9003305,1,0.9003305,ubiquiti inc,,united states,,,,,,18250000000.0,,,technology,,,614
25,0.9003305,1,0.9003305,teradyne inc,,united states,,,,,,19850000000.0,,,technology,,,615
24,0.9003305,1,0.9003305,verisign inc,,united states,,,,,,24810000000.0,,,technology,,,616
23,0.9003305,1,0.9003305,kkr & co inc,,united states,,,,,,33490000000.0,,,financials,,,617
22,0.9003305,1,0.9003305,doordash inc,,united states,,,,,,36740000000.0,,,communication services,,,618
21,0.9003305,1,0.9003305,illumina inc,,united states,,,,,,49910000000.0,,,healthcare,,,619
20,0.9003305,1,0.9003305,synopsys inc,,united states,,,,,,50180000000.0,,,technology,,,620
19,0.9003305,1,0.9003305,fortinet inc,,united states,,,,,,53860000000.0,,,technology,,,621
18,0.9003305,1,0.9003305,broadcom inc,,united states,,,,,,265269999999.0,,,technology,,,622
17,0.9003305,1,0.9003305,autozone inc,,united states,,,,,,44390000000.0,,,consumer discretionary,,,623
16,0.9003305,1,0.9003305,autodesk inc,,united states,,,,,,47690000000.0,,,technology,,,624
15,0.9003305,1,0.9003305,prologis inc,,united states,,,,,,121200000000.0,,,real estate,,,625
28,0.89953035,1,0.89953035,carvana co,,united states,,,,,,20330000000.0,,,consumer discretionary,,,626
29,0.8988143,1,0.8988143,halliburton company,,united states,,,,,,33950000000.0,,,energy,,,627
30,0.89813393,1,0.89813393,salesforcecom inc,,united states,,,,,,193800000000.0,,,technology,,,628
34,0.8980486,1,0.8980486,northern trust corporation,,united states,,,,,,24420000000.0,,,financials,,,629
33,0.8980486,1,0.8980486,otis worldwide corporation,,united states,,,,,,33090000000.0,,,industrials,,,630
32,0.8980486,1,0.8980486,parker-hannifin corporation,,united states,,,,,,37050000000.0,,,industrials,,,631
31,0.8980486,1,0.8980486,dollar general corporation,,united states,,,,,,54300000000.0,,,consumer staples,,,632
35,0.89682186,1,0.89682186,t rowe price group inc,,united states,,,,,,34009999999.0,,,financials,,,633
36,0.8965725,1,0.8965725,martin marietta materials inc,,united states,,,,,,23940000000.0,,,basic materials,,,634
37,0.8961675,1,0.8961675,applovin corp,,united states,,,,,,20860000000.0,,,technology,,,635
40,0.89522445,1,0.89522445,realty income corporation,,united states,,,,,,26180000000.0,,,real estate,,,636
39,0.89522445,1,0.89522445,valero energy corporation,,united states,,,,,,41270000000.0,,,energy,,,637
38,0.89522445,1,0.89522445,kimberly-clark corporation,,united states,,,,,,43210000000.0,,,consumer staples,,,638
41,0.8950468,1,0.8950468,dte energy company,,united states,,,,,,26410000000.0,,,utilities,,,639
58,0.8946708,1,0.8946708,avantor inc,,united states,,,,,,19480000000.0,,,basic materials,,,640
57,0.8946708,1,0.8946708,hologic inc,,united states,,,,,,19750000000.0,,,healthcare,,,641
56,0.8946708,1,0.8946708,hubspot inc,,united states,,,,,,20930000000.0,,,technology,,,642
55,0.8946708,1,0.8946708,workday inc,,united states,,,,,,58700000000.0,,,technology,,,643
54,0.8946708,1,0.8946708,gartner inc,,united states,,,,,,25030000000.0,,,technology,,,644
53,0.8946708,1,0.8946708,mongodb inc,,united states,,,,,,25730000000.0,,,technology,,,645
52,0.8946708,1,0.8946708,equifax inc,,united states,,,,,,28240000000.0,,,industrials,,,646
51,0.8946708,1,0.8946708,cummins inc,,united states,,,,,,29940000000.0,,,industrials,,,647
50,0.8946708,1,0.8946708,zscaler inc,,united states,,,,,,31030000000.0,,,technology,,,648
49,0.8946708,1,0.8946708,corteva inc,,united states,,,,,,42660000000.0,,,basic materials,,,649
48,0.8946708,1,0.8946708,paychex inc,,united states,,,,,,49230000000.0,,,industrials,,,650
47,0.8946708,1,0.8946708,pepsico inc,,united states,,,,,,241050000000.0,,,consumer staples,,,651
46,0.8946708,1,0.8946708,metlife inc,,united states,,,,,,62690000000.0,,,financials,,,652
45,0.8946708,1,0.8946708,moderna inc,,united states,,,,,,70810000000.0,,,healthcare,,,653
44,0.8946708,1,0.8946708,netflix inc,,united states,,,,,,163190000000.0,,,communication services,,,654
43,0.8946708,1,0.8946708,datadog inc,,united states,,,,,,45130000000.0,,,technology,,,655
42,0.8946708,1,0.8946708,walmart inc,,united states,,,,,,429050000000.0,,,consumer staples,,,656
59,0.89391536,1,0.89391536,lyondellbasell industries nv,,united states,,,,,,35960000000.0,,,basic materials,,,657
60,0.8933456,1,0.8933456,wells fargo & company,,united states,,,,,,200010000000.0,,,financials,,,658
62,0.8930377,1,0.8930377,cf industries holdings inc,,united states,,,,,,21950000000.0,,,basic materials,,,659
61,0.8930377,1,0.8930377,zimmer biomet holdings inc,,united states,,,,,,26940000000.0,,,healthcare,,,660
177,0.851225,1,0.851225,sse plc,,united kingdom,,,,,,23730000000.0,,,utilities,,,661
176,0.851225,1,0.851225,aon plc,,united kingdom,,,,,,73330000000.0,,,financials,,,662
68,0.8920057,1,0.8920057,marathon oil corporation,,united states,,,,,,19540000000.0,,,energy,,,663
67,0.8920057,1,0.8920057,hormel foods corporation,,united states,,,,,,28520000000.0,,,consumer staples,,,664
66,0.8920057,1,0.8920057,devon energy corporation,,united states,,,,,,41820000000.0,,,energy,,,665
65,0.8920057,1,0.8920057,lam research corporation,,united states,,,,,,77600000000.0,,,technology,,,666
3,0.90834785,1,0.90834785,saudi electricity company,,saudi arabia,,,,,,29420000000.0,,,utilities,,,667
69,0.888561,1,0.888561,best buy co inc,,united states,,,,,,23930000000.0,,,consumer discretionary,,,668
71,0.8883057,1,0.8883057,exxon mobil corporation,,united states,,,,,,348720000000.0,,,energy,,,669
70,0.8883057,1,0.8883057,duke energy corporation,,united states,,,,,,88760000000.0,,,utilities,,,670
72,0.8881751,1,0.8881751,american tower corporation reit,,united states,,,,,,115110000000.0,,,real estate,,,671
93,0.88719904,1,0.88719904,netapp inc,,united states,,,,,,18760000000.0,,,technology,,,672
92,0.88719904,1,0.88719904,humana inc,,united states,,,,,,56550000000.0,,,healthcare,,,673
91,0.88719904,1,0.88719904,ventas inc,,united states,,,,,,23810000000.0,,,real estate,,,674
90,0.88719904,1,0.88719904,splunk inc,,united states,,,,,,23840000000.0,,,technology,,,675
89,0.88719904,1,0.88719904,seagen inc,,united states,,,,,,24870000000.0,,,healthcare,,,676
88,0.88719904,1,0.88719904,twilio inc,,united states,,,,,,26090000000.0,,,communication services,,,677
87,0.88719904,1,0.88719904,nasdaq inc,,united states,,,,,,29520000000.0,,,financials,,,678
86,0.88719904,1,0.88719904,copart inc,,united states,,,,,,29580000000.0,,,industrials,,,679
85,0.88719904,1,0.88719904,ametek inc,,united states,,,,,,31150000000.0,,,industrials,,,680
84,0.88719904,1,0.88719904,biogen inc,,united states,,,,,,31350000000.0,,,healthcare,,,681
83,0.88719904,1,0.88719904,paccar inc,,united states,,,,,,32040000000.0,,,industrials,,,682
82,0.88719904,1,0.88719904,resmed inc,,united states,,,,,,35440000000.0,,,healthcare,,,683
81,0.88719904,1,0.88719904,ecolab inc,,united states,,,,,,50290000000.0,,,basic materials,,,684
80,0.88719904,1,0.88719904,fiserv inc,,united states,,,,,,68680000000.0,,,technology,,,685
79,0.88719904,1,0.88719904,intuit inc,,united states,,,,,,126770000000.0,,,technology,,,686
78,0.88719904,1,0.88719904,abbvie inc,,united states,,,,,,294270000000.0,,,healthcare,,,687
77,0.88719904,1,0.88719904,pfizer inc,,united states,,,,,,300790000000.0,,,healthcare,,,688
76,0.88719904,1,0.88719904,dexcom inc,,united states,,,,,,46860000000.0,,,healthcare,,,689
75,0.88719904,1,0.88719904,vmware inc,,united states,,,,,,48170000000.0,,,technology,,,690
74,0.88719904,1,0.88719904,zoetis inc,,united states,,,,,,89820000000.0,,,healthcare,,,691
73,0.88719904,1,0.88719904,airbnb inc,,united states,,,,,,105070000000.0,,,communication services,,,692
0,0.9161395,1,0.9161395,kb financial group inc,,south korea,,,,,,19390000000.0,,,financials,,,693
193,0.84252155,1,0.84252155,hsbc holdings plc,,united kingdom,,,,,,140150000000.0,,,financials,,,694
96,0.8859332,1,0.8859332,crowdstrike holdings inc,,united states,,,,,,47890000000.0,,,technology,,,695
97,0.8850825,1,0.8850825,fastenal company,,united states,,,,,,34580000000.0,,,industrials,,,696
98,0.8844714,1,0.8844714,synchrony financial,,united states,,,,,,20430000000.0,,,financials,,,697
99,0.88401127,1,0.88401127,cvs health corporation,,united states,,,,,,135270000000.0,,,healthcare,,,698
100,0.88365227,1,0.88365227,mgm resorts international,,united states,,,,,,20220000000.0,,,consumer discretionary,,,699
101,0.8831284,1,0.8831284,mettler-toledo international inc,,united states,,,,,,31780000000.0,,,healthcare,,,700
102,0.8831284,1,0.8831284,philip morris international inc,,united states,,,,,,154710000000.0,,,consumer staples,,,701
103,0.88229215,1,0.88229215,roblox corp,,united states,,,,,,26050000000.0,,,communication services,,,702
104,0.8815445,1,0.8815445,mastercard incorporated,,united states,,,,,,358600000000.0,,,financials,,,703
1,0.9106653,1,0.9106653,lg electronics inc,,south korea,,,,,,18910000000.0,,,technology,,,704
109,0.8789715,1,0.8789715,albemarle corporation,,united states,,,,,,25250000000.0,,,basic materials,,,705
108,0.8789715,1,0.8789715,eli lilly and company,,united states,,,,,,273010000000.0,,,healthcare,,,706
107,0.8789715,1,0.8789715,starbucks corporation,,united states,,,,,,108190000000.0,,,consumer discretionary,,,707
106,0.8789715,1,0.8789715,microsoft corporation,,united states,,,,,,2328000000000.0,,,technology,,,708
2,0.91015196,1,0.91015196,samsung biologics coltd,,south korea,,,,,,44010000000.0,,,healthcare,,,709
110,0.8783208,1,0.8783208,keycorp,,united states,,,,,,21710000000.0,,,financials,,,710
111,0.8776366,1,0.8776366,unitedhealth group incorporated,,united states,,,,,,488520000000.0,,,healthcare,,,711
118,0.8769162,1,0.8769162,ansys inc,,united states,,,,,,26980000000.0,,,technology,,,712
117,0.8769162,1,0.8769162,block inc,,united states,,,,,,59950000000.0,,,technology,,,713
116,0.8769162,1,0.8769162,oneok inc,,united states,,,,,,31660000000.0,,,energy,,,714
115,0.8769162,1,0.8769162,tesla inc,,united states,,,,,,1016000000000.0,,,consumer discretionary,,,715
114,0.8769162,1,0.8769162,amgen inc,,united states,,,,,,141720000000.0,,,healthcare,,,716
113,0.8769162,1,0.8769162,adobe inc,,united states,,,,,,199570000000.0,,,technology,,,717
112,0.8769162,1,0.8769162,apple inc,,united states,,,,,,2825000000000.0,,,technology,,,718
119,0.8764145,1,0.8764145,sirius xm holdings inc,,united states,,,,,,28050000000.0,,,communication services,,,719
120,0.8757615,1,0.8757615,coinbase global inc,,united states,,,,,,35860000000.0,,,technology,,,720
121,0.8753551,1,0.8753551,live nation entertainment inc,,united states,,,,,,24610000000.0,,,communication services,,,721
122,0.8748767,1,0.8748767,equinix inc reit,,united states,,,,,,66349999999.0,,,real estate,,,722
123,0.87361,1,0.87361,amazoncom inc,,united states,,,,,,1642000000000.0,,,consumer discretionary,,,723
127,0.8729817,1,0.8729817,tradeweb markets inc,,united states,,,,,,19980000000.0,,,financials,,,724
126,0.8729817,1,0.8729817,m&t bank corporation,,united states,,,,,,21740000000.0,,,financials,,,725
125,0.8729817,1,0.8729817,amphenol corporation,,united states,,,,,,45770000000.0,,,technology,,,726
124,0.8729817,1,0.8729817,mckesson corporation,,united states,,,,,,48460000000.0,,,healthcare,,,727
128,0.8716465,1,0.8716465,omnicom group inc,,united states,,,,,,18800000000.0,,,communication services,,,728
130,0.870346,1,0.870346,qualcomm incorporated,,united states,,,,,,172250000000.0,,,technology,,,729
129,0.870346,1,0.870346,mcdonald's corporation,,united states,,,,,,186570000000.0,,,consumer discretionary,,,730
131,0.8692811,1,0.8692811,crown castle international corp reit,,united states,,,,,,80920000000.0,,,real estate,,,731
134,0.86819375,1,0.86819375,capital one financial corporation,,united states,,,,,,59670000000.0,,,financials,,,732
133,0.86819375,1,0.86819375,mplx lp,,united states,,,,,,35270000000.0,,,energy,,,733
143,0.86575747,1,0.86575747,cenergy corporation,,united states,,,,,,20730000000.0,,,utilities,,,734
142,0.86575747,1,0.86575747,fortive corporation,,united states,,,,,,20880000000.0,,,technology,,,735
141,0.86575747,1,0.86575747,entergy corporation,,united states,,,,,,23920000000.0,,,utilities,,,736
140,0.86575747,1,0.86575747,emerson electric co,,united states,,,,,,59660000000.0,,,industrials,,,737
139,0.86575747,1,0.86575747,danaher corporation,,united states,,,,,,208030000000.0,,,healthcare,,,738
138,0.86575747,1,0.86575747,comcast corporation,,united states,,,,,,218900000000.0,,,communication services,,,739
137,0.86575747,1,0.86575747,centene corporation,,united states,,,,,,49320000000.0,,,healthcare,,,740
136,0.86575747,1,0.86575747,newmont corporation,,united states,,,,,,65890000000.0,,,basic materials,,,741
135,0.86575747,1,0.86575747,chevron corporation,,united states,,,,,,315130000000.0,,,energy,,,742
144,0.86525655,1,0.86525655,honeywell international inc,,united states,,,,,,136479999999.0,,,industrials,,,743
146,0.8633057,1,0.8633057,transdigm group incorporated,,united states,,,,,,36140000000.0,,,industrials,,,744
148,0.8630676,1,0.8630676,billcom holdings inc,,united states,,,,,,19650000000.0,,,technology,,,745
147,0.8630676,1,0.8630676,corning incorporated,,united states,,,,,,31600000000.0,,,technology,,,746
205,0.8126507,1,0.8126507,bp plc,,united kingdom,,,,,,96240000000.0,,,energy,,,747
149,0.86215025,1,0.86215025,the hartford financial services group inc,,united states,,,,,,25760000000.0,,,financials,,,748
156,0.86196196,1,0.86196196,okta inc,,united states,,,,,,22450000000.0,,,technology,,,749
155,0.86196196,1,0.86196196,nike inc,,united states,,,,,,213600000000.0,,,consumer discretionary,,,750
154,0.86196196,1,0.86196196,ebay inc,,united states,,,,,,39340000000.0,,,consumer discretionary,,,751
153,0.86196196,1,0.86196196,msci inc,,united states,,,,,,39970000000.0,,,financials,,,752
152,0.86196196,1,0.86196196,snap inc,,united states,,,,,,53860000000.0,,,communication services,,,753
151,0.86196196,1,0.86196196,at&t inc,,united states,,,,,,175880000000.0,,,communication services,,,754
150,0.86196196,1,0.86196196,visa inc,,united states,,,,,,486770000000.0,,,financials,,,755
157,0.86143565,1,0.86143565,principal financial group inc,,united states,,,,,,20130000000.0,,,financials,,,756
161,0.8610518,1,0.8610518,fleetcor technologies inc,,united states,,,,,,20920000000.0,,,technology,,,757
160,0.8610518,1,0.8610518,zoominfo technologies inc,,united states,,,,,,21230000000.0,,,technology,,,758
159,0.8610518,1,0.8610518,palantir technologies inc,,united states,,,,,,24910000000.0,,,technology,,,759
158,0.8610518,1,0.8610518,keysight technologies inc,,united states,,,,,,29400000000.0,,,technology,,,760
163,0.85899913,1,0.85899913,carnival corporation & plc,,united states,,,,,,23290000000.0,,,consumer discretionary,,,761
162,0.85899913,1,0.85899913,mondelez international inc,,united states,,,,,,90670000000.0,,,consumer staples,,,762
171,0.8568936,1,0.8568936,markel corporation,,united states,,,,,,20300000000.0,,,financials,,,763
170,0.8568936,1,0.8568936,ameren corporation,,united states,,,,,,24790000000.0,,,utilities,,,764
169,0.8568936,1,0.8568936,lennar corporation,,united states,,,,,,25340000000.0,,,consumer discretionary,,,765
168,0.8568936,1,0.8568936,nvidia corporation,,united states,,,,,,660380000000.0,,,technology,,,766
167,0.8568936,1,0.8568936,moody's corporation,,united states,,,,,,62580000000.0,,,financials,,,767
166,0.8568936,1,0.8568936,oracle corporation,,united states,,,,,,228180000000.0,,,technology,,,768
165,0.8568936,1,0.8568936,cintas corporation,,united states,,,,,,44320000000.0,,,industrials,,,769
164,0.8568936,1,0.8568936,target corporation,,united states,,,,,,106890000000.0,,,consumer staples,,,770
64,0.89226604,1,0.89226604,sk hynix inc,,south korea,,,,,,,,,technology,,,771
173,0.85498756,1,0.85498756,merck & co inc,,united states,,,,,,210380000000.0,,,healthcare,,,772
172,0.85498756,1,0.85498756,cisco systeinc,,united states,,,,,,238450000000.0,,,technology,,,773
175,0.85419726,1,0.85419726,paycom software inc,,united states,,,,,,19870000000.0,,,technology,,,774
174,0.85419726,1,0.85419726,paypal holdings inc,,united states,,,,,,133919999999.0,,,financials,,,775
180,0.8484723,1,0.8484723,coca-cola europacific partners plc,,united kingdom,,,,,,22530000000.0,,,consumer staples,,,776
215,0.67552114,1,0.67552114,the people's insurance company group of china ltd,,china,,,,,,27930000000.0,,,financials,,,777
179,0.8497334,1,0.8497334,verizon communications inc,,united states,,,,,,216680000000.0,,,communication services,,,778
178,0.8497334,1,0.8497334,carrier global corporation,,united states,,,,,,40790000000.0,,,industrials,,,779
95,0.88620627,1,0.88620627,coupang inc,,south korea,,,,,,30530000000.0,,,consumer discretionary,,,780
187,0.84579545,1,0.84579545,heico corporation,,united states,,,,,,18490000000.0,,,industrials,,,781
186,0.84579545,1,0.84579545,dover corporation,,united states,,,,,,22940000000.0,,,industrials,,,782
185,0.84579545,1,0.84579545,sysco corporation,,united states,,,,,,42220000000.0,,,consumer staples,,,783
184,0.84579545,1,0.84579545,fedex corporation,,united states,,,,,,63250000000.0,,,industrials,,,784
183,0.84579545,1,0.84579545,intel corporation,,united states,,,,,,201720000000.0,,,technology,,,785
182,0.84579545,1,0.84579545,nucor corporation,,united states,,,,,,46860000000.0,,,basic materials,,,786
181,0.84579545,1,0.84579545,cigna corporation,,united states,,,,,,84670000000.0,,,healthcare,,,787
188,0.84551096,1,0.84551096,teledyne technologies incorporated,,united states,,,,,,21650000000.0,,,technology,,,788
189,0.8449702,1,0.8449702,akamai technologies inc,,united states,,,,,,19590000000.0,,,technology,,,789
132,0.86869526,1,0.86869526,al rajhi banking and investment corp,,saudi arabia,,,,,,106370000000.0,,,financials,,,790
191,0.84318197,1,0.84318197,aflac incorporated,,united states,,,,,,43590000000.0,,,financials,,,791
190,0.84318197,1,0.84318197,iqvia holdings inc,,united states,,,,,,44320000000.0,,,healthcare,,,792
192,0.84298897,1,0.84298897,baxter international inc,,united states,,,,,,40130000000.0,,,healthcare,,,793
195,0.83849496,1,0.83849496,dow inc,,united states,,,,,,48500000000.0,,,basic materials,,,794
197,0.836074,1,0.836074,costco wholesale corporation,,united states,,,,,,258149999999.0,,,consumer staples,,,795
216,0.6458027,1,0.6458027,advanced info service pcl,,thailand,,,,,,20650000000.0,,,communication services,,,796
198,0.83156,1,0.83156,hess corporation,,united states,,,,,,32810000000.0,,,energy,,,797
199,0.82702446,1,0.82702446,ford motor company,,united states,,,,,,65739999999.0,,,consumer discretionary,,,798
201,0.821455,1,0.821455,uber technologies inc,,united states,,,,,,62660000000.0,,,technology,,,799
200,0.821455,1,0.821455,dell technologies inc,,united states,,,,,,38160000000.0,,,technology,,,800
204,0.81276184,1,0.81276184,kla corporation,,united states,,,,,,56480000000.0,,,technology,,,801
203,0.81276184,1,0.81276184,ppl corporation,,united states,,,,,,22870000000.0,,,utilities,,,802
206,0.811209,1,0.811209,zoom video communications inc,,united states,,,,,,33220000000.0,,,communication services,,,803
208,0.7974056,1,0.7974056,hp inc,,united states,,,,,,43900000000.0,,,technology,,,804
209,0.79093957,1,0.79093957,fifth third bancorp,,united states,,,,,,30460000000.0,,,financials,,,805
210,0.79054284,1,0.79054284,3m company,,united states,,,,,,88770000000.0,,,industrials,,,806
196,0.83831024,1,0.83831024,samsung electronics co ltd,,south korea,,,,,,378350000000.0,,,technology,,,807
202,0.81838423,1,0.81838423,sabic agri-nutrients company,,saudi arabia,,,,,,22780000000.0,,,basic materials,,,808
226,0.5447663,1,0.5447663,china national nuclear power co ltd,,china,,,,,,22420000000.0,,,utilities,,,
227,0.5290519,1,0.5290519,link real estate investment trust,,hong kong,,,,,,18270000000.0,,,real estate,,,810
213,0.726539,1,0.726539,monolithic power systeinc,,united states,,,,,,21870000000.0,,,technology,,,811
214,0.69405055,1,0.69405055,cadence design systeinc,,united states,,,,,,44230000000.0,,,technology,,,812
94,0.8863034,1,0.8863034,ingersoll rand inc,,united states,,,,,,21130000000.0,,,industrials,,,813
63,0.8928639,1,0.8928639,china railway group ltd,,hong kong,,,,,,20150000000.0,,,industrials,,,814
,,1,,canadian imperial bank of commerce,,canada,,,,,,57200000000.0,,,financials,,,815
,,1,,murata manufacturing co ltd,,japan,,,,,,43410000000.0,,,technology,,,816
105,0.8795812,1,0.8795812,china mobile ltd,,hong kong,,,,,,139300000000.0,,,communication services,,,817
,,1,,merck kommanditgesellschaft auf aktien,,germany,,,,,,90740000000.0,,,healthcare,,,818
,,1,,taiwan semiconductor manufacturing company limited,,taiwan,,,,,,527890000000.0,,,technology,,,
219,0.6227066,1,0.6227066,energy transfer lp,,united states,,,,,,30690000000.0,,,energy,,,820
145,0.8643396,1,0.8643396,china telecom corp ltd,,hong kong,,,,,,31490000000.0,,,communication services,,,821
,,1,,budweiser brewing company apac ltd,,hong kong,,,,,,34730000000.0,,,consumer staples,,,822
222,0.5805145,1,0.5805145,kellogg company,,united states,,,,,,22630000000.0,,,consumer staples,,,823
194,0.841898,1,0.841898,continental resources inc,,united states,,,,,,22250000000.0,,,energy,,,824
,,1,,daimler ag,,germany,,,,,,,,,consumer discretionary,,,825
228,0.523351,1,0.523351,meta platforinc,,united states,,,,,,617500000000.0,,,communication services,,,826
207,0.80737484,1,0.80737484,cnooc limited,,hong kong,,,,,,60190000000.0,,,energy,,,827
,,1,,norsk hyasa,,,,,,,,20100000000.0,,,,,,
,,1,,petroleo brasileiro sa - petrobras,,brazil,,,,,,98370000000.0,,,energy,,,
211,0.7875079,1,0.7875079,united overseas bank ltd,,singapore,,,,,,39730000000.0,,,financials,,,
,,1,,booking holdings inc,,united states,,,,,,95020000000.0,,,consumer discretionary,,,831
,,1,,singapore telecommunications ltd,,singapore,,,,,,32229999999.0,,,communication services,,,
,,1,,international business machines corporation,,united states,,,,,,119200000000.0,,,technology,,,
,,1,,shenzhen mindray bio-medical electronics co ltd,,china,,,,,,59260000000.0,,,healthcare,,,
,,1,,nippon telegraph & telephone corp,,japan,,,,,,103750000000.0,,,communication services,,,
,,1,,beijing wantai biological pharmacy enterprise co ltd,,china,,,,,,26800000000.0,,,healthcare,,,
,,1,,grupo financiero banorte sab de cv,,mexico,,,,,,22600000000.0,,,financials,,,
,,1,,veeva systeinc,,united states,,,,,,30760000000.0,,,healthcare,,,838
,,1,,cez as,,,,,,,,,,,,,,839
,,1,,maxim integrated products inc,,united states,,,,,,,,,technology,,,
,,1,,bae systeplc,,united kingdom,,,,,,30510000000.0,,,industrials,,,841
224,0.5667158,1,0.5667158,general accident plc,,united kingdom,,,,,,51430000000.0,,,financials,,,
,,1,,compagnie generale des etablissements michelin sca,,france,,,,,,23650000000.0,,,consumer discretionary,,,
,,1,,chongqing zhifei biological products co ltd,,china,,,,,,34130000000.0,,,healthcare,,,
212,0.7623545,1,0.7623545,eqt ab,,japan,,,,,,39710000000.0,,,financials,,,
230,0.5106054,1,0.5106054,the bank of new york mellon corporation,,united states,,,,,,40830000000.0,,,financials,,,
,,1,,edp - energias de portugal sa,,,,,,,,19430000000.0,,,,,,
,,1,,pacificorp,,united states,,,,,,62870000000.0,,,utilities,,,
,,1,,saudi arabian mining company,,saudi arabia,,,,,,45000000000.0,,,basic materials,,,
229,0.5226078,1,0.5226078,banco santander sa,,spain,,,,,,61670000000.0,,,financials,,,
,,1,,itochu corp,,japan,,,,,,52190000000.0,,,industrials,,,851
,,1,,brown-forman corporation,,united states,,,,,,32070000000.0,,,consumer staples,,,852
225,0.55654883,1,0.55654883,electricite de france sa,,france,,,,,,29170000000.0,,,utilities,,,853
,,1,,jb hunt transport services inc,,united states,,,,,,21480000000.0,,,industrials,,,854
,,1,,advanced micro devices inc,,united states,,,,,,128289999999.0,,,technology,,,
,,1,,china vanke co ltd,,china,,,,,,33350000000.0,,,real estate,,,
,,1,,woodside petroleum ltd,,australia,,,,,,24600000000.0,,,energy,,,
,,1,,shanghai international port,,china,,,,,,22650000000.0,,,industrials,,,858
,,1,,china mengniu dairy co ltd,,hong kong,,,,,,21170000000.0,,,consumer staples,,,
,,1,,investment ab latour,,sweden,,,,,,20390000000.0,,,financials,,,
,,1,,alphabet inc,,united states,,,,,,1825000000000.0,,,communication services,,,
,,1,,schindler holding ag,,switzerland,,,,,,24020000000.0,,,industrials,,,862
,,1,,china merchants bank co ltd,,china,,,,,,185980000000.0,,,financials,,,
,,1,,mtr corp ltd,,hong kong,,,,,,33659999999.0,,,industrials,,,864
,,1,,ww grainger inc,,united states,,,,,,27330000000.0,,,industrials,,,865
,,1,,the pnc financial services group inc,,united states,,,,,,77100000000.0,,,financials,,,
,,1,,china international capital corp ltd,,china,,,,,,23130000000.0,,,financials,,,
,,1,,bank of nova scotia,,canada,,,,,,87760000000.0,,,financials,,,
,,1,,weg sa,,brazil,,,,,,32049999999.0,,,industrials,,,
,,1,,the boeing company,,united states,,,,,,110460000000.0,,,industrials,,,
,,1,,saudi arabian oil company,,saudi arabia,,,,,,2297000000000.0,,,energy,,,
,,1,,archer-daniels-midland company,,united states,,,,,,51030000000.0,,,consumer staples,,,872
,,1,,telefonaktiebolaget lm ericsson,,sweden,,,,,,33290000000.0,,,technology,,,
,,1,,marvell technology inc,,united states,,,,,,57620000000.0,,,technology,,,
,,1,,liberty bancshares inc oh,,united states,,,,,,,,,financials,,,
,,1,,citic ltd,,hong kong,,,,,,32330000000.0,,,industrials,,,876
,,1,,dr horton inc,,united states,,,,,,27340000000.0,,,consumer discretionary,,,877
,,1,,china petroleum & chemical corporation,,china,,,,,,78390000000.0,,,energy,,,
,,1,,industria de diseno textil sa,,spain,,,,,,,,,consumer discretionary,,,
,,1,,the southern company,,united states,,,,,,78380000000.0,,,utilities,,,
,,1,,public service enterprise group incorporated,,united states,,,,,,36280000000.0,,,utilities,,,
,,1,,china northern rare earth,,china,,,,,,21210000000.0,,,basic materials,,,
,,1,,the charles schwab corporation,,united states,,,,,,158060000000.0,,,financials,,,
,,1,,huazhu group limited,,china,,,,,,23340000000.0,,,consumer discretionary,,,
,,1,,the coca-cola company,,united states,,,,,,273200000000.0,,,consumer staples,,,
,,1,,shanghai fosun pharmaceutical,,china,,,,,,19630000000.0,,,healthcare,,,
,,1,,the cooper companies inc,,united states,,,,,,21350000000.0,,,healthcare,,,
,,1,,the liberty siriusxm group,,united states,,,,,,18740000000.0,,,communication services,,,
,,1,,power construction corp of china ltd,,china,,,,,,18690000000.0,,,industrials,,,
,,1,,the kraft heinz company,,united states,,,,,,49420000000.0,,,consumer staples,,,
,,1,,the blackstone group inc,,united states,,,,,,87640000000.0,,,financials,,,
,,1,,restaurant brands international limited partnership,,canada,,,,,,,,,consumer discretionary,,,
,,1,,the estee lauder companies inc,,united states,,,,,,100160000000.0,,,consumer staples,,,
,,1,,the kroger co,,united states,,,,,,42030000000.0,,,consumer staples,,,
,,1,,shenzhou international group holdings ltd,,hong kong,,,,,,19500000000.0,,,consumer discretionary,,,
,,1,,oversea-chinese banking corp ltd,,singapore,,,,,,40770000000.0,,,financials,,,
,,1,,clp holdings ltd,,hong kong,,,,,,25290000000.0,,,utilities,,,
,,1,,will semiconductor co ltd,,china,,,,,,27240000000.0,,,technology,,,
223,0.57567596,1,0.57567596,the hong kong and china gas company ltd,,hong kong,,,,,,22540000000.0,,,utilities,,,
,,1,,industrial & commercial bank of china ltd,,china,,,,,,250370000000.0,,,financials,,,
,,1,,mitsui & co ltd,,japan,,,,,,45090000000.0,,,energy,,,
,,1,,the williacompanies inc,,united states,,,,,,41600000000.0,,,energy,,,
,,1,,novatek pjsc,,russia,,,,,,50190000000.0,,,energy,,,
,,1,,steris corp,,united states,,,,,,,,,healthcare,,,
,,1,,scottish mortgage investment trust plc,,united kingdom,,,,,,18780000000.0,,,financials,,,
,,1,,open joint stock company omz,,russia,,,,,,47150000000.0,,,industrials,,,
,,1,,the goldman sachs group inc,,united states,,,,,,112710000000.0,,,financials,,,
,,1,,boc hong kong holdings ltd,,hong kong,,,,,,39990000000.0,,,financials,,,
,,1,,sands china ltd,,,,,,,,18520000000.0,,,,,,
,,1,,china citic bank corp ltd,,china,,,,,,34840000000.0,,,financials,,,
220,0.5924428,1,0.5924428,zhejiang huayou cobalt co ltd,,china,,,,,,19200000000.0,,,basic materials,,,
,,1,,kansas city southern,,united states,,,,,,,,,industrials,,,
,,1,,the tjx companies inc,,united states,,,,,,73990000000.0,,,consumer discretionary,,,
,,1,,mega financial holding co ltd,,taiwan,,,,,,20210000000.0,,,financials,,,
,,1,,the walt disney company,,united states,,,,,,247880000000.0,,,communication services,,,
,,1,,the procter & gamble company,,united states,,,,,,384600000000.0,,,consumer staples,,,
,,1,,huntington bancshares incorporated,,united states,,,,,,21930000000.0,,,financials,,,
,,1,,saudi basic industries corp,,saudi arabia,,,,,,104000000000.0,,,basic materials,,,
,,1,,ihs markit ltd,,united kingdom,,,,,,,,,industrials,,,
,,1,,the progressive corporation,,united states,,,,,,67310000000.0,,,financials,,,
,,1,,the allstate corporation,,united states,,,,,,41540000000.0,,,financials,,,
,,1,,pg&e corporation,,united states,,,,,,26660000000.0,,,utilities,,,
,,1,,seven & i holdings co ltd,,japan,,,,,,42530000000.0,,,consumer staples,,,
,,1,,sea limited,,singapore,,,,,,62660000000.0,,,communication services,,,
,,1,,china resources land ltd,,hong kong,,,,,,33259999999.0,,,real estate,,,
,,1,,the sherwin-williacompany,,united states,,,,,,67540000000.0,,,basic materials,,,
,,1,,the home depot inc,,united states,,,,,,321470000000.0,,,consumer discretionary,,,
,,1,,kerry group plc,,ireland,,,,,,19740000000.0,,,consumer staples,,,
,,1,,bayerische motoren werke ag,,germany,,,,,,56170000000.0,,,consumer discretionary,,,
,,1,,contemporary amperex technology co ltd,,china,,,,,,185670000000.0,,,industrials,,,
,,1,,laboratory corporation of america holdings,,united states,,,,,,25750000000.0,,,healthcare,,,
,,1,,inner mongolia yili industrial group co ltd,,china,,,,,,36610000000.0,,,consumer staples,,,
,,1,,cgn power co ltd,,china,,,,,,19250000000.0,,,utilities,,,
,,1,,eve energy co ltd,,china,,,,,,23820000000.0,,,industrials,,,
,,1,,vulcan international corp,,united states,,,,,,90340000000.0,,,basic materials,,,
,,1,,rosneft oil co pjsc,,russia,,,,,,48500000000.0,,,energy,,,
,,1,,vanjia corp,,united states,,,,,,,,,consumer discretionary,,,
,,1,,pjsc lukoil,,russia,,,,,,44960000000.0,,,energy,,,
,,1,,wal-mart de mexico sab de cv,,mexico,,,,,,71960000000.0,,,consumer staples,,,
,,1,,pt bank central asia tbk,,indonesia,,,,,,71910000000.0,,,financials,,,
,,1,,sberbank of russia pjsc,,russia,,,,,,68690000000.0,,,financials,,,
,,1,,ap moller - maersk a-s,,denmark,,,,,,64400000000.0,,,industrials,,,
,,1,,ergo science corp,,united states,,,,,,,,,industrials,,,
,,1,,xilinx inc,,united states,,,,,,,,,technology,,,
,,1,,agribank fcb,,united states,,,,,,,,,financials,,,
,,1,,hon hai precision industry co ltd,,taiwan,,,,,,50750000000.0,,,technology,,,
,,1,,yihai kerry arawana holdings co ltd,,china,,,,,,42840000000.0,,,consumer staples,,,
,,1,,mmc norilsk nickel pjsc,,russia,,,,,,41160000000.0,,,basic materials,,,
,,1,,ab volvo,,sweden,,,,,,38130000000.0,,,industrials,,,
,,1,,sartorius stedim biotech sa,,france,,,,,,37550000000.0,,,healthcare,,,
218,0.628653,1,0.628653,pt bank rakyat indonesia persero tbk,,indonesia,,,,,,,,,financials,,,
,,1,,beijing-shanghai high-speed railway coltd,,china,,,,,,36900000000.0,,,industrials,,,
,,1,,munchener ruckversicherungs-gesellschaft aktiengesellschaft in munchen,,germany,,,,,,36890000000.0,,,financials,,,
,,1,,shanxi xinghuacun fen wine factory coltd,,china,,,,,,35840000000.0,,,consumer staples,,,
,,1,,assicurazioni generali,,italy,,,,,,35200000000.0,,,financials,,,
,,1,,sydney airport limited,,australia,,,,,,,,,industrials,,,
217,0.6429183,1,0.6429183,kuehne nagel international ag,,switzerland,,,,,,33689999999.0,,,industrials,,,
,,1,,poly developments and holdings group co ltd,,china,,,,,,33640000000.0,,,real estate,,,
,,1,,koninklijke ahold delhaize nv,,netherlands,,,,,,33430000000.0,,,consumer staples,,,
,,1,,perusahaan perseroan persero pt telekomunikasi indonesia tbk,,indonesia,,,,,,31780000000.0,,,communication services,,,
,,1,,crh plc,,ireland,,,,,,31450000000.0,,,basic materials,,,
,,1,,zhangzhou pientzehuang pharmaceutical ltd,,china,,,,,,31170000000.0,,,healthcare,,,
,,1,,twitter inc,,united states,,,,,,30830000000.0,,,communication services,,,
,,1,,tongwei co ltd,,china,,,,,,29100000000.0,,,consumer staples,,,
,,1,,apa group,,australia,,,,,,28550000000.0,,,utilities,,,
,,1,,cerner corporation,,united states,,,,,,28310000000.0,,,healthcare,,,
221,0.58635056,1,0.58635056,semiconductor manufacturing international corp,,china,,,,,,28240000000.0,,,technology,,,
,,1,,koninklijke philips nv,,netherlands,,,,,,27890000000.0,,,healthcare,,,
,,1,,nari technology co ltd,,china,,,,,,27330000000.0,,,industrials,,,
,,1,,gazprom neft pjsc,,russia,,,,,,27140000000.0,,,energy,,,
,,1,,chocoladefabriken lindt & sprungli ag,,switzerland,,,,,,27080000000.0,,,consumer staples,,,
,,1,,shaanxi coal industry company ltd,,china,,,,,,26950000000.0,,,energy,,,
,,1,,lyondellbasell advanced polymers inc,,united states,,,,,,26380000000.0,,,basic materials,,,
,,1,,yanzhou coal mining company ltd,,china,,,,,,25260000000.0,,,energy,,,
,,1,,slack technologies inc,,united states,,,,,,,,,technology,,,
,,1,,public joint stock company polyus,,russia,,,,,,,,,basic materials,,,
,,1,,csc financial co ltd,,china,,,,,,23940000000.0,,,financials,,,
,,1,,baoshan iron & steel co ltd,,china,,,,,,23590000000.0,,,basic materials,,,
,,1,,sungrow power supply co ltd,,china,,,,,,23550000000.0,,,industrials,,,
,,1,,pt bank mandiri persero tbk,,indonesia,,,,,,,,,financials,,,
,,1,,wens foodstuff group co ltd,,china,,,,,,23200000000.0,,,consumer staples,,,
,,1,,hengli petrochemical coltd,,china,,,,,,22860000000.0,,,consumer discretionary,,,
,,1,,heineken holding nv,,netherlands,,,,,,22780000000.0,,,consumer staples,,,
,,1,,picc property and casualty company ltd,,china,,,,,,22620000000.0,,,financials,,,
,,1,,hennes & mauritz ab,,sweden,,,,,,22330000000.0,,,consumer discretionary,,,
,,1,,duke realty corporation,,united states,,,,,,21930000000.0,,,real estate,,,
,,1,,contura energy inc,,united states,,,,,,21570000000.0,,,energy,,,
,,1,,viacomcbs inc,,united states,,,,,,,,,communication services,,,
,,1,,li ning co ltd,,china,,,,,,20750000000.0,,,consumer discretionary,,,
,,1,,sojitz corp,,japan,,,,,,20550000000.0,,,industrials,,,
,,1,,klabin sa,,brazil,,,,,,,,,basic materials,,,
,,1,,aecc aviation power coltd,,china,,,,,,18790000000.0,,,industrials,,,
,,1,,gf securities co ltd,,china,,,,,,18440000000.0,,,financials,,,
,,1,,take-two interactive software inc,,united states,,,,,,18350000000.0,,,communication services,,,
,,1,,haitong securities co ltd,,china,,,,,,18230000000.0,,,financials,,,
